claim_id,customer,customer_plant,claim_country,claim_language,claim_description,production_plant,production_country,part_category,part_name_ko,part_name_en,part_number,production_date,delivery_date,occurrence_date,claim_received_date,claim_confirmed_date,claim_status,defect_type_ko,defect_type_en,severity,claim_quantity,unit_price_usd,claim_amount_usd
CLM-000001,BMW,BMW Leipzig Plant,DE,de,Surface & Plating Defect bei Outside Mirror (SL-MIR-23434) festgestellt. Erkannt bei BMW Leipzig Plant.,SL Alabama,US,Mirror Systems,아웃사이드미러,Outside Mirror,SL-MIR-23434,2022-08-13,2022-08-29,2023-06-28,2023-06-29,,접수,표면·도금불량,Surface & Plating Defect,Minor,5,45.27,183.34
CLM-000002,Hyundai,Beijing Hyundai Motor (BHMC),CN,zh,在Lower Control Arm（SL-CHS-30926）上发现Material Defect。由Beijing Hyundai Motor (BHMC)确认。,호북삼립,CN,Chassis Systems,로어암,Lower Control Arm,SL-CHS-30926,2024-11-10,2024-11-21,2025-05-15,2025-05-18,2025-06-11,확정,소재불량,Material Defect,Minor,2,24.54,48.1
CLM-000003,Kia,기아 광주공장,KR,ko,액추에이터모터(SL-ELE-59615) 부품에서 기타 발생. Kia 기아 광주공장에서 확인됨.,SL Mexico (SLP),MX,Electrification,액추에이터모터,Actuator Motor,SL-ELE-59615,2022-08-20,2022-09-01,2023-06-11,2023-06-25,2023-07-21,기각,기타,Other,Minor,5,41.71,171.01
CLM-000004,Kia,기아 광주공장,KR,ko,주간주행등(SL-LMP-46434) 부품에서 크랙·파손 발생. Kia 기아 광주공장에서 확인됨.,SL Alabama,US,Lamp Systems,주간주행등,Daytime Running Lamp,SL-LMP-46434,2024-08-11,2024-08-25,2025-07-17,2025-07-20,2025-08-05,확정,크랙·파손,Crack & Breakage,Critical,500,67.12,36916.0
CLM-000005,Hyundai,현대자동차 아산공장,KR,ko,와이어링하네스(SL-ELE-99733) 부품에서 치수불량 발생. Hyundai 현대자동차 아산공장에서 확인됨.,SL 안산공장,KR,Electrification,와이어링하네스,Wiring Harness,SL-ELE-99733,2023-09-24,2023-09-28,2024-10-26,2024-10-30,2024-11-22,보상완료,치수불량,Dimensional Out-of-Spec,Minor,8,12.98,130.84
CLM-000006,GM,GM Brazil Gravataí,BR,pt,Dimensional Out-of-Spec detectado em Bonnet Latch (SL-FEM-44718). Identificado na GM Brazil Gravataí.,SL Brazil,BR,Front End Module,본넷래치,Bonnet Latch,SL-FEM-44718,2023-05-19,2023-06-08,2023-10-13,2023-10-22,2023-12-01,확정,치수불량,Dimensional Out-of-Spec,Major,200,18.78,3417.96
CLM-000007,KGM,KGM 평택공장,KR,ko,사이드리피터미러(SL-MIR-30969) 부품에서 배선·전장불량 발생. KGM 평택공장에서 확인됨.,SL 진량공장,KR,Mirror Systems,사이드리피터미러,Side Repeater Mirror,SL-MIR-30969,2024-07-07,2024-07-12,2025-05-14,2025-05-21,2025-06-22,확정,배선·전장불량,Wiring & Electrical Defect,Minor,8,68.55,674.53
CLM-000008,Hyundai,현대자동차 울산공장,KR,ko,로어암(SL-CHS-48469) 부품에서 배선·전장불량 발생. Hyundai 현대자동차 울산공장에서 확인됨.,SL 미러텍(시흥),KR,Chassis Systems,로어암,Lower Control Arm,SL-CHS-48469,2025-03-03,2025-03-20,2025-06-09,2025-06-10,2025-06-29,보상완료,배선·전장불량,Wiring & Electrical Defect,Minor,3,28.75,73.31
CLM-000009,BMW,BMW Munich Plant,DE,de,Surface & Plating Defect bei Sensor Module (SL-ELE-74042) festgestellt. Erkannt bei BMW Munich Plant.,SL Poland,PL,Electrification,센서모듈,Sensor Module,SL-ELE-74042,2022-11-29,2022-12-13,2023-02-09,2023-02-24,2023-03-18,보상완료,표면·도금불량,Surface & Plating Defect,Minor,1,20.84,22.51
CLM-000010,Hyundai,HMGMA (Hyundai Motor Group Metaplant America),US,en,Wiring & Electrical Defect detected on Side Repeater Mirror (SL-MIR-72296). Identified at HMGMA (Hyundai Motor Group Metaplant America).,SL 성서공장,KR,Mirror Systems,사이드리피터미러,Side Repeater Mirror,SL-MIR-72296,2023-07-03,2023-07-22,2023-12-05,2023-12-19,2024-01-04,기각,배선·전장불량,Wiring & Electrical Defect,Minor,5,55.65,278.25
CLM-000011,BMW,BMW Spartanburg Plant,US,en,Material Defect detected on Outside Mirror (SL-MIR-18392). Identified at BMW Spartanburg Plant.,SL Tennessee,US,Mirror Systems,아웃사이드미러,Outside Mirror,SL-MIR-18392,2024-10-23,2024-11-12,2024-11-23,2024-11-27,2024-11-30,확정,소재불량,Material Defect,Major,500,22.94,9520.1
CLM-000012,Hyundai,HMMA (Hyundai Motor Manufacturing Alabama),US,en,Surface & Plating Defect detected on Bonnet Latch (SL-FEM-80678). Identified at HMMA (Hyundai Motor Manufacturing Alabama).,SL Alabama,US,Front End Module,본넷래치,Bonnet Latch,SL-FEM-80678,2022-09-04,2022-09-22,2023-09-28,2023-10-02,2023-10-31,보상완료,표면·도금불량,Surface & Plating Defect,Minor,2,10.62,21.66
CLM-000013,GM,GM Fort Wayne Assembly,US,en,Design Flaw detected on Head Lamp (SL-LMP-62772). Identified at GM Fort Wayne Assembly.,SL 대구공장,KR,Lamp Systems,전조등,Head Lamp,SL-LMP-62772,2024-09-20,2024-09-30,2024-11-25,2024-11-29,2024-12-30,확정,설계결함,Design Flaw,Minor,20,36.93,760.76
CLM-000014,Honda,Honda Marysville Auto Plant,US,en,Assembly Defect detected on Actuator Motor (SL-ELE-22224). Identified at Honda Marysville Auto Plant.,SL Tennessee,US,Electrification,액추에이터모터,Actuator Motor,SL-ELE-22224,2024-01-18,2024-02-03,2024-04-29,2024-05-07,2024-06-04,확정,조립불량,Assembly Defect,Minor,3,27.05,104.68
CLM-000015,Kia,Kia Georgia Plant,US,en,Assembly Defect detected on Inside Mirror (SL-MIR-38534). Identified at Kia Georgia Plant.,SL Tennessee,US,Mirror Systems,룸미러,Inside Mirror,SL-MIR-38534,2022-06-17,2022-07-07,2023-04-30,2023-05-01,2023-05-07,기각,조립불량,Assembly Defect,Major,200,43.84,11047.68
CLM-000016,GM,GM Korea 부평공장,KR,ko,아웃사이드미러(SL-MIR-87992) 부품에서 기타 발생. GM Korea 부평공장에서 확인됨.,SL 안산공장,KR,Mirror Systems,아웃사이드미러,Outside Mirror,SL-MIR-87992,2022-05-29,2022-06-08,2023-05-20,2023-05-27,,조사중,기타,Other,Minor,5,48.95,200.69
CLM-000017,Hyundai,Beijing Hyundai Motor (BHMC),CN,zh,在Side Repeater Mirror（SL-MIR-51180）上发现Functional Failure。由Beijing Hyundai Motor (BHMC)确认。,동풍삼립(우한),CN,Mirror Systems,사이드리피터미러,Side Repeater Mirror,SL-MIR-51180,2023-12-04,2023-12-19,2024-05-03,2024-05-06,2024-05-28,기각,기능불량,Functional Failure,Minor,12,66.45,1012.7
CLM-000018,Hyundai,Beijing Hyundai Motor (BHMC),CN,zh,在Rear Combination Lamp（SL-LMP-37938）上发现Material Defect。由Beijing Hyundai Motor (BHMC)确认。,SL 천안공장,KR,Lamp Systems,리어콤비램프,Rear Combination Lamp,SL-LMP-37938,2025-06-12,2025-06-19,2025-11-02,2025-11-17,,조사중,소재불량,Material Defect,Minor,5,49.02,215.69
CLM-000019,Stellantis,Stellantis Toluca Assembly,MX,es,Se detectó Surface & Plating Defect en Tail Lamp (SL-LMP-44664). Identificado en Stellantis Toluca Assembly.,SL Mexico (SLP),MX,Lamp Systems,후미등,Tail Lamp,SL-LMP-44664,2023-06-11,2023-07-01,2023-08-25,2023-08-28,2023-10-08,확정,표면·도금불량,Surface & Plating Defect,Minor,12,38.23,513.81
CLM-000020,Kia,Kia Georgia Plant,US,en,Functional Failure detected on Horn (SL-FEM-15778). Identified at Kia Georgia Plant.,SL Tennessee,US,Front End Module,혼,Horn,SL-FEM-15778,2022-07-14,2022-07-21,2023-01-08,2023-01-19,2023-02-01,보상완료,기능불량,Functional Failure,Minor,100,27.05,2921.4
CLM-000021,Hyundai,현대자동차 아산공장,KR,ko,와이어링하네스(SL-ELE-66333) 부품에서 이물혼입 발생. Hyundai 현대자동차 아산공장에서 확인됨.,SL 성서공장,KR,Electrification,와이어링하네스,Wiring Harness,SL-ELE-66333,2023-08-16,2023-08-28,2023-09-19,2023-09-25,2023-09-30,보상완료,이물혼입,Foreign Material Contamination,Minor,5,40.69,229.9
CLM-000022,Kia,Kia India (Anantapur),IN,en,Dimensional Out-of-Spec detected on Wiring Harness (SL-ELE-41029). Identified at Kia India (Anantapur).,SL Brazil,BR,Electrification,와이어링하네스,Wiring Harness,SL-ELE-41029,2023-08-14,2023-08-30,2023-11-29,2023-11-30,2023-12-24,확정,치수불량,Dimensional Out-of-Spec,Critical,500,48.88,29572.4
CLM-000023,Kia,기아 화성공장,KR,ko,아웃사이드미러(SL-MIR-70332) 부품에서 표면·도금불량 발생. Kia 기아 화성공장에서 확인됨.,SL 천안공장,KR,Mirror Systems,아웃사이드미러,Outside Mirror,SL-MIR-70332,2024-07-03,2024-07-13,2024-12-17,2024-12-21,,접수,표면·도금불량,Surface & Plating Defect,Minor,20,36.41,895.69
CLM-000024,KGM,KGM 평택공장,KR,ko,센서모듈(SL-ELE-13617) 부품에서 조립불량 발생. KGM 평택공장에서 확인됨.,SL 미러텍(시흥),KR,Electrification,센서모듈,Sensor Module,SL-ELE-13617,2023-04-05,2023-04-13,2023-08-25,2023-09-04,2023-09-23,보상완료,조립불량,Assembly Defect,Minor,2,36.85,71.49
CLM-000025,Stellantis,Stellantis Sterling Heights Assembly,US,en,Surface & Plating Defect detected on Wiring Harness (SL-ELE-43386). Identified at Stellantis Sterling Heights Assembly.,SL Alabama,US,Electrification,와이어링하네스,Wiring Harness,SL-ELE-43386,2022-03-18,2022-04-03,2023-04-01,2023-04-02,2023-05-09,확정,표면·도금불량,Surface & Plating Defect,Minor,12,29.41,448.21
CLM-000026,Subaru,Subaru Gunma Oizumi Plant,JP,ja,Sensor Module（SL-ELE-97410）にSurface & Plating Defectを検出。Subaru Gunma Oizumi Plantにて確認。,동풍삼립(우한),CN,Electrification,센서모듈,Sensor Module,SL-ELE-97410,2024-10-15,2024-10-30,2025-04-16,2025-04-28,2025-05-09,확정,표면·도금불량,Surface & Plating Defect,Minor,20,39.92,790.42
CLM-000027,Ford,Ford Michigan Assembly,US,en,Foreign Material Contamination detected on Actuator Motor (SL-ELE-49829). Identified at Ford Michigan Assembly.,SL Alabama,US,Electrification,액추에이터모터,Actuator Motor,SL-ELE-49829,2024-04-08,2024-04-24,2024-08-10,2024-08-23,2024-10-06,확정,이물혼입,Foreign Material Contamination,Minor,50,29.88,1703.16
CLM-000028,GM,GM Brazil Gravataí,BR,pt,Assembly Defect detectado em Sensor Module (SL-ELE-22240). Identificado na GM Brazil Gravataí.,SL Brazil,BR,Electrification,센서모듈,Sensor Module,SL-ELE-22240,2023-05-05,2023-05-17,2024-04-26,2024-04-30,2024-05-12,보상완료,조립불량,Assembly Defect,Minor,1,21.02,21.86
CLM-000029,Stellantis,Stellantis Toledo Assembly,US,en,Dimensional Out-of-Spec detected on Radiator Support (SL-FEM-41979). Identified at Stellantis Toledo Assembly.,SL Alabama,US,Front End Module,라디에이터서포트,Radiator Support,SL-FEM-41979,2022-11-25,2022-11-28,2023-10-30,2023-11-14,2023-11-23,보상완료,치수불량,Dimensional Out-of-Spec,Minor,5,12.75,81.6
CLM-000030,GM,GM Korea 부평공장,KR,ko,룸미러(SL-MIR-97500) 부품에서 기타 발생. GM Korea 부평공장에서 확인됨.,SL 천안공장,KR,Mirror Systems,룸미러,Inside Mirror,SL-MIR-97500,2025-02-26,2025-03-11,2025-12-23,2025-12-31,,조사중,기타,Other,Major,100,41.34,5167.5
CLM-000031,GM,GM Korea 창원공장,KR,ko,혼(SL-FEM-42406) 부품에서 기능불량 발생. GM Korea 창원공장에서 확인됨.,SL Poland,PL,Front End Module,혼,Horn,SL-FEM-42406,2023-06-05,2023-06-24,2024-07-21,2024-07-29,2024-08-18,기각,기능불량,Functional Failure,Minor,2,27.27,50.18
CLM-000032,Kia,Kia India (Anantapur),IN,en,Assembly Defect detected on Bonnet Latch (SL-FEM-38043). Identified at Kia India (Anantapur).,SL Lumax (India),IN,Front End Module,본넷래치,Bonnet Latch,SL-FEM-38043,2022-09-25,2022-10-11,2023-05-12,2023-05-18,2023-06-16,확정,조립불량,Assembly Defect,Minor,5,30.49,150.93
CLM-000033,Ford,Ford Kentucky Truck Plant,US,en,Wiring & Electrical Defect detected on Bumper Beam (SL-FEM-56105). Identified at Ford Kentucky Truck Plant.,호북삼립,CN,Front End Module,범퍼빔,Bumper Beam,SL-FEM-56105,2023-07-30,2023-08-14,2024-09-03,2024-09-17,2024-10-16,보상완료,배선·전장불량,Wiring & Electrical Defect,Major,100,29.6,3700.0
CLM-000034,GM,GM Spring Hill Assembly,US,en,Other detected on Stabilizer Link (SL-CHS-99016). Identified at GM Spring Hill Assembly.,SL Alabama,US,Chassis Systems,스태빌라이저링크,Stabilizer Link,SL-CHS-99016,2024-03-25,2024-04-02,2025-04-08,2025-04-22,2025-05-03,확정,기타,Other,Minor,100,12.89,1289.0
CLM-000035,GM,GM Korea 부평공장,KR,ko,본넷래치(SL-FEM-16590) 부품에서 치수불량 발생. GM Korea 부평공장에서 확인됨.,SL 대구공장,KR,Front End Module,본넷래치,Bonnet Latch,SL-FEM-16590,2023-11-21,2023-12-04,2024-06-16,2024-06-20,2024-07-14,확정,치수불량,Dimensional Out-of-Spec,Minor,8,28.3,276.21
CLM-000036,Kia,기아 화성공장,KR,ko,사이드리피터미러(SL-MIR-18993) 부품에서 기타 발생. Kia 기아 화성공장에서 확인됨.,SL 안산공장,KR,Mirror Systems,사이드리피터미러,Side Repeater Mirror,SL-MIR-18993,2022-02-27,2022-03-02,2023-03-24,2023-03-28,2023-04-01,확정,기타,Other,Minor,3,31.93,99.62
CLM-000037,Hyundai,현대자동차 아산공장,KR,ko,사이드리피터미러(SL-MIR-89593) 부품에서 조립불량 발생. Hyundai 현대자동차 아산공장에서 확인됨.,SL 안산공장,KR,Mirror Systems,사이드리피터미러,Side Repeater Mirror,SL-MIR-89593,2022-07-12,2022-07-20,2023-08-23,2023-08-28,,조사중,조립불량,Assembly Defect,Minor,8,48.79,487.9
CLM-000038,Kia,기아 광명공장,KR,ko,스태빌라이저링크(SL-CHS-88697) 부품에서 이물혼입 발생. Kia 기아 광명공장에서 확인됨.,SL 진량공장,KR,Chassis Systems,스태빌라이저링크,Stabilizer Link,SL-CHS-88697,2022-11-15,2022-11-19,2023-09-05,2023-09-11,2023-10-26,확정,이물혼입,Foreign Material Contamination,Minor,2,28.7,55.68
CLM-000039,Stellantis,Stellantis Sterling Heights Assembly,US,en,Functional Failure detected on Inside Mirror (SL-MIR-33086). Identified at Stellantis Sterling Heights Assembly.,SL Alabama,US,Mirror Systems,룸미러,Inside Mirror,SL-MIR-33086,2024-12-24,2025-01-04,2025-12-04,2025-12-14,2025-12-31,확정,기능불량,Functional Failure,Minor,50,41.78,2444.13
CLM-000040,Kia,기아 광명공장,KR,ko,너클(SL-CHS-41963) 부품에서 이물혼입 발생. Kia 기아 광명공장에서 확인됨.,SL 안산공장,KR,Chassis Systems,너클,Steering Knuckle,SL-CHS-41963,2024-10-06,2024-10-21,2025-08-09,2025-08-15,,접수,이물혼입,Foreign Material Contamination,Minor,3,28.09,82.58
CLM-000041,Kia,기아 광주공장,KR,ko,액추에이터모터(SL-ELE-77715) 부품에서 표면·도금불량 발생. Kia 기아 광주공장에서 확인됨.,북경삼립,CN,Electrification,액추에이터모터,Actuator Motor,SL-ELE-77715,2023-12-04,2023-12-14,2024-01-27,2024-02-08,2024-03-17,확정,표면·도금불량,Surface & Plating Defect,Minor,50,39.07,2051.18
CLM-000042,Stellantis,Stellantis Toledo Assembly,US,en,Foreign Material Contamination detected on Stabilizer Link (SL-CHS-86225). Identified at Stellantis Toledo Assembly.,SL Tennessee,US,Chassis Systems,스태빌라이저링크,Stabilizer Link,SL-CHS-86225,2024-05-07,2024-05-27,2025-01-25,2025-02-03,2025-03-13,확정,이물혼입,Foreign Material Contamination,Minor,12,35.19,396.94
CLM-000043,Kia,기아 화성공장,KR,ko,리어콤비램프(SL-LMP-34267) 부품에서 기타 발생. Kia 기아 화성공장에서 확인됨.,동풍삼립(우한),CN,Lamp Systems,리어콤비램프,Rear Combination Lamp,SL-LMP-34267,2023-09-21,2023-10-09,2024-01-28,2024-02-02,2024-03-09,기각,기타,Other,Minor,8,88.73,866.0
CLM-000044,Kia,기아 광주공장,KR,ko,와이어링하네스(SL-ELE-45954) 부품에서 기능불량 발생. Kia 기아 광주공장에서 확인됨.,SL 미러텍(시흥),KR,Electrification,와이어링하네스,Wiring Harness,SL-ELE-45954,2023-02-15,2023-03-07,2023-04-04,2023-04-09,2023-04-20,기각,기능불량,Functional Failure,Minor,2,49.27,107.41
CLM-000045,GM,GM Fort Wayne Assembly,US,en,Design Flaw detected on Bumper Beam (SL-FEM-18564). Identified at GM Fort Wayne Assembly.,SL Alabama,US,Front End Module,범퍼빔,Bumper Beam,SL-FEM-18564,2024-07-17,2024-07-22,2025-03-31,2025-04-10,2025-04-16,기각,설계결함,Design Flaw,Minor,3,29.9,113.92
CLM-000046,Hyundai,현대자동차 아산공장,KR,ko,와이어링하네스(SL-ELE-78494) 부품에서 크랙·파손 발생. Hyundai 현대자동차 아산공장에서 확인됨.,SL 성서공장,KR,Electrification,와이어링하네스,Wiring Harness,SL-ELE-78494,2024-06-15,2024-07-02,2025-02-18,2025-02-23,2025-03-25,보상완료,크랙·파손,Crack & Breakage,Major,200,37.95,8349.0
CLM-000047,Ford,Ford Michigan Assembly,US,en,Functional Failure detected on Outside Mirror (SL-MIR-32782). Identified at Ford Michigan Assembly.,SL Tennessee,US,Mirror Systems,아웃사이드미러,Outside Mirror,SL-MIR-32782,2023-03-11,2023-03-14,2023-06-03,2023-06-10,2023-07-21,확정,기능불량,Functional Failure,Minor,8,21.63,162.66
CLM-000048,Kia,Kia Georgia Plant,US,en,Crack & Breakage detected on Wiring Harness (SL-ELE-65723). Identified at Kia Georgia Plant.,SL Alabama,US,Electrification,와이어링하네스,Wiring Harness,SL-ELE-65723,2022-11-08,2022-11-18,2023-08-24,2023-09-04,,조사중,크랙·파손,Crack & Breakage,Minor,3,13.21,34.87
CLM-000049,Kia,Kia India (Anantapur),IN,en,Other detected on Daytime Running Lamp (SL-LMP-49857). Identified at Kia India (Anantapur).,SL Mexico (SLP),MX,Lamp Systems,주간주행등,Daytime Running Lamp,SL-LMP-49857,2024-10-27,2024-11-15,2025-04-04,2025-04-13,2025-04-21,확정,기타,Other,Minor,1,82.81,96.89
CLM-000050,BMW,BMW Leipzig Plant,DE,de,Dimensional Out-of-Spec bei Actuator Motor (SL-ELE-32962) festgestellt. Erkannt bei BMW Leipzig Plant.,SL Poland,PL,Electrification,액추에이터모터,Actuator Motor,SL-ELE-32962,2024-11-11,2024-11-28,2025-08-21,2025-09-05,2025-10-15,확정,치수불량,Dimensional Out-of-Spec,Critical,500,46.64,29849.6
CLM-000051,GM,GM Fort Wayne Assembly,US,en,Functional Failure detected on Steering Knuckle (SL-CHS-74942). Identified at GM Fort Wayne Assembly.,SL Tennessee,US,Chassis Systems,너클,Steering Knuckle,SL-CHS-74942,2023-08-24,2023-09-08,2024-08-13,2024-08-27,2024-09-01,보상완료,기능불량,Functional Failure,Minor,2,22.38,42.97
CLM-000052,KGM,KGM 평택공장,KR,ko,파워윈도우스위치(SL-ELE-64165) 부품에서 기능불량 발생. KGM 평택공장에서 확인됨.,SL 진량공장,KR,Electrification,파워윈도우스위치,Power Window Switch,SL-ELE-64165,2022-12-27,2023-01-15,2023-04-22,2023-04-28,2023-06-01,기각,기능불량,Functional Failure,Minor,1,19.16,20.5
CLM-000053,Subaru,Subaru Gunma Oizumi Plant,JP,ja,Head Lamp（SL-LMP-92578）にDimensional Out-of-Specを検出。Subaru Gunma Oizumi Plantにて確認。,SL Poland,PL,Lamp Systems,전조등,Head Lamp,SL-LMP-92578,2023-04-29,2023-05-07,2024-05-05,2024-05-10,2024-06-17,확정,치수불량,Dimensional Out-of-Spec,Minor,2,39.61,96.65
CLM-000054,Hyundai,현대자동차 울산공장,KR,ko,스태빌라이저링크(SL-CHS-45838) 부품에서 치수불량 발생. Hyundai 현대자동차 울산공장에서 확인됨.,SL 천안공장,KR,Chassis Systems,스태빌라이저링크,Stabilizer Link,SL-CHS-45838,2024-08-07,2024-08-25,2025-04-30,2025-05-04,2025-05-16,확정,치수불량,Dimensional Out-of-Spec,Minor,5,42.42,222.71
CLM-000055,Honda,Honda Marysville Auto Plant,US,en,Functional Failure detected on Sensor Module (SL-ELE-10336). Identified at Honda Marysville Auto Plant.,SL Alabama,US,Electrification,센서모듈,Sensor Module,SL-ELE-10336,2023-07-15,2023-07-27,2024-08-02,2024-08-16,2024-09-30,확정,기능불량,Functional Failure,Minor,3,30.09,93.88
CLM-000056,Kia,Kia India (Anantapur),IN,en,Dimensional Out-of-Spec detected on Side Repeater Mirror (SL-MIR-60196). Identified at Kia India (Anantapur).,SL Lumax (India),IN,Mirror Systems,사이드리피터미러,Side Repeater Mirror,SL-MIR-60196,2023-03-06,2023-03-22,2024-04-23,2024-04-24,2024-05-27,확정,치수불량,Dimensional Out-of-Spec,Minor,20,69.42,1666.08
CLM-000057,BMW,BMW Munich Plant,DE,de,Dimensional Out-of-Spec bei Sensor Module (SL-ELE-23154) festgestellt. Erkannt bei BMW Munich Plant.,SL Poland,PL,Electrification,센서모듈,Sensor Module,SL-ELE-23154,2025-04-10,2025-04-29,2025-06-20,2025-07-05,2025-07-17,확정,치수불량,Dimensional Out-of-Spec,Critical,500,53.65,22533.0
CLM-000058,Stellantis,Stellantis Sterling Heights Assembly,US,en,Material Defect detected on Stabilizer Link (SL-CHS-79942). Identified at Stellantis Sterling Heights Assembly.,SL Tennessee,US,Chassis Systems,스태빌라이저링크,Stabilizer Link,SL-CHS-79942,2024-08-20,2024-09-07,2025-02-17,2025-03-03,2025-04-14,확정,소재불량,Material Defect,Minor,5,32.83,206.83
CLM-000059,KGM,KGM 평택공장,KR,ko,주간주행등(SL-LMP-31805) 부품에서 이물혼입 발생. KGM 평택공장에서 확인됨.,SL 미러텍(시흥),KR,Lamp Systems,주간주행등,Daytime Running Lamp,SL-LMP-31805,2024-08-17,2024-08-21,2024-09-05,2024-09-11,2024-10-02,보상완료,이물혼입,Foreign Material Contamination,Minor,12,52.99,585.01
CLM-000060,Kia,기아 광명공장,KR,ko,본넷래치(SL-FEM-75230) 부품에서 조립불량 발생. Kia 기아 광명공장에서 확인됨.,SL 성서공장,KR,Front End Module,본넷래치,Bonnet Latch,SL-FEM-75230,2023-06-07,2023-06-24,2023-10-21,2023-11-01,2023-11-20,확정,조립불량,Assembly Defect,Minor,50,32.33,1842.81
CLM-000061,Hyundai,HMGMA (Hyundai Motor Group Metaplant America),US,en,Dimensional Out-of-Spec detected on Horn (SL-FEM-69878). Identified at HMGMA (Hyundai Motor Group Metaplant America).,SL 옌타이,CN,Front End Module,혼,Horn,SL-FEM-69878,2024-05-16,2024-05-31,2024-09-10,2024-09-24,2024-10-12,확정,치수불량,Dimensional Out-of-Spec,Major,200,17.69,3361.1
CLM-000062,Ford,Ford Kentucky Truck Plant,US,en,Surface & Plating Defect detected on Lower Control Arm (SL-CHS-84177). Identified at Ford Kentucky Truck Plant.,호북삼립,CN,Chassis Systems,로어암,Lower Control Arm,SL-CHS-84177,2022-05-17,2022-06-04,2023-04-11,2023-04-25,2023-05-16,보상완료,표면·도금불량,Surface & Plating Defect,Major,200,38.46,6999.72
CLM-000063,Hyundai,HMMA (Hyundai Motor Manufacturing Alabama),US,en,Crack & Breakage detected on Fog Lamp (SL-LMP-67779). Identified at HMMA (Hyundai Motor Manufacturing Alabama).,SL Tennessee,US,Lamp Systems,안개등,Fog Lamp,SL-LMP-67779,2022-05-03,2022-05-17,2023-03-10,2023-03-22,,조사중,크랙·파손,Crack & Breakage,Minor,12,73.59,785.94
CLM-000064,Hyundai,Beijing Hyundai Motor (BHMC),CN,zh,在Sensor Module（SL-ELE-31567）上发现Functional Failure。由Beijing Hyundai Motor (BHMC)确认。,상해삼립,CN,Electrification,센서모듈,Sensor Module,SL-ELE-31567,2023-09-25,2023-10-07,2024-06-10,2024-06-22,2024-07-02,보상완료,기능불량,Functional Failure,Minor,2,16.33,41.8
CLM-000065,Honda,Honda Suzuka Factory,JP,ja,Daytime Running Lamp（SL-LMP-11824）にOtherを検出。Honda Suzuka Factoryにて確認。,상해삼립,CN,Lamp Systems,주간주행등,Daytime Running Lamp,SL-LMP-11824,2023-09-18,2023-09-24,2024-06-25,2024-07-03,2024-07-22,확정,기타,Other,Minor,20,78.46,1992.88
CLM-000066,Hyundai,현대자동차 아산공장,KR,ko,사이드리피터미러(SL-MIR-18285) 부품에서 조립불량 발생. Hyundai 현대자동차 아산공장에서 확인됨.,SL 성서공장,KR,Mirror Systems,사이드리피터미러,Side Repeater Mirror,SL-MIR-18285,2024-08-02,2024-08-14,2025-08-08,2025-08-19,2025-08-30,확정,조립불량,Assembly Defect,Minor,1,35.22,36.98
CLM-000067,Hyundai,Beijing Hyundai Motor (BHMC),CN,zh,在Power Window Switch（SL-ELE-86983）上发现Crack & Breakage。由Beijing Hyundai Motor (BHMC)确认。,동풍삼립(우한),CN,Electrification,파워윈도우스위치,Power Window Switch,SL-ELE-86983,2023-04-08,2023-04-14,2023-11-13,2023-11-27,2023-12-26,확정,크랙·파손,Crack & Breakage,Minor,1,41.06,37.36
CLM-000068,GM,GM Korea 창원공장,KR,ko,스태빌라이저링크(SL-CHS-94518) 부품에서 기능불량 발생. GM Korea 창원공장에서 확인됨.,SL 천안공장,KR,Chassis Systems,스태빌라이저링크,Stabilizer Link,SL-CHS-94518,2024-11-18,2024-12-03,2025-01-04,2025-01-09,2025-01-19,확정,기능불량,Functional Failure,Minor,2,33.87,75.87
CLM-000069,BMW,BMW Leipzig Plant,DE,de,Foreign Material Contamination bei Side Repeater Mirror (SL-MIR-36896) festgestellt. Erkannt bei BMW Leipzig Plant.,SL 대구공장,KR,Mirror Systems,사이드리피터미러,Side Repeater Mirror,SL-MIR-36896,2022-04-04,2022-04-24,2023-05-21,2023-05-25,2023-06-11,확정,이물혼입,Foreign Material Contamination,Minor,3,59.43,196.12
CLM-000070,Kia,기아 광명공장,KR,ko,아웃사이드미러(SL-MIR-96646) 부품에서 기타 발생. Kia 기아 광명공장에서 확인됨.,북경삼립,CN,Mirror Systems,아웃사이드미러,Outside Mirror,SL-MIR-96646,2022-12-13,2022-12-16,2023-02-22,2023-02-28,2023-03-18,보상완료,기타,Other,Minor,12,20.79,232.02
CLM-000071,Hyundai,HMGMA (Hyundai Motor Group Metaplant America),US,en,Wiring & Electrical Defect detected on Horn (SL-FEM-77271). Identified at HMGMA (Hyundai Motor Group Metaplant America).,SL Alabama,US,Front End Module,혼,Horn,SL-FEM-77271,2022-12-04,2022-12-23,2023-08-12,2023-08-16,2023-08-21,보상완료,배선·전장불량,Wiring & Electrical Defect,Minor,8,20.37,208.59
CLM-000072,Hyundai,HMGMA (Hyundai Motor Group Metaplant America),US,en,Design Flaw detected on Daytime Running Lamp (SL-LMP-68138). Identified at HMGMA (Hyundai Motor Group Metaplant America).,SL Brazil,BR,Lamp Systems,주간주행등,Daytime Running Lamp,SL-LMP-68138,2023-04-06,2023-04-19,2023-05-31,2023-06-10,,조사중,설계결함,Design Flaw,Minor,8,65.58,571.86
CLM-000073,Ford,Changan Ford Chongqing,CN,zh,在Steering Knuckle（SL-CHS-76263）上发现Surface & Plating Defect。由Changan Ford Chongqing确认。,SL Lumax (India),IN,Chassis Systems,너클,Steering Knuckle,SL-CHS-76263,2025-04-04,2025-04-10,2025-05-31,2025-06-14,2025-07-22,기각,표면·도금불량,Surface & Plating Defect,Minor,20,26.9,489.58
CLM-000074,Kia,Kia Georgia Plant,US,en,Material Defect detected on Horn (SL-FEM-97177). Identified at Kia Georgia Plant.,SL Alabama,US,Front End Module,혼,Horn,SL-FEM-97177,2023-11-20,2023-11-27,2024-06-06,2024-06-17,2024-06-24,보상완료,소재불량,Material Defect,Minor,2,10.52,17.88
CLM-000075,Ford,Ford Michigan Assembly,US,en,Material Defect detected on Horn (SL-FEM-97207). Identified at Ford Michigan Assembly.,SL Tennessee,US,Front End Module,혼,Horn,SL-FEM-97207,2024-05-07,2024-05-11,2025-05-16,2025-05-21,2025-06-15,기각,소재불량,Material Defect,Major,200,21.7,3819.2
CLM-000076,GM,GM Korea 부평공장,KR,ko,스태빌라이저링크(SL-CHS-39643) 부품에서 크랙·파손 발생. GM Korea 부평공장에서 확인됨.,SL 진량공장,KR,Chassis Systems,스태빌라이저링크,Stabilizer Link,SL-CHS-39643,2024-07-24,2024-08-13,2025-05-28,2025-05-29,2025-07-13,기각,크랙·파손,Crack & Breakage,Minor,1,17.95,20.64
CLM-000077,Kia,기아 광주공장,KR,ko,파워윈도우스위치(SL-ELE-19120) 부품에서 치수불량 발생. Kia 기아 광주공장에서 확인됨.,SL 대구공장,KR,Electrification,파워윈도우스위치,Power Window Switch,SL-ELE-19120,2022-09-30,2022-10-03,2023-10-18,2023-10-20,2023-11-05,기각,치수불량,Dimensional Out-of-Spec,Minor,20,30.41,535.22
CLM-000078,Kia,기아 광주공장,KR,ko,후미등(SL-LMP-30632) 부품에서 기능불량 발생. Kia 기아 광주공장에서 확인됨.,SL 안산공장,KR,Lamp Systems,후미등,Tail Lamp,SL-LMP-30632,2022-04-26,2022-05-01,2023-04-12,2023-04-17,2023-05-17,확정,기능불량,Functional Failure,Major,200,53.73,10101.24
CLM-000079,Ford,Ford Kentucky Truck Plant,US,en,Assembly Defect detected on Power Window Switch (SL-ELE-79066). Identified at Ford Kentucky Truck Plant.,SL Alabama,US,Electrification,파워윈도우스위치,Power Window Switch,SL-ELE-79066,2024-08-20,2024-08-30,2024-09-23,2024-09-30,2024-10-06,보상완료,조립불량,Assembly Defect,Minor,5,23.56,107.2
CLM-000080,Hyundai,HMMA (Hyundai Motor Manufacturing Alabama),US,en,Foreign Material Contamination detected on Radiator Support (SL-FEM-33028). Identified at HMMA (Hyundai Motor Manufacturing Alabama).,SL Tennessee,US,Front End Module,라디에이터서포트,Radiator Support,SL-FEM-33028,2023-02-19,2023-03-11,2023-09-22,2023-10-04,2023-11-11,확정,이물혼입,Foreign Material Contamination,Minor,2,18.72,43.8
CLM-000081,GM,GM Fort Wayne Assembly,US,en,Assembly Defect detected on Power Window Switch (SL-ELE-85156). Identified at GM Fort Wayne Assembly.,동풍삼립(우한),CN,Electrification,파워윈도우스위치,Power Window Switch,SL-ELE-85156,2024-03-24,2024-04-09,2025-04-08,2025-04-13,,조사중,조립불량,Assembly Defect,Minor,12,17.73,270.21
CLM-000082,GM,GM Brazil Gravataí,BR,pt,Crack & Breakage detectado em Bumper Beam (SL-FEM-41891). Identificado na GM Brazil Gravataí.,SL 안산공장,KR,Front End Module,범퍼빔,Bumper Beam,SL-FEM-41891,2024-07-29,2024-08-13,2025-06-11,2025-06-20,,조사중,크랙·파손,Crack & Breakage,Minor,12,13.98,199.63
CLM-000083,Hyundai,현대자동차 울산공장,KR,ko,스태빌라이저링크(SL-CHS-94599) 부품에서 기타 발생. Hyundai 현대자동차 울산공장에서 확인됨.,SL 안산공장,KR,Chassis Systems,스태빌라이저링크,Stabilizer Link,SL-CHS-94599,2023-06-25,2023-07-01,2023-10-30,2023-11-02,2023-11-16,확정,기타,Other,Minor,3,37.09,125.74
CLM-000084,Hyundai,HMGMA (Hyundai Motor Group Metaplant America),US,en,Other detected on Lower Control Arm (SL-CHS-67640). Identified at HMGMA (Hyundai Motor Group Metaplant America).,SL Alabama,US,Chassis Systems,로어암,Lower Control Arm,SL-CHS-67640,2022-09-04,2022-09-21,2023-05-20,2023-05-31,2023-06-20,확정,기타,Other,Minor,1,23.61,19.83
CLM-000085,GM,GM Korea 부평공장,KR,ko,리어콤비램프(SL-LMP-87867) 부품에서 기능불량 발생. GM Korea 부평공장에서 확인됨.,SL 진량공장,KR,Lamp Systems,리어콤비램프,Rear Combination Lamp,SL-LMP-87867,2025-04-04,2025-04-21,2025-11-04,2025-11-14,2025-11-19,확정,기능불량,Functional Failure,Major,200,67.37,12935.04
CLM-000086,GM,GM Korea 창원공장,KR,ko,안개등(SL-LMP-21053) 부품에서 기능불량 발생. GM Korea 창원공장에서 확인됨.,SL Mexico (SLP),MX,Lamp Systems,안개등,Fog Lamp,SL-LMP-21053,2024-11-25,2024-12-03,2025-10-30,2025-10-31,2025-12-01,확정,기능불량,Functional Failure,Major,100,58.98,5190.24
CLM-000087,Kia,기아 광주공장,KR,ko,액추에이터모터(SL-ELE-92691) 부품에서 크랙·파손 발생. Kia 기아 광주공장에서 확인됨.,SL 미러텍(시흥),KR,Electrification,액추에이터모터,Actuator Motor,SL-ELE-92691,2024-09-30,2024-10-13,2024-11-16,2024-11-18,2024-12-15,확정,크랙·파손,Crack & Breakage,Minor,8,42.57,384.83
CLM-000088,Honda,Honda Marysville Auto Plant,US,en,Foreign Material Contamination detected on Stabilizer Link (SL-CHS-96787). Identified at Honda Marysville Auto Plant.,SL Alabama,US,Chassis Systems,스태빌라이저링크,Stabilizer Link,SL-CHS-96787,2024-12-31,2025-01-05,2025-03-13,2025-03-18,2025-05-01,확정,이물혼입,Foreign Material Contamination,Minor,3,34.11,123.82
CLM-000089,Ford,Ford Kentucky Truck Plant,US,en,Design Flaw detected on Fog Lamp (SL-LMP-50483). Identified at Ford Kentucky Truck Plant.,SL Alabama,US,Lamp Systems,안개등,Fog Lamp,SL-LMP-50483,2023-09-04,2023-09-17,2024-01-05,2024-01-18,2024-02-04,확정,설계결함,Design Flaw,Minor,3,30.02,109.87
CLM-000090,Hyundai,Beijing Hyundai Motor (BHMC),CN,zh,在Fog Lamp（SL-LMP-91006）上发现Design Flaw。由Beijing Hyundai Motor (BHMC)确认。,SL Lumax (India),IN,Lamp Systems,안개등,Fog Lamp,SL-LMP-91006,2022-11-09,2022-11-24,2023-09-26,2023-09-29,2023-11-10,확정,설계결함,Design Flaw,Minor,50,27.84,1364.16
CLM-000091,Ford,Changan Ford Chongqing,CN,zh,在Wiring Harness（SL-ELE-50562）上发现Functional Failure。由Changan Ford Chongqing确认。,SL 옌타이,CN,Electrification,와이어링하네스,Wiring Harness,SL-ELE-50562,2025-04-26,2025-05-10,2025-08-18,2025-08-29,2025-09-29,보상완료,기능불량,Functional Failure,Minor,8,45.02,378.17
CLM-000092,Kia,기아 광명공장,KR,ko,로어암(SL-CHS-94040) 부품에서 배선·전장불량 발생. Kia 기아 광명공장에서 확인됨.,SL 성서공장,KR,Chassis Systems,로어암,Lower Control Arm,SL-CHS-94040,2025-02-12,2025-03-04,2025-09-11,2025-09-26,,조사중,배선·전장불량,Wiring & Electrical Defect,Minor,2,21.41,50.53
CLM-000093,Kia,Kia India (Anantapur),IN,en,Dimensional Out-of-Spec detected on Inside Mirror (SL-MIR-55820). Identified at Kia India (Anantapur).,SL Lumax (India),IN,Mirror Systems,룸미러,Inside Mirror,SL-MIR-55820,2022-07-22,2022-07-26,2023-02-24,2023-03-03,2023-03-21,확정,치수불량,Dimensional Out-of-Spec,Minor,2,38.75,62.78
CLM-000094,Subaru,Subaru Gunma Oizumi Plant,JP,ja,Fog Lamp（SL-LMP-71925）にAssembly Defectを検出。Subaru Gunma Oizumi Plantにて確認。,SL 성서공장,KR,Lamp Systems,안개등,Fog Lamp,SL-LMP-71925,2022-08-31,2022-09-18,2023-10-12,2023-10-20,2023-10-28,기각,조립불량,Assembly Defect,Minor,8,39.02,271.58
CLM-000095,Subaru,Subaru Gunma Oizumi Plant,JP,ja,Lower Control Arm（SL-CHS-16258）にFunctional Failureを検出。Subaru Gunma Oizumi Plantにて確認。,SL 대구공장,KR,Chassis Systems,로어암,Lower Control Arm,SL-CHS-16258,2023-09-14,2023-10-01,2024-05-03,2024-05-05,,조사중,기능불량,Functional Failure,Major,200,29.69,6650.56
CLM-000096,GM,GM Brazil Gravataí,BR,pt,Wiring & Electrical Defect detectado em Sensor Module (SL-ELE-41531). Identificado na GM Brazil Gravataí.,SL Brazil,BR,Electrification,센서모듈,Sensor Module,SL-ELE-41531,2025-01-22,2025-01-27,2025-05-03,2025-05-12,2025-05-19,보상완료,배선·전장불량,Wiring & Electrical Defect,Major,100,32.83,4235.07
CLM-000097,GM,GM Fort Wayne Assembly,US,en,Material Defect detected on Horn (SL-FEM-43246). Identified at GM Fort Wayne Assembly.,SL 대구공장,KR,Front End Module,혼,Horn,SL-FEM-43246,2022-07-30,2022-08-04,2023-02-03,2023-02-09,2023-03-26,확정,소재불량,Material Defect,Major,200,27.85,5402.9
CLM-000098,Hyundai,Beijing Hyundai Motor (BHMC),CN,zh,在Bonnet Latch（SL-FEM-27675）上发现Surface & Plating Defect。由Beijing Hyundai Motor (BHMC)确认。,상해삼립,CN,Front End Module,본넷래치,Bonnet Latch,SL-FEM-27675,2022-04-21,2022-05-08,2023-05-10,2023-05-11,2023-05-16,확정,표면·도금불량,Surface & Plating Defect,Minor,1,16.52,15.86
CLM-000099,Kia,Kia India (Anantapur),IN,en,Functional Failure detected on Steering Knuckle (SL-CHS-16265). Identified at Kia India (Anantapur).,SL Lumax (India),IN,Chassis Systems,너클,Steering Knuckle,SL-CHS-16265,2024-06-17,2024-06-23,2024-11-10,2024-11-23,2024-12-21,확정,기능불량,Functional Failure,Minor,20,23.19,412.78
CLM-000100,Ford,Ford-Werke Cologne,DE,de,Material Defect bei Lower Control Arm (SL-CHS-65640) festgestellt. Erkannt bei Ford-Werke Cologne.,SL Lumax (India),IN,Chassis Systems,로어암,Lower Control Arm,SL-CHS-65640,2022-10-25,2022-11-02,2023-06-11,2023-06-20,2023-06-29,확정,소재불량,Material Defect,Minor,12,33.81,385.43
CLM-000101,BMW,BMW Brilliance Shenyang,CN,zh,在Bumper Beam（SL-FEM-56210）上发现Foreign Material Contamination。由BMW Brilliance Shenyang确认。,동풍삼립(우한),CN,Front End Module,범퍼빔,Bumper Beam,SL-FEM-56210,2025-01-15,2025-01-19,2025-06-09,2025-06-11,2025-07-09,기각,이물혼입,Foreign Material Contamination,Major,100,29.63,3377.82
CLM-000102,Subaru,Subaru of Indiana Automotive,US,en,Assembly Defect detected on Tail Lamp (SL-LMP-18812). Identified at Subaru of Indiana Automotive.,SL Mexico (SLP),MX,Lamp Systems,후미등,Tail Lamp,SL-LMP-18812,2023-03-12,2023-03-26,2024-04-28,2024-05-04,2024-06-12,확정,조립불량,Assembly Defect,Major,200,34.97,7133.88
CLM-000103,Kia,Kia Georgia Plant,US,en,Design Flaw detected on Sensor Module (SL-ELE-62171). Identified at Kia Georgia Plant.,SL 성서공장,KR,Electrification,센서모듈,Sensor Module,SL-ELE-62171,2023-10-27,2023-11-07,2024-10-05,2024-10-09,2024-10-13,보상완료,설계결함,Design Flaw,Minor,50,33.3,2097.9
CLM-000104,Hyundai,HMMA (Hyundai Motor Manufacturing Alabama),US,en,Design Flaw detected on Sensor Module (SL-ELE-74382). Identified at HMMA (Hyundai Motor Manufacturing Alabama).,SL Tennessee,US,Electrification,센서모듈,Sensor Module,SL-ELE-74382,2023-12-06,2023-12-13,2024-02-14,2024-02-28,,조사중,설계결함,Design Flaw,Major,50,54.88,3320.24
CLM-000105,KGM,KGM 평택공장,KR,ko,센서모듈(SL-ELE-49315) 부품에서 소재불량 발생. KGM 평택공장에서 확인됨.,SL 성서공장,KR,Electrification,센서모듈,Sensor Module,SL-ELE-49315,2022-11-11,2022-11-19,2023-11-19,2023-12-02,2023-12-19,확정,소재불량,Material Defect,Minor,5,45.64,209.94
CLM-000106,GM,GM Spring Hill Assembly,US,en,Wiring & Electrical Defect detected on Wiring Harness (SL-ELE-90209). Identified at GM Spring Hill Assembly.,SL Alabama,US,Electrification,와이어링하네스,Wiring Harness,SL-ELE-90209,2023-05-11,2023-05-23,2023-06-26,2023-07-03,2023-08-05,보상완료,배선·전장불량,Wiring & Electrical Defect,Minor,20,44.61,1079.56
CLM-000107,Hyundai,HMMA (Hyundai Motor Manufacturing Alabama),US,en,Material Defect detected on Sensor Module (SL-ELE-26821). Identified at HMMA (Hyundai Motor Manufacturing Alabama).,SL Alabama,US,Electrification,센서모듈,Sensor Module,SL-ELE-26821,2022-12-03,2022-12-10,2024-01-08,2024-01-15,2024-01-21,확정,소재불량,Material Defect,Minor,100,16.89,1486.32
CLM-000108,Kia,기아 광명공장,KR,ko,로어암(SL-CHS-93238) 부품에서 설계결함 발생. Kia 기아 광명공장에서 확인됨.,SL 진량공장,KR,Chassis Systems,로어암,Lower Control Arm,SL-CHS-93238,2024-04-30,2024-05-12,2024-07-16,2024-07-26,2024-08-30,확정,설계결함,Design Flaw,Major,200,43.07,7580.32
CLM-000109,BMW,BMW Spartanburg Plant,US,en,Assembly Defect detected on Head Lamp (SL-LMP-15958). Identified at BMW Spartanburg Plant.,SL 대구공장,KR,Lamp Systems,전조등,Head Lamp,SL-LMP-15958,2023-07-19,2023-07-28,2024-06-26,2024-07-09,2024-08-20,확정,조립불량,Assembly Defect,Major,50,82.78,4428.73
CLM-000110,BMW,BMW Spartanburg Plant,US,en,Other detected on Bumper Beam (SL-FEM-17852). Identified at BMW Spartanburg Plant.,SL Alabama,US,Front End Module,범퍼빔,Bumper Beam,SL-FEM-17852,2023-03-23,2023-04-08,2023-11-20,2023-11-28,2023-12-22,확정,기타,Other,Minor,3,16.44,57.21
CLM-000111,Ford,Ford-Werke Cologne,DE,de,Functional Failure bei Stabilizer Link (SL-CHS-83616) festgestellt. Erkannt bei Ford-Werke Cologne.,SL 성서공장,KR,Chassis Systems,스태빌라이저링크,Stabilizer Link,SL-CHS-83616,2023-02-13,2023-02-23,2023-08-06,2023-08-14,,조사중,기능불량,Functional Failure,Minor,5,16.65,69.1
CLM-000112,Subaru,Subaru Gunma Oizumi Plant,JP,ja,Sensor Module（SL-ELE-34881）にFunctional Failureを検出。Subaru Gunma Oizumi Plantにて確認。,동풍삼립(우한),CN,Electrification,센서모듈,Sensor Module,SL-ELE-34881,2023-02-21,2023-03-12,2023-11-23,2023-12-01,2023-12-23,확정,기능불량,Functional Failure,Minor,1,14.05,14.05
CLM-000113,GM,GM Korea 창원공장,KR,ko,안개등(SL-LMP-74866) 부품에서 설계결함 발생. GM Korea 창원공장에서 확인됨.,SL 진량공장,KR,Lamp Systems,안개등,Fog Lamp,SL-LMP-74866,2025-03-07,2025-03-27,2025-08-21,2025-08-22,2025-09-21,보상완료,설계결함,Design Flaw,Minor,8,72.29,682.42
CLM-000114,Kia,Kia Georgia Plant,US,en,Other detected on Sensor Module (SL-ELE-19637). Identified at Kia Georgia Plant.,SL Alabama,US,Electrification,센서모듈,Sensor Module,SL-ELE-19637,2024-05-30,2024-06-16,2025-03-02,2025-03-15,2025-04-26,확정,기타,Other,Minor,2,15.79,26.84
CLM-000115,Kia,기아 광주공장,KR,ko,사이드리피터미러(SL-MIR-76731) 부품에서 이물혼입 발생. Kia 기아 광주공장에서 확인됨.,SL 대구공장,KR,Mirror Systems,사이드리피터미러,Side Repeater Mirror,SL-MIR-76731,2024-07-15,2024-07-19,2025-04-02,2025-04-03,,조사중,이물혼입,Foreign Material Contamination,Minor,50,45.97,1999.69
CLM-000116,Honda,Honda Marysville Auto Plant,US,en,Crack & Breakage detected on Horn (SL-FEM-87820). Identified at Honda Marysville Auto Plant.,SL Tennessee,US,Front End Module,혼,Horn,SL-FEM-87820,2024-02-14,2024-03-04,2024-11-19,2024-11-28,2025-01-06,확정,크랙·파손,Crack & Breakage,Minor,50,30.03,1471.47
CLM-000117,BMW,BMW Brilliance Shenyang,CN,zh,在Horn（SL-FEM-95929）上发现Other。由BMW Brilliance Shenyang确认。,호북삼립,CN,Front End Module,혼,Horn,SL-FEM-95929,2023-04-03,2023-04-07,2024-04-11,2024-04-21,2024-05-27,확정,기타,Other,Minor,20,11.99,273.37
CLM-000118,Hyundai,현대자동차 울산공장,KR,ko,본넷래치(SL-FEM-64127) 부품에서 조립불량 발생. Hyundai 현대자동차 울산공장에서 확인됨.,SL 안산공장,KR,Front End Module,본넷래치,Bonnet Latch,SL-FEM-64127,2023-07-07,2023-07-26,2024-02-22,2024-03-06,2024-04-08,기각,조립불량,Assembly Defect,Minor,3,22.0,71.28
CLM-000119,KGM,KGM 평택공장,KR,ko,혼(SL-FEM-81601) 부품에서 크랙·파손 발생. KGM 평택공장에서 확인됨.,SL 대구공장,KR,Front End Module,혼,Horn,SL-FEM-81601,2024-01-03,2024-01-14,2024-12-26,2025-01-05,2025-01-23,확정,크랙·파손,Crack & Breakage,Minor,100,16.06,2039.62
CLM-000120,KGM,KGM 평택공장,KR,ko,너클(SL-CHS-55718) 부품에서 치수불량 발생. KGM 평택공장에서 확인됨.,SL Poland,PL,Chassis Systems,너클,Steering Knuckle,SL-CHS-55718,2024-02-11,2024-02-17,2024-07-14,2024-07-24,2024-08-20,기각,치수불량,Dimensional Out-of-Spec,Minor,12,43.5,626.4
CLM-000121,Kia,기아 광주공장,KR,ko,너클(SL-CHS-95979) 부품에서 크랙·파손 발생. Kia 기아 광주공장에서 확인됨.,SL 안산공장,KR,Chassis Systems,너클,Steering Knuckle,SL-CHS-95979,2023-05-05,2023-05-23,2024-06-09,2024-06-13,2024-07-20,확정,크랙·파손,Crack & Breakage,Major,100,34.97,3042.39
CLM-000122,BMW,BMW Munich Plant,DE,de,Assembly Defect bei Head Lamp (SL-LMP-64172) festgestellt. Erkannt bei BMW Munich Plant.,SL Poland,PL,Lamp Systems,전조등,Head Lamp,SL-LMP-64172,2023-10-18,2023-11-05,2024-11-07,2024-11-09,2024-11-20,기각,조립불량,Assembly Defect,Major,100,88.56,7793.28
CLM-000123,BMW,BMW Brilliance Shenyang,CN,zh,在Steering Knuckle（SL-CHS-94659）上发现Assembly Defect。由BMW Brilliance Shenyang确认。,동풍삼립(우한),CN,Chassis Systems,너클,Steering Knuckle,SL-CHS-94659,2022-03-29,2022-04-03,2023-05-02,2023-05-13,2023-06-19,확정,조립불량,Assembly Defect,Minor,3,25.79,94.39
CLM-000124,Subaru,Subaru of Indiana Automotive,US,en,Crack & Breakage detected on Bonnet Latch (SL-FEM-47941). Identified at Subaru of Indiana Automotive.,호북삼립,CN,Front End Module,본넷래치,Bonnet Latch,SL-FEM-47941,2023-03-01,2023-03-13,2023-03-18,2023-03-28,2023-04-21,기각,크랙·파손,Crack & Breakage,Minor,50,34.71,1856.99
CLM-000125,GM,GM Korea 창원공장,KR,ko,로어암(SL-CHS-24764) 부품에서 조립불량 발생. GM Korea 창원공장에서 확인됨.,SL Mexico (SLP),MX,Chassis Systems,로어암,Lower Control Arm,SL-CHS-24764,2024-07-30,2024-08-16,2024-11-08,2024-11-19,2024-12-03,확정,조립불량,Assembly Defect,Minor,12,38.1,493.78
CLM-000126,Ford,Ford Michigan Assembly,US,en,Foreign Material Contamination detected on Sensor Module (SL-ELE-21368). Identified at Ford Michigan Assembly.,SL Alabama,US,Electrification,센서모듈,Sensor Module,SL-ELE-21368,2024-04-16,2024-04-22,2025-03-31,2025-04-03,2025-05-06,보상완료,이물혼입,Foreign Material Contamination,Minor,5,10.31,51.03
CLM-000127,GM,GM Spring Hill Assembly,US,en,Crack & Breakage detected on Actuator Motor (SL-ELE-44282). Identified at GM Spring Hill Assembly.,SL 옌타이,CN,Electrification,액추에이터모터,Actuator Motor,SL-ELE-44282,2024-01-07,2024-01-17,2025-01-06,2025-01-07,2025-02-08,기각,크랙·파손,Crack & Breakage,Minor,3,28.24,88.96
CLM-000128,Honda,Honda Suzuka Factory,JP,ja,Wiring Harness（SL-ELE-38721）にForeign Material Contaminationを検出。Honda Suzuka Factoryにて確認。,SL 안산공장,KR,Electrification,와이어링하네스,Wiring Harness,SL-ELE-38721,2023-01-22,2023-01-29,2023-10-01,2023-10-09,2023-11-19,기각,이물혼입,Foreign Material Contamination,Minor,20,41.59,1048.07
CLM-000129,Ford,Ford Michigan Assembly,US,en,Surface & Plating Defect detected on Power Window Switch (SL-ELE-79228). Identified at Ford Michigan Assembly.,SL 안산공장,KR,Electrification,파워윈도우스위치,Power Window Switch,SL-ELE-79228,2024-11-25,2024-12-01,2025-01-10,2025-01-11,2025-02-15,보상완료,표면·도금불량,Surface & Plating Defect,Major,200,34.15,6010.4
CLM-000130,Stellantis,Stellantis Sterling Heights Assembly,US,en,Assembly Defect detected on Rear Combination Lamp (SL-LMP-68390). Identified at Stellantis Sterling Heights Assembly.,SL Alabama,US,Lamp Systems,리어콤비램프,Rear Combination Lamp,SL-LMP-68390,2022-08-27,2022-09-03,2023-04-24,2023-05-03,2023-06-11,확정,조립불량,Assembly Defect,Major,100,55.05,6606.0
CLM-000131,Ford,Changan Ford Chongqing,CN,zh,在Actuator Motor（SL-ELE-15936）上发现Functional Failure。由Changan Ford Chongqing确认。,SL 옌타이,CN,Electrification,액추에이터모터,Actuator Motor,SL-ELE-15936,2024-11-16,2024-11-21,2025-05-17,2025-05-26,2025-06-02,보상완료,기능불량,Functional Failure,Minor,1,22.92,20.4
CLM-000132,Hyundai,HMGMA (Hyundai Motor Group Metaplant America),US,en,Dimensional Out-of-Spec detected on Radiator Support (SL-FEM-20518). Identified at HMGMA (Hyundai Motor Group Metaplant America).,SL Alabama,US,Front End Module,라디에이터서포트,Radiator Support,SL-FEM-20518,2022-10-16,2022-10-30,2023-09-30,2023-10-02,2023-11-08,확정,치수불량,Dimensional Out-of-Spec,Minor,100,11.44,1475.76
CLM-000133,Stellantis,Stellantis Toledo Assembly,US,en,Surface & Plating Defect detected on Power Window Switch (SL-ELE-79721). Identified at Stellantis Toledo Assembly.,SL Mexico (SLP),MX,Electrification,파워윈도우스위치,Power Window Switch,SL-ELE-79721,2024-10-10,2024-10-20,2025-02-15,2025-02-23,2025-03-15,확정,표면·도금불량,Surface & Plating Defect,Minor,2,11.45,25.88
CLM-000134,BMW,BMW Leipzig Plant,DE,de,Surface & Plating Defect bei Actuator Motor (SL-ELE-68515) festgestellt. Erkannt bei BMW Leipzig Plant.,SL Poland,PL,Electrification,액추에이터모터,Actuator Motor,SL-ELE-68515,2022-12-01,2022-12-05,2023-04-10,2023-04-17,2023-05-24,확정,표면·도금불량,Surface & Plating Defect,Minor,1,16.31,21.2
CLM-000135,Kia,Kia India (Anantapur),IN,en,Wiring & Electrical Defect detected on Lower Control Arm (SL-CHS-96535). Identified at Kia India (Anantapur).,SL Lumax (India),IN,Chassis Systems,로어암,Lower Control Arm,SL-CHS-96535,2025-07-26,2025-08-11,2025-12-03,2025-12-08,,조사중,배선·전장불량,Wiring & Electrical Defect,Major,200,41.03,10339.56
CLM-000136,BMW,BMW Brilliance Shenyang,CN,zh,在Horn（SL-FEM-64568）上发现Functional Failure。由BMW Brilliance Shenyang确认。,동풍삼립(우한),CN,Front End Module,혼,Horn,SL-FEM-64568,2025-01-17,2025-01-29,2025-04-16,2025-04-23,2025-05-30,확정,기능불량,Functional Failure,Minor,5,30.93,146.92
CLM-000137,Ford,Changan Ford Chongqing,CN,zh,在Bonnet Latch（SL-FEM-60910）上发现Foreign Material Contamination。由Changan Ford Chongqing确认。,SL Brazil,BR,Front End Module,본넷래치,Bonnet Latch,SL-FEM-60910,2023-12-24,2024-01-02,2024-05-12,2024-05-18,2024-06-18,기각,이물혼입,Foreign Material Contamination,Minor,2,22.46,54.35
CLM-000138,Hyundai,HMGMA (Hyundai Motor Group Metaplant America),US,en,Assembly Defect detected on Side Repeater Mirror (SL-MIR-98008). Identified at HMGMA (Hyundai Motor Group Metaplant America).,SL Tennessee,US,Mirror Systems,사이드리피터미러,Side Repeater Mirror,SL-MIR-98008,2023-07-09,2023-07-18,2024-03-20,2024-04-03,2024-04-25,보상완료,조립불량,Assembly Defect,Minor,5,66.86,427.9
CLM-000139,Hyundai,HMGMA (Hyundai Motor Group Metaplant America),US,en,Foreign Material Contamination detected on Bonnet Latch (SL-FEM-82362). Identified at HMGMA (Hyundai Motor Group Metaplant America).,SL Tennessee,US,Front End Module,본넷래치,Bonnet Latch,SL-FEM-82362,2023-09-06,2023-09-18,2024-10-20,2024-10-27,2024-12-10,확정,이물혼입,Foreign Material Contamination,Minor,8,15.06,127.71
CLM-000140,GM,GM Korea 부평공장,KR,ko,로어암(SL-CHS-58589) 부품에서 조립불량 발생. GM Korea 부평공장에서 확인됨.,SL Poland,PL,Chassis Systems,로어암,Lower Control Arm,SL-CHS-58589,2024-02-29,2024-03-04,2024-10-02,2024-10-12,2024-10-24,보상완료,조립불량,Assembly Defect,Minor,8,30.26,263.87
CLM-000141,Ford,Ford-Werke Cologne,DE,de,Functional Failure bei Bonnet Latch (SL-FEM-75444) festgestellt. Erkannt bei Ford-Werke Cologne.,SL 대구공장,KR,Front End Module,본넷래치,Bonnet Latch,SL-FEM-75444,2024-06-25,2024-07-13,2024-11-22,2024-12-04,2025-01-07,기각,기능불량,Functional Failure,Minor,3,27.78,81.67
CLM-000142,Hyundai,Beijing Hyundai Motor (BHMC),CN,zh,在Head Lamp（SL-LMP-97584）上发现Surface & Plating Defect。由Beijing Hyundai Motor (BHMC)确认。,호북삼립,CN,Lamp Systems,전조등,Head Lamp,SL-LMP-97584,2022-03-11,2022-03-14,2023-04-10,2023-04-17,,조사중,표면·도금불량,Surface & Plating Defect,Minor,2,70.97,113.55
CLM-000143,GM,GM Spring Hill Assembly,US,en,Crack & Breakage detected on Head Lamp (SL-LMP-79758). Identified at GM Spring Hill Assembly.,SL Alabama,US,Lamp Systems,전조등,Head Lamp,SL-LMP-79758,2025-04-12,2025-04-15,2025-04-22,2025-05-01,2025-06-07,기각,크랙·파손,Crack & Breakage,Minor,1,57.64,66.29
CLM-000144,GM,GM Korea 창원공장,KR,ko,아웃사이드미러(SL-MIR-35156) 부품에서 소재불량 발생. GM Korea 창원공장에서 확인됨.,SL 성서공장,KR,Mirror Systems,아웃사이드미러,Outside Mirror,SL-MIR-35156,2025-07-23,2025-08-06,2025-12-14,2025-12-19,,조사중,소재불량,Material Defect,Minor,12,67.96,839.99
CLM-000145,Kia,기아 광명공장,KR,ko,전조등(SL-LMP-63120) 부품에서 조립불량 발생. Kia 기아 광명공장에서 확인됨.,SL 미러텍(시흥),KR,Lamp Systems,전조등,Head Lamp,SL-LMP-63120,2024-07-16,2024-08-05,2025-02-15,2025-02-23,,조사중,조립불량,Assembly Defect,Minor,3,30.37,111.15
CLM-000146,BMW,BMW Spartanburg Plant,US,en,Crack & Breakage detected on Outside Mirror (SL-MIR-84289). Identified at BMW Spartanburg Plant.,SL Tennessee,US,Mirror Systems,아웃사이드미러,Outside Mirror,SL-MIR-84289,2025-04-10,2025-04-14,2025-08-31,2025-09-15,,조사중,크랙·파손,Crack & Breakage,Major,100,48.18,3950.76
CLM-000147,Subaru,Subaru Gunma Oizumi Plant,JP,ja,Side Repeater Mirror（SL-MIR-62205）にWiring & Electrical Defectを検出。Subaru Gunma Oizumi Plantにて確認。,호북삼립,CN,Mirror Systems,사이드리피터미러,Side Repeater Mirror,SL-MIR-62205,2022-12-27,2023-01-04,2023-06-07,2023-06-17,2023-07-14,확정,배선·전장불량,Wiring & Electrical Defect,Minor,12,39.19,550.23
CLM-000148,Stellantis,Stellantis Toluca Assembly,MX,es,Se detectó Other en Lower Control Arm (SL-CHS-22803). Identificado en Stellantis Toluca Assembly.,SL Lumax (India),IN,Chassis Systems,로어암,Lower Control Arm,SL-CHS-22803,2025-02-10,2025-02-15,2025-06-14,2025-06-20,2025-08-01,기각,기타,Other,Minor,20,43.97,844.22
CLM-000149,BMW,BMW Brilliance Shenyang,CN,zh,在Radiator Support（SL-FEM-34345）上发现Material Defect。由BMW Brilliance Shenyang确认。,호북삼립,CN,Front End Module,라디에이터서포트,Radiator Support,SL-FEM-34345,2024-12-23,2025-01-04,2025-02-17,2025-03-02,2025-03-09,확정,소재불량,Material Defect,Minor,8,12.16,112.84
CLM-000150,BMW,BMW Brilliance Shenyang,CN,zh,在Fog Lamp（SL-LMP-68292）上发现Design Flaw。由BMW Brilliance Shenyang确认。,북경삼립,CN,Lamp Systems,안개등,Fog Lamp,SL-LMP-68292,2023-12-03,2023-12-14,2025-01-07,2025-01-09,,조사중,설계결함,Design Flaw,Minor,20,54.17,1170.07
CLM-000151,Kia,기아 화성공장,KR,ko,센서모듈(SL-ELE-60493) 부품에서 표면·도금불량 발생. Kia 기아 화성공장에서 확인됨.,SL 성서공장,KR,Electrification,센서모듈,Sensor Module,SL-ELE-60493,2022-08-13,2022-08-29,2023-01-26,2023-02-02,2023-03-12,보상완료,표면·도금불량,Surface & Plating Defect,Major,200,33.45,7626.6
CLM-000152,Hyundai,HMMA (Hyundai Motor Manufacturing Alabama),US,en,Crack & Breakage detected on Tail Lamp (SL-LMP-66973). Identified at HMMA (Hyundai Motor Manufacturing Alabama).,SL Tennessee,US,Lamp Systems,후미등,Tail Lamp,SL-LMP-66973,2023-12-04,2023-12-16,2024-07-19,2024-07-27,2024-08-22,보상완료,크랙·파손,Crack & Breakage,Minor,5,71.86,377.27
CLM-000153,BMW,BMW Brilliance Shenyang,CN,zh,在Horn（SL-FEM-91289）上发现Other。由BMW Brilliance Shenyang确认。,북경삼립,CN,Front End Module,혼,Horn,SL-FEM-91289,2024-08-15,2024-09-01,2025-02-17,2025-02-23,2025-04-08,확정,기타,Other,Minor,3,16.11,53.16
CLM-000154,Ford,Changan Ford Chongqing,CN,zh,在Stabilizer Link（SL-CHS-92955）上发现Foreign Material Contamination。由Changan Ford Chongqing确认。,동풍삼립(우한),CN,Chassis Systems,스태빌라이저링크,Stabilizer Link,SL-CHS-92955,2024-12-01,2024-12-11,2025-10-02,2025-10-08,2025-11-05,확정,이물혼입,Foreign Material Contamination,Minor,2,42.76,76.97
CLM-000155,KGM,KGM 평택공장,KR,ko,본넷래치(SL-FEM-67469) 부품에서 기능불량 발생. KGM 평택공장에서 확인됨.,SL 미러텍(시흥),KR,Front End Module,본넷래치,Bonnet Latch,SL-FEM-67469,2023-08-25,2023-08-30,2024-08-19,2024-09-02,2024-10-01,보상완료,기능불량,Functional Failure,Minor,3,25.1,69.28
CLM-000156,BMW,BMW Brilliance Shenyang,CN,zh,在Radiator Support（SL-FEM-86315）上发现Wiring & Electrical Defect。由BMW Brilliance Shenyang确认。,SL 안산공장,KR,Front End Module,라디에이터서포트,Radiator Support,SL-FEM-86315,2024-06-11,2024-06-30,2025-03-31,2025-04-15,2025-05-14,보상완료,배선·전장불량,Wiring & Electrical Defect,Minor,1,29.35,28.76
CLM-000157,Honda,Honda Marysville Auto Plant,US,en,Material Defect detected on Side Repeater Mirror (SL-MIR-90304). Identified at Honda Marysville Auto Plant.,SL Alabama,US,Mirror Systems,사이드리피터미러,Side Repeater Mirror,SL-MIR-90304,2022-06-01,2022-06-16,2023-04-01,2023-04-14,2023-05-14,확정,소재불량,Material Defect,Minor,1,24.93,22.69
CLM-000158,Ford,Ford Michigan Assembly,US,en,Material Defect detected on Wiring Harness (SL-ELE-55215). Identified at Ford Michigan Assembly.,SL Alabama,US,Electrification,와이어링하네스,Wiring Harness,SL-ELE-55215,2022-06-11,2022-06-17,2023-02-20,2023-02-25,2023-03-05,확정,소재불량,Material Defect,Minor,3,25.67,74.7
CLM-000159,Stellantis,Stellantis Toluca Assembly,MX,es,Se detectó Foreign Material Contamination en Radiator Support (SL-FEM-51800). Identificado en Stellantis Toluca Assembly.,SL Mexico (SLP),MX,Front End Module,라디에이터서포트,Radiator Support,SL-FEM-51800,2022-12-11,2022-12-15,2023-05-18,2023-05-31,2023-06-04,기각,이물혼입,Foreign Material Contamination,Major,500,10.95,6570.0
CLM-000160,Subaru,Subaru of Indiana Automotive,US,en,Dimensional Out-of-Spec detected on Power Window Switch (SL-ELE-70562). Identified at Subaru of Indiana Automotive.,SL Alabama,US,Electrification,파워윈도우스위치,Power Window Switch,SL-ELE-70562,2023-09-16,2023-09-24,2024-04-19,2024-04-22,2024-05-22,기각,치수불량,Dimensional Out-of-Spec,Minor,1,43.18,53.54
CLM-000161,GM,GM Fort Wayne Assembly,US,en,Material Defect detected on Stabilizer Link (SL-CHS-18200). Identified at GM Fort Wayne Assembly.,SL Tennessee,US,Chassis Systems,스태빌라이저링크,Stabilizer Link,SL-CHS-18200,2022-10-18,2022-10-26,2023-07-28,2023-08-03,2023-09-04,확정,소재불량,Material Defect,Minor,8,34.13,283.96
CLM-000162,KGM,KGM 평택공장,KR,ko,안개등(SL-LMP-56135) 부품에서 기타 발생. KGM 평택공장에서 확인됨.,SL 성서공장,KR,Lamp Systems,안개등,Fog Lamp,SL-LMP-56135,2024-09-04,2024-09-12,2025-07-26,2025-08-09,2025-08-31,기각,기타,Other,Major,200,30.51,5308.74
CLM-000163,Hyundai,HMMA (Hyundai Motor Manufacturing Alabama),US,en,Wiring & Electrical Defect detected on Power Window Switch (SL-ELE-64819). Identified at HMMA (Hyundai Motor Manufacturing Alabama).,SL Tennessee,US,Electrification,파워윈도우스위치,Power Window Switch,SL-ELE-64819,2022-12-04,2022-12-19,2023-10-10,2023-10-17,2023-11-29,확정,배선·전장불량,Wiring & Electrical Defect,Critical,500,51.88,23086.6
CLM-000164,Hyundai,HMMA (Hyundai Motor Manufacturing Alabama),US,en,Wiring & Electrical Defect detected on Actuator Motor (SL-ELE-57059). Identified at HMMA (Hyundai Motor Manufacturing Alabama).,SL Alabama,US,Electrification,액추에이터모터,Actuator Motor,SL-ELE-57059,2022-05-09,2022-05-16,2023-01-20,2023-01-24,2023-03-03,보상완료,배선·전장불량,Wiring & Electrical Defect,Critical,500,32.27,18393.9
CLM-000165,Kia,Kia Georgia Plant,US,en,Other detected on Inside Mirror (SL-MIR-14285). Identified at Kia Georgia Plant.,SL Tennessee,US,Mirror Systems,룸미러,Inside Mirror,SL-MIR-14285,2024-03-02,2024-03-22,2024-07-16,2024-07-21,2024-08-22,확정,기타,Other,Minor,50,47.49,2042.07
CLM-000166,Hyundai,Beijing Hyundai Motor (BHMC),CN,zh,在Actuator Motor（SL-ELE-67850）上发现Crack & Breakage。由Beijing Hyundai Motor (BHMC)确认。,상해삼립,CN,Electrification,액추에이터모터,Actuator Motor,SL-ELE-67850,2023-08-12,2023-08-18,2024-03-23,2024-04-04,2024-04-22,보상완료,크랙·파손,Crack & Breakage,Minor,1,30.24,29.33
CLM-000167,Stellantis,Stellantis Sterling Heights Assembly,US,en,Surface & Plating Defect detected on Outside Mirror (SL-MIR-87060). Identified at Stellantis Sterling Heights Assembly.,SL 천안공장,KR,Mirror Systems,아웃사이드미러,Outside Mirror,SL-MIR-87060,2023-12-05,2023-12-21,2024-12-19,2024-12-22,2025-01-07,기각,표면·도금불량,Surface & Plating Defect,Minor,1,48.5,51.9
CLM-000168,BMW,BMW Munich Plant,DE,de,Crack & Breakage bei Sensor Module (SL-ELE-77425) festgestellt. Erkannt bei BMW Munich Plant.,SL 안산공장,KR,Electrification,센서모듈,Sensor Module,SL-ELE-77425,2023-04-20,2023-05-06,2023-07-15,2023-07-30,,조사중,크랙·파손,Crack & Breakage,Major,500,15.71,9661.65
CLM-000169,Kia,기아 광주공장,KR,ko,본넷래치(SL-FEM-85684) 부품에서 소재불량 발생. Kia 기아 광주공장에서 확인됨.,호북삼립,CN,Front End Module,본넷래치,Bonnet Latch,SL-FEM-85684,2023-08-01,2023-08-17,2024-07-04,2024-07-11,2024-08-23,확정,소재불량,Material Defect,Minor,20,21.92,412.1
CLM-000170,Subaru,Subaru Gunma Oizumi Plant,JP,ja,Actuator Motor（SL-ELE-22208）にWiring & Electrical Defectを検出。Subaru Gunma Oizumi Plantにて確認。,SL 안산공장,KR,Electrification,액추에이터모터,Actuator Motor,SL-ELE-22208,2024-08-21,2024-09-04,2025-07-27,2025-08-10,,조사중,배선·전장불량,Wiring & Electrical Defect,Minor,20,19.8,399.96
CLM-000171,Hyundai,HMMA (Hyundai Motor Manufacturing Alabama),US,en,Functional Failure detected on Wiring Harness (SL-ELE-84205). Identified at HMMA (Hyundai Motor Manufacturing Alabama).,SL Alabama,US,Electrification,와이어링하네스,Wiring Harness,SL-ELE-84205,2025-03-24,2025-03-28,2025-09-20,2025-09-21,,조사중,기능불량,Functional Failure,Minor,1,15.59,19.18
CLM-000172,GM,GM Korea 부평공장,KR,ko,사이드리피터미러(SL-MIR-27290) 부품에서 소재불량 발생. GM Korea 부평공장에서 확인됨.,SL Brazil,BR,Mirror Systems,사이드리피터미러,Side Repeater Mirror,SL-MIR-27290,2024-06-09,2024-06-20,2024-09-10,2024-09-12,2024-10-01,기각,소재불량,Material Defect,Minor,12,53.23,715.41
CLM-000173,Hyundai,HMMA (Hyundai Motor Manufacturing Alabama),US,en,Surface & Plating Defect detected on Bumper Beam (SL-FEM-22475). Identified at HMMA (Hyundai Motor Manufacturing Alabama).,SL Alabama,US,Front End Module,범퍼빔,Bumper Beam,SL-FEM-22475,2022-08-28,2022-09-15,2023-01-03,2023-01-05,,조사중,표면·도금불량,Surface & Plating Defect,Minor,100,26.36,2108.8
CLM-000174,Ford,Ford Kentucky Truck Plant,US,en,Foreign Material Contamination detected on Inside Mirror (SL-MIR-19283). Identified at Ford Kentucky Truck Plant.,SL Brazil,BR,Mirror Systems,룸미러,Inside Mirror,SL-MIR-19283,2023-09-24,2023-09-29,2024-04-13,2024-04-25,2024-05-04,보상완료,이물혼입,Foreign Material Contamination,Minor,12,64.05,668.68
CLM-000175,Ford,Ford Michigan Assembly,US,en,Dimensional Out-of-Spec detected on Actuator Motor (SL-ELE-89995). Identified at Ford Michigan Assembly.,SL Tennessee,US,Electrification,액추에이터모터,Actuator Motor,SL-ELE-89995,2023-04-07,2023-04-21,2023-12-03,2023-12-15,2023-12-27,확정,치수불량,Dimensional Out-of-Spec,Major,200,40.9,10061.4
CLM-000176,Hyundai,현대자동차 울산공장,KR,ko,혼(SL-FEM-66280) 부품에서 배선·전장불량 발생. Hyundai 현대자동차 울산공장에서 확인됨.,SL 성서공장,KR,Front End Module,혼,Horn,SL-FEM-66280,2024-07-16,2024-07-26,2024-10-06,2024-10-11,2024-10-29,기각,배선·전장불량,Wiring & Electrical Defect,Major,200,24.2,5324.0
CLM-000177,Ford,Ford Kentucky Truck Plant,US,en,Functional Failure detected on Side Repeater Mirror (SL-MIR-89551). Identified at Ford Kentucky Truck Plant.,SL 옌타이,CN,Mirror Systems,사이드리피터미러,Side Repeater Mirror,SL-MIR-89551,2025-07-20,2025-08-04,2025-11-09,2025-11-14,2025-12-02,확정,기능불량,Functional Failure,Minor,20,25.64,538.44
CLM-000178,BMW,BMW Leipzig Plant,DE,de,Material Defect bei Inside Mirror (SL-MIR-84498) festgestellt. Erkannt bei BMW Leipzig Plant.,동풍삼립(우한),CN,Mirror Systems,룸미러,Inside Mirror,SL-MIR-84498,2024-10-15,2024-11-04,2025-05-11,2025-05-22,2025-06-24,확정,소재불량,Material Defect,Minor,1,49.37,39.99
CLM-000179,Hyundai,현대자동차 울산공장,KR,ko,센서모듈(SL-ELE-92388) 부품에서 배선·전장불량 발생. Hyundai 현대자동차 울산공장에서 확인됨.,호북삼립,CN,Electrification,센서모듈,Sensor Module,SL-ELE-92388,2024-09-09,2024-09-25,2025-10-23,2025-10-30,2025-11-07,기각,배선·전장불량,Wiring & Electrical Defect,Major,100,37.72,3545.68
CLM-000180,Kia,Kia India (Anantapur),IN,en,Assembly Defect detected on Sensor Module (SL-ELE-61213). Identified at Kia India (Anantapur).,SL 성서공장,KR,Electrification,센서모듈,Sensor Module,SL-ELE-61213,2022-11-22,2022-12-08,2023-05-16,2023-05-28,2023-06-15,보상완료,조립불량,Assembly Defect,Minor,5,13.88,70.79
CLM-000181,GM,SAIC-GM Shanghai,CN,zh,在Tail Lamp（SL-LMP-11487）上发现Design Flaw。由SAIC-GM Shanghai确认。,북경삼립,CN,Lamp Systems,후미등,Tail Lamp,SL-LMP-11487,2023-03-08,2023-03-22,2023-12-02,2023-12-11,2023-12-30,확정,설계결함,Design Flaw,Minor,12,33.25,474.81
CLM-000182,Kia,기아 화성공장,KR,ko,너클(SL-CHS-45649) 부품에서 소재불량 발생. Kia 기아 화성공장에서 확인됨.,SL 진량공장,KR,Chassis Systems,너클,Steering Knuckle,SL-CHS-45649,2025-10-25,2025-11-05,2025-12-08,2025-12-20,2025-12-31,기각,소재불량,Material Defect,Minor,50,27.02,1323.98
CLM-000183,GM,SAIC-GM Shanghai,CN,zh,在Rear Combination Lamp（SL-LMP-98358）上发现Assembly Defect。由SAIC-GM Shanghai确认。,동풍삼립(우한),CN,Lamp Systems,리어콤비램프,Rear Combination Lamp,SL-LMP-98358,2023-04-11,2023-04-30,2023-08-25,2023-08-26,,조사중,조립불량,Assembly Defect,Minor,5,27.99,137.15
CLM-000184,Subaru,Subaru of Indiana Automotive,US,en,Material Defect detected on Power Window Switch (SL-ELE-39427). Identified at Subaru of Indiana Automotive.,SL 대구공장,KR,Electrification,파워윈도우스위치,Power Window Switch,SL-ELE-39427,2024-05-30,2024-06-15,2024-10-21,2024-11-05,2024-11-25,기각,소재불량,Material Defect,Major,200,26.78,5623.8
CLM-000185,Honda,Honda Marysville Auto Plant,US,en,Surface & Plating Defect detected on Daytime Running Lamp (SL-LMP-47002). Identified at Honda Marysville Auto Plant.,SL Alabama,US,Lamp Systems,주간주행등,Daytime Running Lamp,SL-LMP-47002,2024-04-08,2024-04-13,2024-09-28,2024-10-07,2024-11-02,확정,표면·도금불량,Surface & Plating Defect,Minor,8,61.65,468.54
CLM-000186,BMW,BMW Brilliance Shenyang,CN,zh,在Wiring Harness（SL-ELE-29735）上发现Assembly Defect。由BMW Brilliance Shenyang确认。,SL 옌타이,CN,Electrification,와이어링하네스,Wiring Harness,SL-ELE-29735,2022-06-15,2022-06-18,2023-01-14,2023-01-18,2023-03-02,확정,조립불량,Assembly Defect,Minor,12,10.07,136.55
CLM-000187,Stellantis,Stellantis Toluca Assembly,MX,es,Se detectó Surface & Plating Defect en Radiator Support (SL-FEM-17850). Identificado en Stellantis Toluca Assembly.,SL Mexico (SLP),MX,Front End Module,라디에이터서포트,Radiator Support,SL-FEM-17850,2022-10-08,2022-10-19,2023-10-19,2023-10-21,,조사중,표면·도금불량,Surface & Plating Defect,Minor,100,19.15,2393.75
CLM-000188,GM,GM Brazil Gravataí,BR,pt,Dimensional Out-of-Spec detectado em Bumper Beam (SL-FEM-87580). Identificado na GM Brazil Gravataí.,SL Brazil,BR,Front End Module,범퍼빔,Bumper Beam,SL-FEM-87580,2022-09-20,2022-09-27,2023-05-08,2023-05-12,2023-06-04,확정,치수불량,Dimensional Out-of-Spec,Minor,12,16.59,187.14
CLM-000189,Hyundai,현대자동차 아산공장,KR,ko,후미등(SL-LMP-68925) 부품에서 기능불량 발생. Hyundai 현대자동차 아산공장에서 확인됨.,SL 대구공장,KR,Lamp Systems,후미등,Tail Lamp,SL-LMP-68925,2025-02-16,2025-03-04,2025-08-12,2025-08-14,2025-08-30,확정,기능불량,Functional Failure,Minor,8,55.12,542.38
CLM-000190,Hyundai,HMMA (Hyundai Motor Manufacturing Alabama),US,en,Crack & Breakage detected on Inside Mirror (SL-MIR-29441). Identified at HMMA (Hyundai Motor Manufacturing Alabama).,SL 대구공장,KR,Mirror Systems,룸미러,Inside Mirror,SL-MIR-29441,2022-06-26,2022-07-06,2023-07-06,2023-07-12,2023-07-18,확정,크랙·파손,Crack & Breakage,Minor,8,61.0,434.32
CLM-000191,Subaru,Subaru Gunma Oizumi Plant,JP,ja,Bumper Beam（SL-FEM-28322）にDesign Flawを検出。Subaru Gunma Oizumi Plantにて確認。,북경삼립,CN,Front End Module,범퍼빔,Bumper Beam,SL-FEM-28322,2023-08-26,2023-08-30,2023-09-06,2023-09-20,2023-10-07,보상완료,설계결함,Design Flaw,Minor,5,30.24,149.69
CLM-000192,BMW,BMW Leipzig Plant,DE,de,Material Defect bei Head Lamp (SL-LMP-35919) festgestellt. Erkannt bei BMW Leipzig Plant.,SL 진량공장,KR,Lamp Systems,전조등,Head Lamp,SL-LMP-35919,2025-04-17,2025-04-22,2025-06-27,2025-07-12,2025-08-05,보상완료,소재불량,Material Defect,Minor,1,86.25,71.59
CLM-000193,Subaru,Subaru Gunma Oizumi Plant,JP,ja,Bumper Beam（SL-FEM-60165）にCrack & Breakageを検出。Subaru Gunma Oizumi Plantにて確認。,호북삼립,CN,Front End Module,범퍼빔,Bumper Beam,SL-FEM-60165,2025-02-09,2025-02-23,2025-05-23,2025-05-27,2025-06-16,보상완료,크랙·파손,Crack & Breakage,Minor,50,31.85,1305.85
CLM-000194,BMW,BMW Munich Plant,DE,de,Wiring & Electrical Defect bei Power Window Switch (SL-ELE-17992) festgestellt. Erkannt bei BMW Munich Plant.,SL 천안공장,KR,Electrification,파워윈도우스위치,Power Window Switch,SL-ELE-17992,2023-01-21,2023-02-05,2023-06-29,2023-07-02,2023-08-15,확정,배선·전장불량,Wiring & Electrical Defect,Minor,5,38.38,230.28
CLM-000195,Stellantis,Stellantis Sterling Heights Assembly,US,en,Other detected on Radiator Support (SL-FEM-55093). Identified at Stellantis Sterling Heights Assembly.,상해삼립,CN,Front End Module,라디에이터서포트,Radiator Support,SL-FEM-55093,2025-04-28,2025-05-13,2025-10-25,2025-10-30,2025-11-22,확정,기타,Other,Minor,5,8.79,53.18
CLM-000196,Kia,Kia Georgia Plant,US,en,Surface & Plating Defect detected on Tail Lamp (SL-LMP-96096). Identified at Kia Georgia Plant.,SL Tennessee,US,Lamp Systems,후미등,Tail Lamp,SL-LMP-96096,2023-12-03,2023-12-23,2024-05-08,2024-05-22,2024-05-28,보상완료,표면·도금불량,Surface & Plating Defect,Critical,200,80.02,19204.8
CLM-000197,Kia,기아 광명공장,KR,ko,스태빌라이저링크(SL-CHS-13697) 부품에서 배선·전장불량 발생. Kia 기아 광명공장에서 확인됨.,SL 미러텍(시흥),KR,Chassis Systems,스태빌라이저링크,Stabilizer Link,SL-CHS-13697,2024-02-27,2024-03-05,2024-12-21,2024-12-31,2025-02-03,보상완료,배선·전장불량,Wiring & Electrical Defect,Minor,8,17.79,116.7
CLM-000198,Hyundai,Beijing Hyundai Motor (BHMC),CN,zh,在Stabilizer Link（SL-CHS-36406）上发现Assembly Defect。由Beijing Hyundai Motor (BHMC)确认。,북경삼립,CN,Chassis Systems,스태빌라이저링크,Stabilizer Link,SL-CHS-36406,2023-03-26,2023-04-03,2023-09-25,2023-10-10,2023-11-02,보상완료,조립불량,Assembly Defect,Minor,1,16.87,19.4
CLM-000199,Hyundai,현대자동차 울산공장,KR,ko,안개등(SL-LMP-96787) 부품에서 설계결함 발생. Hyundai 현대자동차 울산공장에서 확인됨.,상해삼립,CN,Lamp Systems,안개등,Fog Lamp,SL-LMP-96787,2024-05-18,2024-05-24,2025-03-21,2025-03-27,2025-04-07,확정,설계결함,Design Flaw,Minor,20,76.47,1957.63
CLM-000200,BMW,BMW Munich Plant,DE,de,Design Flaw bei Side Repeater Mirror (SL-MIR-87194) festgestellt. Erkannt bei BMW Munich Plant.,상해삼립,CN,Mirror Systems,사이드리피터미러,Side Repeater Mirror,SL-MIR-87194,2023-06-03,2023-06-15,2023-12-26,2024-01-07,2024-01-18,기각,설계결함,Design Flaw,Minor,1,67.44,85.65
CLM-000201,Kia,Kia India (Anantapur),IN,en,Design Flaw detected on Actuator Motor (SL-ELE-75035). Identified at Kia India (Anantapur).,SL Lumax (India),IN,Electrification,액추에이터모터,Actuator Motor,SL-ELE-75035,2023-04-24,2023-04-29,2023-10-16,2023-10-20,2023-11-12,확정,설계결함,Design Flaw,Critical,500,49.84,20932.8
CLM-000202,Ford,Ford-Werke Cologne,DE,de,Dimensional Out-of-Spec bei Side Repeater Mirror (SL-MIR-18885) festgestellt. Erkannt bei Ford-Werke Cologne.,SL 대구공장,KR,Mirror Systems,사이드리피터미러,Side Repeater Mirror,SL-MIR-18885,2024-08-02,2024-08-08,2024-12-18,2024-12-30,,접수,치수불량,Dimensional Out-of-Spec,Major,50,56.63,3624.32
CLM-000203,Honda,Honda Suzuka Factory,JP,ja,Power Window Switch（SL-ELE-23294）にCrack & Breakageを検出。Honda Suzuka Factoryにて確認。,상해삼립,CN,Electrification,파워윈도우스위치,Power Window Switch,SL-ELE-23294,2024-11-06,2024-11-16,2025-09-08,2025-09-11,2025-09-16,확정,크랙·파손,Crack & Breakage,Minor,1,24.34,31.16
CLM-000204,Hyundai,현대자동차 아산공장,KR,ko,리어콤비램프(SL-LMP-22203) 부품에서 설계결함 발생. Hyundai 현대자동차 아산공장에서 확인됨.,SL 미러텍(시흥),KR,Lamp Systems,리어콤비램프,Rear Combination Lamp,SL-LMP-22203,2024-01-05,2024-01-23,2024-11-23,2024-12-05,,조사중,설계결함,Design Flaw,Major,200,82.83,14578.08
CLM-000205,Hyundai,현대자동차 아산공장,KR,ko,센서모듈(SL-ELE-96585) 부품에서 기타 발생. Hyundai 현대자동차 아산공장에서 확인됨.,SL Brazil,BR,Electrification,센서모듈,Sensor Module,SL-ELE-96585,2024-02-18,2024-02-28,2024-07-30,2024-08-01,,조사중,기타,Other,Major,100,47.79,4205.52
CLM-000206,Kia,Kia Georgia Plant,US,en,Crack & Breakage detected on Head Lamp (SL-LMP-37125). Identified at Kia Georgia Plant.,SL Tennessee,US,Lamp Systems,전조등,Head Lamp,SL-LMP-37125,2023-01-11,2023-01-23,2023-12-16,2023-12-18,2023-12-28,확정,크랙·파손,Crack & Breakage,Minor,20,55.61,1390.25
CLM-000207,Kia,Kia India (Anantapur),IN,en,Other detected on Lower Control Arm (SL-CHS-68428). Identified at Kia India (Anantapur).,SL Lumax (India),IN,Chassis Systems,로어암,Lower Control Arm,SL-CHS-68428,2022-11-01,2022-11-18,2023-04-02,2023-04-10,2023-04-30,확정,기타,Other,Minor,1,16.99,19.54
CLM-000208,Hyundai,HMMA (Hyundai Motor Manufacturing Alabama),US,en,Other detected on Wiring Harness (SL-ELE-82561). Identified at HMMA (Hyundai Motor Manufacturing Alabama).,SL Brazil,BR,Electrification,와이어링하네스,Wiring Harness,SL-ELE-82561,2022-09-29,2022-10-18,2023-05-05,2023-05-12,2023-06-14,보상완료,기타,Other,Minor,5,31.43,132.01
CLM-000209,Honda,Honda Marysville Auto Plant,US,en,Surface & Plating Defect detected on Bonnet Latch (SL-FEM-31910). Identified at Honda Marysville Auto Plant.,SL Tennessee,US,Front End Module,본넷래치,Bonnet Latch,SL-FEM-31910,2023-11-24,2023-12-01,2024-03-09,2024-03-10,2024-04-09,확정,표면·도금불량,Surface & Plating Defect,Major,500,11.99,6594.5
CLM-000210,Kia,기아 화성공장,KR,ko,너클(SL-CHS-78116) 부품에서 설계결함 발생. Kia 기아 화성공장에서 확인됨.,SL 성서공장,KR,Chassis Systems,너클,Steering Knuckle,SL-CHS-78116,2025-07-01,2025-07-20,2025-07-27,2025-08-09,2025-09-07,확정,설계결함,Design Flaw,Minor,3,30.7,100.39
CLM-000211,KGM,KGM 평택공장,KR,ko,스태빌라이저링크(SL-CHS-55071) 부품에서 기능불량 발생. KGM 평택공장에서 확인됨.,SL 천안공장,KR,Chassis Systems,스태빌라이저링크,Stabilizer Link,SL-CHS-55071,2024-11-21,2024-12-06,2025-04-21,2025-05-02,2025-06-12,확정,기능불량,Functional Failure,Minor,1,17.68,17.68
CLM-000212,BMW,BMW Brilliance Shenyang,CN,zh,在Daytime Running Lamp（SL-LMP-45203）上发现Crack & Breakage。由BMW Brilliance Shenyang确认。,SL 옌타이,CN,Lamp Systems,주간주행등,Daytime Running Lamp,SL-LMP-45203,2025-01-08,2025-01-21,2025-02-01,2025-02-15,2025-03-09,보상완료,크랙·파손,Crack & Breakage,Major,50,80.79,4605.03
CLM-000213,KGM,KGM 평택공장,KR,ko,스태빌라이저링크(SL-CHS-64627) 부품에서 기능불량 발생. KGM 평택공장에서 확인됨.,SL 안산공장,KR,Chassis Systems,스태빌라이저링크,Stabilizer Link,SL-CHS-64627,2023-03-10,2023-03-27,2023-07-02,2023-07-06,2023-08-04,보상완료,기능불량,Functional Failure,Major,100,40.62,4915.02
CLM-000214,GM,GM Korea 창원공장,KR,ko,액추에이터모터(SL-ELE-32772) 부품에서 조립불량 발생. GM Korea 창원공장에서 확인됨.,SL 대구공장,KR,Electrification,액추에이터모터,Actuator Motor,SL-ELE-32772,2023-10-15,2023-10-19,2024-01-30,2024-02-03,,조사중,조립불량,Assembly Defect,Minor,12,41.71,470.49
CLM-000215,Stellantis,Stellantis Toluca Assembly,MX,es,Se detectó Design Flaw en Inside Mirror (SL-MIR-74066). Identificado en Stellantis Toluca Assembly.,SL Mexico (SLP),MX,Mirror Systems,룸미러,Inside Mirror,SL-MIR-74066,2025-03-15,2025-04-02,2025-07-02,2025-07-12,2025-08-06,확정,설계결함,Design Flaw,Minor,8,57.45,523.94
CLM-000216,Kia,Kia Georgia Plant,US,en,Assembly Defect detected on Side Repeater Mirror (SL-MIR-37096). Identified at Kia Georgia Plant.,SL Tennessee,US,Mirror Systems,사이드리피터미러,Side Repeater Mirror,SL-MIR-37096,2023-07-21,2023-08-06,2024-07-05,2024-07-14,,접수,조립불량,Assembly Defect,Major,50,65.58,3672.48
CLM-000217,BMW,BMW Leipzig Plant,DE,de,Other bei Steering Knuckle (SL-CHS-59345) festgestellt. Erkannt bei BMW Leipzig Plant.,SL 미러텍(시흥),KR,Chassis Systems,너클,Steering Knuckle,SL-CHS-59345,2024-04-12,2024-04-23,2024-12-15,2024-12-19,2025-01-24,확정,기타,Other,Minor,20,31.29,500.64
CLM-000218,KGM,KGM 평택공장,KR,ko,주간주행등(SL-LMP-18367) 부품에서 크랙·파손 발생. KGM 평택공장에서 확인됨.,SL 안산공장,KR,Lamp Systems,주간주행등,Daytime Running Lamp,SL-LMP-18367,2024-06-17,2024-06-30,2024-11-19,2024-12-03,2025-01-16,확정,크랙·파손,Crack & Breakage,Minor,5,34.75,205.02
CLM-000219,Honda,Honda Suzuka Factory,JP,ja,Horn（SL-FEM-44003）にOtherを検出。Honda Suzuka Factoryにて確認。,북경삼립,CN,Front End Module,혼,Horn,SL-FEM-44003,2024-09-26,2024-10-11,2025-05-07,2025-05-19,,조사중,기타,Other,Minor,5,17.27,100.17
CLM-000220,Ford,Changan Ford Chongqing,CN,zh,在Sensor Module（SL-ELE-32280）上发现Crack & Breakage。由Changan Ford Chongqing确认。,상해삼립,CN,Electrification,센서모듈,Sensor Module,SL-ELE-32280,2023-08-02,2023-08-08,2024-01-06,2024-01-14,,조사중,크랙·파손,Crack & Breakage,Major,100,44.33,3945.37
CLM-000221,BMW,BMW Spartanburg Plant,US,en,Material Defect detected on Side Repeater Mirror (SL-MIR-50250). Identified at BMW Spartanburg Plant.,SL Alabama,US,Mirror Systems,사이드리피터미러,Side Repeater Mirror,SL-MIR-50250,2024-11-08,2024-11-22,2025-05-11,2025-05-16,2025-06-17,확정,소재불량,Material Defect,Minor,50,22.68,1270.08
CLM-000222,BMW,BMW Leipzig Plant,DE,de,Functional Failure bei Horn (SL-FEM-64146) festgestellt. Erkannt bei BMW Leipzig Plant.,SL Poland,PL,Front End Module,혼,Horn,SL-FEM-64146,2023-01-26,2023-02-02,2023-04-21,2023-04-25,2023-06-03,확정,기능불량,Functional Failure,Minor,3,16.54,57.56
CLM-000223,Ford,Changan Ford Chongqing,CN,zh,在Head Lamp（SL-LMP-69251）上发现Material Defect。由Changan Ford Chongqing确认。,동풍삼립(우한),CN,Lamp Systems,전조등,Head Lamp,SL-LMP-69251,2024-03-20,2024-03-28,2024-07-14,2024-07-24,2024-08-27,보상완료,소재불량,Material Defect,Minor,3,64.94,218.2
CLM-000224,Kia,Kia Georgia Plant,US,en,Surface & Plating Defect detected on Lower Control Arm (SL-CHS-52233). Identified at Kia Georgia Plant.,SL Tennessee,US,Chassis Systems,로어암,Lower Control Arm,SL-CHS-52233,2025-09-13,2025-09-16,2025-12-23,2025-12-31,,접수,표면·도금불량,Surface & Plating Defect,Minor,5,34.89,169.22
CLM-000225,Hyundai,HMGMA (Hyundai Motor Group Metaplant America),US,en,Design Flaw detected on Head Lamp (SL-LMP-49085). Identified at HMGMA (Hyundai Motor Group Metaplant America).,SL Tennessee,US,Lamp Systems,전조등,Head Lamp,SL-LMP-49085,2023-12-09,2023-12-28,2024-08-18,2024-08-28,2024-09-27,확정,설계결함,Design Flaw,Minor,12,89.75,1130.85
CLM-000226,Ford,Ford Michigan Assembly,US,en,Foreign Material Contamination detected on Tail Lamp (SL-LMP-39402). Identified at Ford Michigan Assembly.,호북삼립,CN,Lamp Systems,후미등,Tail Lamp,SL-LMP-39402,2023-06-06,2023-06-09,2023-09-26,2023-10-06,2023-10-16,확정,이물혼입,Foreign Material Contamination,Critical,500,76.49,37862.55
CLM-000227,BMW,BMW Leipzig Plant,DE,de,Design Flaw bei Head Lamp (SL-LMP-25176) festgestellt. Erkannt bei BMW Leipzig Plant.,SL Poland,PL,Lamp Systems,전조등,Head Lamp,SL-LMP-25176,2024-09-02,2024-09-17,2025-05-03,2025-05-05,2025-06-07,확정,설계결함,Design Flaw,Minor,5,70.19,393.06
CLM-000228,Kia,기아 화성공장,KR,ko,와이어링하네스(SL-ELE-64896) 부품에서 소재불량 발생. Kia 기아 화성공장에서 확인됨.,SL 성서공장,KR,Electrification,와이어링하네스,Wiring Harness,SL-ELE-64896,2022-11-08,2022-11-14,2023-08-03,2023-08-08,,조사중,소재불량,Material Defect,Minor,50,18.94,852.3
CLM-000229,Kia,Kia India (Anantapur),IN,en,Foreign Material Contamination detected on Horn (SL-FEM-31020). Identified at Kia India (Anantapur).,상해삼립,CN,Front End Module,혼,Horn,SL-FEM-31020,2022-05-27,2022-06-14,2023-03-22,2023-04-06,2023-05-09,확정,이물혼입,Foreign Material Contamination,Minor,5,8.07,46.0
CLM-000230,Honda,Honda Suzuka Factory,JP,ja,Head Lamp（SL-LMP-43540）にDesign Flawを検出。Honda Suzuka Factoryにて確認。,호북삼립,CN,Lamp Systems,전조등,Head Lamp,SL-LMP-43540,2023-08-16,2023-08-28,2024-04-18,2024-04-23,2024-05-02,확정,설계결함,Design Flaw,Minor,1,80.4,78.79
CLM-000231,BMW,BMW Brilliance Shenyang,CN,zh,在Head Lamp（SL-LMP-28139）上发现Crack & Breakage。由BMW Brilliance Shenyang确认。,SL 천안공장,KR,Lamp Systems,전조등,Head Lamp,SL-LMP-28139,2023-06-16,2023-06-30,2023-12-16,2023-12-31,2024-02-11,확정,크랙·파손,Crack & Breakage,Minor,2,49.22,95.49
CLM-000232,Hyundai,HMGMA (Hyundai Motor Group Metaplant America),US,en,Material Defect detected on Radiator Support (SL-FEM-65278). Identified at HMGMA (Hyundai Motor Group Metaplant America).,북경삼립,CN,Front End Module,라디에이터서포트,Radiator Support,SL-FEM-65278,2023-10-04,2023-10-11,2023-12-08,2023-12-20,2024-01-02,기각,소재불량,Material Defect,Minor,20,32.6,678.08
CLM-000233,GM,GM Fort Wayne Assembly,US,en,Assembly Defect detected on Actuator Motor (SL-ELE-99714). Identified at GM Fort Wayne Assembly.,SL Alabama,US,Electrification,액추에이터모터,Actuator Motor,SL-ELE-99714,2023-01-02,2023-01-20,2023-09-25,2023-09-27,2023-10-28,보상완료,조립불량,Assembly Defect,Minor,2,21.77,41.8
CLM-000234,Ford,Ford Michigan Assembly,US,en,Design Flaw detected on Actuator Motor (SL-ELE-66734). Identified at Ford Michigan Assembly.,동풍삼립(우한),CN,Electrification,액추에이터모터,Actuator Motor,SL-ELE-66734,2023-09-06,2023-09-20,2024-05-24,2024-06-04,2024-07-01,기각,설계결함,Design Flaw,Major,100,50.14,5565.54
CLM-000235,Hyundai,현대자동차 아산공장,KR,ko,아웃사이드미러(SL-MIR-74441) 부품에서 표면·도금불량 발생. Hyundai 현대자동차 아산공장에서 확인됨.,SL 천안공장,KR,Mirror Systems,아웃사이드미러,Outside Mirror,SL-MIR-74441,2024-06-03,2024-06-16,2024-10-18,2024-10-23,,조사중,표면·도금불량,Surface & Plating Defect,Major,100,52.17,5217.0
CLM-000236,Kia,Kia Georgia Plant,US,en,Wiring & Electrical Defect detected on Radiator Support (SL-FEM-51426). Identified at Kia Georgia Plant.,SL Tennessee,US,Front End Module,라디에이터서포트,Radiator Support,SL-FEM-51426,2022-12-17,2022-12-20,2023-09-01,2023-09-03,2023-09-08,확정,배선·전장불량,Wiring & Electrical Defect,Minor,100,8.0,680.0
CLM-000237,BMW,BMW Spartanburg Plant,US,en,Other detected on Horn (SL-FEM-57624). Identified at BMW Spartanburg Plant.,SL Tennessee,US,Front End Module,혼,Horn,SL-FEM-57624,2022-12-11,2022-12-28,2023-04-22,2023-04-28,2023-06-09,확정,기타,Other,Minor,50,27.35,1340.15
CLM-000238,GM,GM Korea 부평공장,KR,ko,안개등(SL-LMP-56548) 부품에서 설계결함 발생. GM Korea 부평공장에서 확인됨.,SL Alabama,US,Lamp Systems,안개등,Fog Lamp,SL-LMP-56548,2023-10-25,2023-11-13,2024-08-20,2024-08-26,2024-08-31,기각,설계결함,Design Flaw,Minor,50,34.13,1979.54
CLM-000239,Ford,Ford Kentucky Truck Plant,US,en,Other detected on Daytime Running Lamp (SL-LMP-38257). Identified at Ford Kentucky Truck Plant.,SL Tennessee,US,Lamp Systems,주간주행등,Daytime Running Lamp,SL-LMP-38257,2025-04-05,2025-04-18,2025-07-25,2025-07-27,2025-08-01,보상완료,기타,Other,Minor,2,75.19,154.89
CLM-000240,BMW,BMW Munich Plant,DE,de,Other bei Actuator Motor (SL-ELE-82512) festgestellt. Erkannt bei BMW Munich Plant.,SL 진량공장,KR,Electrification,액추에이터모터,Actuator Motor,SL-ELE-82512,2024-07-22,2024-08-09,2025-06-05,2025-06-20,2025-07-04,확정,기타,Other,Minor,3,42.87,110.6
CLM-000241,Kia,Kia India (Anantapur),IN,en,Dimensional Out-of-Spec detected on Bonnet Latch (SL-FEM-45860). Identified at Kia India (Anantapur).,SL Lumax (India),IN,Front End Module,본넷래치,Bonnet Latch,SL-FEM-45860,2024-09-18,2024-09-30,2025-03-25,2025-04-02,2025-04-13,보상완료,치수불량,Dimensional Out-of-Spec,Major,200,26.9,6294.6
CLM-000242,Kia,Kia India (Anantapur),IN,en,Design Flaw detected on Outside Mirror (SL-MIR-91810). Identified at Kia India (Anantapur).,SL Tennessee,US,Mirror Systems,아웃사이드미러,Outside Mirror,SL-MIR-91810,2023-08-18,2023-09-01,2024-08-18,2024-09-02,2024-10-16,기각,설계결함,Design Flaw,Major,100,47.12,5277.44
CLM-000243,Ford,Ford-Werke Cologne,DE,de,Assembly Defect bei Sensor Module (SL-ELE-65363) festgestellt. Erkannt bei Ford-Werke Cologne.,SL 미러텍(시흥),KR,Electrification,센서모듈,Sensor Module,SL-ELE-65363,2022-04-28,2022-05-04,2023-01-27,2023-01-28,2023-02-03,확정,조립불량,Assembly Defect,Minor,5,22.01,130.96
CLM-000244,KGM,KGM 평택공장,KR,ko,로어암(SL-CHS-80932) 부품에서 표면·도금불량 발생. KGM 평택공장에서 확인됨.,SL 미러텍(시흥),KR,Chassis Systems,로어암,Lower Control Arm,SL-CHS-80932,2022-08-19,2022-09-05,2023-03-08,2023-03-10,2023-04-17,기각,표면·도금불량,Surface & Plating Defect,Major,500,30.52,14039.2
CLM-000245,Stellantis,Stellantis Toluca Assembly,MX,es,Se detectó Other en Radiator Support (SL-FEM-99803). Identificado en Stellantis Toluca Assembly.,SL Mexico (SLP),MX,Front End Module,라디에이터서포트,Radiator Support,SL-FEM-99803,2023-12-20,2023-12-24,2024-10-02,2024-10-03,2024-10-18,기각,기타,Other,Minor,50,30.41,1915.83
CLM-000246,Ford,Ford-Werke Cologne,DE,de,Material Defect bei Inside Mirror (SL-MIR-68827) festgestellt. Erkannt bei Ford-Werke Cologne.,SL Tennessee,US,Mirror Systems,룸미러,Inside Mirror,SL-MIR-68827,2023-01-09,2023-01-14,2023-12-30,2024-01-02,2024-02-06,보상완료,소재불량,Material Defect,Minor,20,22.03,414.16
CLM-000247,Kia,기아 광명공장,KR,ko,너클(SL-CHS-30290) 부품에서 기타 발생. Kia 기아 광명공장에서 확인됨.,SL 진량공장,KR,Chassis Systems,너클,Steering Knuckle,SL-CHS-30290,2022-12-21,2023-01-03,2023-03-23,2023-04-02,,조사중,기타,Other,Major,500,21.94,13054.3
CLM-000248,GM,GM Korea 부평공장,KR,ko,와이어링하네스(SL-ELE-34100) 부품에서 배선·전장불량 발생. GM Korea 부평공장에서 확인됨.,동풍삼립(우한),CN,Electrification,와이어링하네스,Wiring Harness,SL-ELE-34100,2025-10-09,2025-10-28,2025-12-02,2025-12-05,,조사중,배선·전장불량,Wiring & Electrical Defect,Minor,20,14.14,257.35
CLM-000249,Hyundai,HMMA (Hyundai Motor Manufacturing Alabama),US,en,Other detected on Power Window Switch (SL-ELE-83575). Identified at HMMA (Hyundai Motor Manufacturing Alabama).,SL Tennessee,US,Electrification,파워윈도우스위치,Power Window Switch,SL-ELE-83575,2022-11-07,2022-11-21,2023-01-19,2023-01-27,2023-03-12,확정,기타,Other,Major,200,20.97,3439.08
CLM-000250,Honda,Honda Suzuka Factory,JP,ja,Horn（SL-FEM-80809）にWiring & Electrical Defectを検出。Honda Suzuka Factoryにて確認。,SL 천안공장,KR,Front End Module,혼,Horn,SL-FEM-80809,2024-07-01,2024-07-20,2024-08-02,2024-08-16,2024-09-20,보상완료,배선·전장불량,Wiring & Electrical Defect,Minor,50,21.14,1004.15
CLM-000251,BMW,BMW Spartanburg Plant,US,en,Surface & Plating Defect detected on Actuator Motor (SL-ELE-92173). Identified at BMW Spartanburg Plant.,SL Tennessee,US,Electrification,액추에이터모터,Actuator Motor,SL-ELE-92173,2023-01-18,2023-01-27,2023-05-15,2023-05-29,2023-06-07,기각,표면·도금불량,Surface & Plating Defect,Major,100,47.29,5863.96
CLM-000252,Ford,Changan Ford Chongqing,CN,zh,在Daytime Running Lamp（SL-LMP-53478）上发现Wiring & Electrical Defect。由Changan Ford Chongqing确认。,SL 옌타이,CN,Lamp Systems,주간주행등,Daytime Running Lamp,SL-LMP-53478,2023-01-28,2023-02-02,2023-03-19,2023-03-20,2023-04-08,확정,배선·전장불량,Wiring & Electrical Defect,Minor,2,62.37,113.51
CLM-000253,Kia,Kia Georgia Plant,US,en,Other detected on Lower Control Arm (SL-CHS-61052). Identified at Kia Georgia Plant.,SL Alabama,US,Chassis Systems,로어암,Lower Control Arm,SL-CHS-61052,2022-11-27,2022-11-30,2023-08-31,2023-09-11,2023-09-18,기각,기타,Other,Minor,1,35.13,29.51
CLM-000254,Subaru,Subaru of Indiana Automotive,US,en,Design Flaw detected on Steering Knuckle (SL-CHS-59992). Identified at Subaru of Indiana Automotive.,SL Tennessee,US,Chassis Systems,너클,Steering Knuckle,SL-CHS-59992,2024-04-12,2024-04-15,2025-03-20,2025-03-28,2025-04-14,확정,설계결함,Design Flaw,Minor,20,38.29,934.28
CLM-000255,Kia,기아 광명공장,KR,ko,와이어링하네스(SL-ELE-26152) 부품에서 크랙·파손 발생. Kia 기아 광명공장에서 확인됨.,SL 진량공장,KR,Electrification,와이어링하네스,Wiring Harness,SL-ELE-26152,2023-03-09,2023-03-24,2023-03-27,2023-04-05,2023-04-13,확정,크랙·파손,Crack & Breakage,Minor,5,43.67,272.94
CLM-000256,Kia,Kia Georgia Plant,US,en,Other detected on Outside Mirror (SL-MIR-34116). Identified at Kia Georgia Plant.,SL Lumax (India),IN,Mirror Systems,아웃사이드미러,Outside Mirror,SL-MIR-34116,2023-05-06,2023-05-17,2024-03-28,2024-04-01,,조사중,기타,Other,Minor,1,62.57,79.46
CLM-000257,KGM,KGM 평택공장,KR,ko,안개등(SL-LMP-22871) 부품에서 표면·도금불량 발생. KGM 평택공장에서 확인됨.,SL 안산공장,KR,Lamp Systems,안개등,Fog Lamp,SL-LMP-22871,2023-01-15,2023-02-02,2024-02-09,2024-02-15,2024-03-31,확정,표면·도금불량,Surface & Plating Defect,Minor,2,43.53,72.26
CLM-000258,Hyundai,HMGMA (Hyundai Motor Group Metaplant America),US,en,Dimensional Out-of-Spec detected on Sensor Module (SL-ELE-51462). Identified at HMGMA (Hyundai Motor Group Metaplant America).,SL Tennessee,US,Electrification,센서모듈,Sensor Module,SL-ELE-51462,2025-02-26,2025-03-01,2025-05-27,2025-06-02,2025-06-19,확정,치수불량,Dimensional Out-of-Spec,Minor,8,47.8,332.69
CLM-000259,Ford,Changan Ford Chongqing,CN,zh,在Bumper Beam（SL-FEM-33038）上发现Material Defect。由Changan Ford Chongqing确认。,동풍삼립(우한),CN,Front End Module,범퍼빔,Bumper Beam,SL-FEM-33038,2023-01-17,2023-01-24,2023-06-17,2023-07-02,2023-07-21,확정,소재불량,Material Defect,Minor,2,32.09,78.3
CLM-000260,BMW,BMW Brilliance Shenyang,CN,zh,在Rear Combination Lamp（SL-LMP-44159）上发现Crack & Breakage。由BMW Brilliance Shenyang确认。,SL Tennessee,US,Lamp Systems,리어콤비램프,Rear Combination Lamp,SL-LMP-44159,2024-09-16,2024-09-23,2025-08-24,2025-08-30,2025-10-09,확정,크랙·파손,Crack & Breakage,Minor,3,55.21,175.57
CLM-000261,Kia,Kia India (Anantapur),IN,en,Assembly Defect detected on Wiring Harness (SL-ELE-68487). Identified at Kia India (Anantapur).,SL Lumax (India),IN,Electrification,와이어링하네스,Wiring Harness,SL-ELE-68487,2023-08-16,2023-08-23,2023-11-23,2023-12-05,2023-12-30,기각,조립불량,Assembly Defect,Minor,5,44.27,203.64
CLM-000262,Kia,기아 광명공장,KR,ko,너클(SL-CHS-71561) 부품에서 크랙·파손 발생. Kia 기아 광명공장에서 확인됨.,SL 성서공장,KR,Chassis Systems,너클,Steering Knuckle,SL-CHS-71561,2025-06-22,2025-06-26,2025-07-20,2025-07-31,2025-09-05,확정,크랙·파손,Crack & Breakage,Minor,8,31.09,271.1
CLM-000263,Kia,Kia Georgia Plant,US,en,Assembly Defect detected on Bonnet Latch (SL-FEM-77681). Identified at Kia Georgia Plant.,SL Alabama,US,Front End Module,본넷래치,Bonnet Latch,SL-FEM-77681,2024-09-28,2024-10-12,2025-04-11,2025-04-19,2025-05-30,보상완료,조립불량,Assembly Defect,Major,100,31.81,3244.62
CLM-000264,Kia,Kia India (Anantapur),IN,en,Functional Failure detected on Outside Mirror (SL-MIR-57477). Identified at Kia India (Anantapur).,SL Lumax (India),IN,Mirror Systems,아웃사이드미러,Outside Mirror,SL-MIR-57477,2022-09-16,2022-09-26,2023-08-31,2023-09-07,2023-09-17,보상완료,기능불량,Functional Failure,Critical,500,43.94,19992.7
CLM-000265,Hyundai,HMGMA (Hyundai Motor Group Metaplant America),US,en,Design Flaw detected on Wiring Harness (SL-ELE-27658). Identified at HMGMA (Hyundai Motor Group Metaplant America).,SL Tennessee,US,Electrification,와이어링하네스,Wiring Harness,SL-ELE-27658,2025-10-18,2025-10-25,2025-11-15,2025-11-16,,조사중,설계결함,Design Flaw,Major,100,53.12,5843.2
CLM-000266,GM,GM Korea 부평공장,KR,ko,후미등(SL-LMP-68877) 부품에서 설계결함 발생. GM Korea 부평공장에서 확인됨.,SL 옌타이,CN,Lamp Systems,후미등,Tail Lamp,SL-LMP-68877,2024-12-11,2024-12-19,2025-08-23,2025-08-27,2025-10-07,보상완료,설계결함,Design Flaw,Major,200,78.33,13942.74
CLM-000267,BMW,BMW Spartanburg Plant,US,en,Wiring & Electrical Defect detected on Actuator Motor (SL-ELE-40122). Identified at BMW Spartanburg Plant.,SL Alabama,US,Electrification,액추에이터모터,Actuator Motor,SL-ELE-40122,2024-07-23,2024-07-30,2025-02-13,2025-02-15,,접수,배선·전장불량,Wiring & Electrical Defect,Major,100,40.8,4936.8
CLM-000268,BMW,BMW Munich Plant,DE,de,Dimensional Out-of-Spec bei Daytime Running Lamp (SL-LMP-96427) festgestellt. Erkannt bei BMW Munich Plant.,SL Poland,PL,Lamp Systems,주간주행등,Daytime Running Lamp,SL-LMP-96427,2022-10-30,2022-11-19,2023-09-24,2023-10-08,,접수,치수불량,Dimensional Out-of-Spec,Major,100,52.34,6490.16
CLM-000269,Ford,Changan Ford Chongqing,CN,zh,在Stabilizer Link（SL-CHS-85513）上发现Material Defect。由Changan Ford Chongqing确认。,상해삼립,CN,Chassis Systems,스태빌라이저링크,Stabilizer Link,SL-CHS-85513,2022-12-07,2022-12-14,2023-07-20,2023-07-25,2023-08-11,확정,소재불량,Material Defect,Minor,8,31.74,271.69
CLM-000270,Kia,기아 화성공장,KR,ko,액추에이터모터(SL-ELE-78126) 부품에서 이물혼입 발생. Kia 기아 화성공장에서 확인됨.,SL 진량공장,KR,Electrification,액추에이터모터,Actuator Motor,SL-ELE-78126,2022-06-27,2022-07-06,2023-01-15,2023-01-27,2023-02-25,보상완료,이물혼입,Foreign Material Contamination,Minor,2,16.97,38.35
CLM-000271,Kia,Kia India (Anantapur),IN,en,Crack & Breakage detected on Bonnet Latch (SL-FEM-64162). Identified at Kia India (Anantapur).,SL Lumax (India),IN,Front End Module,본넷래치,Bonnet Latch,SL-FEM-64162,2025-06-01,2025-06-15,2025-09-15,2025-09-24,2025-10-13,확정,크랙·파손,Crack & Breakage,Major,200,17.3,3979.0
CLM-000272,Ford,Ford Kentucky Truck Plant,US,en,Design Flaw detected on Outside Mirror (SL-MIR-38109). Identified at Ford Kentucky Truck Plant.,SL Mexico (SLP),MX,Mirror Systems,아웃사이드미러,Outside Mirror,SL-MIR-38109,2025-04-02,2025-04-15,2025-11-07,2025-11-20,2025-11-26,확정,설계결함,Design Flaw,Minor,20,68.23,1091.68
CLM-000273,Hyundai,현대자동차 아산공장,KR,ko,안개등(SL-LMP-39067) 부품에서 기타 발생. Hyundai 현대자동차 아산공장에서 확인됨.,SL 진량공장,KR,Lamp Systems,안개등,Fog Lamp,SL-LMP-39067,2024-12-15,2024-12-19,2025-01-29,2025-02-10,2025-03-10,확정,기타,Other,Critical,500,58.87,34144.6
CLM-000274,BMW,BMW Munich Plant,DE,de,Surface & Plating Defect bei Side Repeater Mirror (SL-MIR-77915) festgestellt. Erkannt bei BMW Munich Plant.,SL 진량공장,KR,Mirror Systems,사이드리피터미러,Side Repeater Mirror,SL-MIR-77915,2024-04-26,2024-04-30,2024-08-08,2024-08-21,2024-09-26,확정,표면·도금불량,Surface & Plating Defect,Major,200,28.47,4669.08
CLM-000275,Kia,기아 화성공장,KR,ko,너클(SL-CHS-56285) 부품에서 소재불량 발생. Kia 기아 화성공장에서 확인됨.,SL 안산공장,KR,Chassis Systems,너클,Steering Knuckle,SL-CHS-56285,2024-08-15,2024-08-24,2025-03-20,2025-03-29,,접수,소재불량,Material Defect,Minor,2,30.14,69.92
CLM-000276,GM,SAIC-GM Shanghai,CN,zh,在Wiring Harness（SL-ELE-69606）上发现Material Defect。由SAIC-GM Shanghai确认。,SL 옌타이,CN,Electrification,와이어링하네스,Wiring Harness,SL-ELE-69606,2024-06-13,2024-06-16,2025-04-07,2025-04-12,2025-05-17,확정,소재불량,Material Defect,Minor,100,13.26,1259.7
CLM-000277,Subaru,Subaru Gunma Oizumi Plant,JP,ja,Radiator Support（SL-FEM-83815）にFunctional Failureを検出。Subaru Gunma Oizumi Plantにて確認。,북경삼립,CN,Front End Module,라디에이터서포트,Radiator Support,SL-FEM-83815,2024-08-08,2024-08-18,2025-09-17,2025-09-30,2025-11-01,확정,기능불량,Functional Failure,Major,200,31.27,6504.16
CLM-000278,Kia,Kia Georgia Plant,US,en,Crack & Breakage detected on Steering Knuckle (SL-CHS-56281). Identified at Kia Georgia Plant.,SL Tennessee,US,Chassis Systems,너클,Steering Knuckle,SL-CHS-56281,2025-02-18,2025-02-21,2025-11-23,2025-12-05,2025-12-23,확정,크랙·파손,Crack & Breakage,Minor,2,25.16,58.87
CLM-000279,Kia,Kia India (Anantapur),IN,en,Surface & Plating Defect detected on Steering Knuckle (SL-CHS-38647). Identified at Kia India (Anantapur).,SL Poland,PL,Chassis Systems,너클,Steering Knuckle,SL-CHS-38647,2024-03-24,2024-04-02,2024-07-05,2024-07-13,2024-07-31,기각,표면·도금불량,Surface & Plating Defect,Minor,8,18.82,135.5
CLM-000280,Kia,Kia India (Anantapur),IN,en,Other detected on Daytime Running Lamp (SL-LMP-90455). Identified at Kia India (Anantapur).,SL Lumax (India),IN,Lamp Systems,주간주행등,Daytime Running Lamp,SL-LMP-90455,2021-11-28,2021-12-18,2023-01-14,2023-01-15,2023-02-10,보상완료,기타,Other,Minor,12,57.0,882.36
CLM-000281,Honda,Honda Suzuka Factory,JP,ja,Side Repeater Mirror（SL-MIR-26809）にWiring & Electrical Defectを検出。Honda Suzuka Factoryにて確認。,SL 천안공장,KR,Mirror Systems,사이드리피터미러,Side Repeater Mirror,SL-MIR-26809,2022-07-09,2022-07-25,2023-04-21,2023-04-29,2023-05-04,보상완료,배선·전장불량,Wiring & Electrical Defect,Minor,12,39.69,542.96
CLM-000282,Hyundai,현대자동차 울산공장,KR,ko,전조등(SL-LMP-98356) 부품에서 설계결함 발생. Hyundai 현대자동차 울산공장에서 확인됨.,SL 안산공장,KR,Lamp Systems,전조등,Head Lamp,SL-LMP-98356,2023-08-19,2023-08-25,2024-03-07,2024-03-13,2024-04-01,확정,설계결함,Design Flaw,Major,100,42.09,3914.37
CLM-000283,Subaru,Subaru Gunma Oizumi Plant,JP,ja,Inside Mirror（SL-MIR-58799）にOtherを検出。Subaru Gunma Oizumi Plantにて確認。,SL 천안공장,KR,Mirror Systems,룸미러,Inside Mirror,SL-MIR-58799,2024-06-14,2024-06-25,2025-01-17,2025-01-25,2025-02-05,확정,기타,Other,Major,500,31.43,13357.75
CLM-000284,Kia,기아 광명공장,KR,ko,사이드리피터미러(SL-MIR-29601) 부품에서 배선·전장불량 발생. Kia 기아 광명공장에서 확인됨.,SL 대구공장,KR,Mirror Systems,사이드리피터미러,Side Repeater Mirror,SL-MIR-29601,2025-08-13,2025-08-21,2025-08-26,2025-09-02,2025-10-15,확정,배선·전장불량,Wiring & Electrical Defect,Major,100,56.03,6667.57
CLM-000285,Kia,Kia India (Anantapur),IN,en,Functional Failure detected on Bumper Beam (SL-FEM-31409). Identified at Kia India (Anantapur).,SL 대구공장,KR,Front End Module,범퍼빔,Bumper Beam,SL-FEM-31409,2023-01-01,2023-01-12,2023-05-03,2023-05-11,2023-05-20,보상완료,기능불량,Functional Failure,Minor,12,15.01,176.52
CLM-000286,GM,GM Spring Hill Assembly,US,en,Foreign Material Contamination detected on Stabilizer Link (SL-CHS-89374). Identified at GM Spring Hill Assembly.,SL Tennessee,US,Chassis Systems,스태빌라이저링크,Stabilizer Link,SL-CHS-89374,2023-04-02,2023-04-22,2024-02-12,2024-02-15,2024-03-07,보상완료,이물혼입,Foreign Material Contamination,Minor,12,34.22,427.07
CLM-000287,Ford,Ford Kentucky Truck Plant,US,en,Design Flaw detected on Outside Mirror (SL-MIR-93962). Identified at Ford Kentucky Truck Plant.,SL Alabama,US,Mirror Systems,아웃사이드미러,Outside Mirror,SL-MIR-93962,2024-04-04,2024-04-19,2024-11-21,2024-12-05,2024-12-13,보상완료,설계결함,Design Flaw,Minor,12,31.41,361.84
CLM-000288,Kia,기아 광주공장,KR,ko,혼(SL-FEM-86928) 부품에서 조립불량 발생. Kia 기아 광주공장에서 확인됨.,SL 안산공장,KR,Front End Module,혼,Horn,SL-FEM-86928,2025-03-30,2025-04-15,2025-12-02,2025-12-05,,조사중,조립불량,Assembly Defect,Minor,3,27.65,93.73
CLM-000289,Subaru,Subaru of Indiana Automotive,US,en,Material Defect detected on Head Lamp (SL-LMP-72021). Identified at Subaru of Indiana Automotive.,SL Tennessee,US,Lamp Systems,전조등,Head Lamp,SL-LMP-72021,2023-03-23,2023-04-07,2023-04-21,2023-04-30,2023-05-08,보상완료,소재불량,Material Defect,Minor,8,65.18,438.01
CLM-000290,Subaru,Subaru Gunma Oizumi Plant,JP,ja,Bonnet Latch（SL-FEM-27206）にForeign Material Contaminationを検出。Subaru Gunma Oizumi Plantにて確認。,동풍삼립(우한),CN,Front End Module,본넷래치,Bonnet Latch,SL-FEM-27206,2025-09-14,2025-09-17,2025-12-14,2025-12-15,,접수,이물혼입,Foreign Material Contamination,Minor,50,20.61,1277.82
CLM-000291,Subaru,Subaru Gunma Oizumi Plant,JP,ja,Power Window Switch（SL-ELE-92712）にWiring & Electrical Defectを検出。Subaru Gunma Oizumi Plantにて確認。,호북삼립,CN,Electrification,파워윈도우스위치,Power Window Switch,SL-ELE-92712,2024-08-24,2024-09-13,2025-06-09,2025-06-14,2025-07-17,보상완료,배선·전장불량,Wiring & Electrical Defect,Minor,5,46.21,235.67
CLM-000292,Kia,기아 광주공장,KR,ko,와이어링하네스(SL-ELE-55073) 부품에서 기능불량 발생. Kia 기아 광주공장에서 확인됨.,SL 진량공장,KR,Electrification,와이어링하네스,Wiring Harness,SL-ELE-55073,2023-11-23,2023-12-13,2024-08-10,2024-08-11,2024-09-14,기각,기능불량,Functional Failure,Minor,8,10.41,84.95
CLM-000293,Kia,기아 광명공장,KR,ko,룸미러(SL-MIR-83472) 부품에서 치수불량 발생. Kia 기아 광명공장에서 확인됨.,상해삼립,CN,Mirror Systems,룸미러,Inside Mirror,SL-MIR-83472,2024-11-13,2024-11-23,2025-06-14,2025-06-17,2025-07-31,기각,치수불량,Dimensional Out-of-Spec,Minor,20,31.03,521.3
CLM-000294,BMW,BMW Spartanburg Plant,US,en,Crack & Breakage detected on Outside Mirror (SL-MIR-33908). Identified at BMW Spartanburg Plant.,SL Alabama,US,Mirror Systems,아웃사이드미러,Outside Mirror,SL-MIR-33908,2023-05-05,2023-05-11,2023-10-07,2023-10-18,2023-11-18,확정,크랙·파손,Crack & Breakage,Major,200,44.6,8563.2
CLM-000295,Hyundai,Beijing Hyundai Motor (BHMC),CN,zh,在Lower Control Arm（SL-CHS-67464）上发现Surface & Plating Defect。由Beijing Hyundai Motor (BHMC)确认。,동풍삼립(우한),CN,Chassis Systems,로어암,Lower Control Arm,SL-CHS-67464,2022-09-14,2022-09-19,2023-01-17,2023-01-20,,접수,표면·도금불량,Surface & Plating Defect,Minor,12,25.87,369.42
CLM-000296,GM,GM Spring Hill Assembly,US,en,Surface & Plating Defect detected on Tail Lamp (SL-LMP-17345). Identified at GM Spring Hill Assembly.,SL Alabama,US,Lamp Systems,후미등,Tail Lamp,SL-LMP-17345,2023-05-13,2023-05-28,2024-06-29,2024-07-01,2024-07-15,확정,표면·도금불량,Surface & Plating Defect,Minor,8,78.12,756.2
CLM-000297,Hyundai,현대자동차 아산공장,KR,ko,후미등(SL-LMP-70402) 부품에서 이물혼입 발생. Hyundai 현대자동차 아산공장에서 확인됨.,SL 대구공장,KR,Lamp Systems,후미등,Tail Lamp,SL-LMP-70402,2022-10-09,2022-10-18,2023-07-12,2023-07-20,2023-08-11,확정,이물혼입,Foreign Material Contamination,Minor,3,65.9,162.11
CLM-000298,Subaru,Subaru of Indiana Automotive,US,en,Design Flaw detected on Lower Control Arm (SL-CHS-97385). Identified at Subaru of Indiana Automotive.,SL Tennessee,US,Chassis Systems,로어암,Lower Control Arm,SL-CHS-97385,2024-01-14,2024-01-24,2024-03-22,2024-04-02,2024-04-05,확정,설계결함,Design Flaw,Minor,8,31.29,250.32
CLM-000299,Kia,기아 화성공장,KR,ko,와이어링하네스(SL-ELE-58679) 부품에서 기타 발생. Kia 기아 화성공장에서 확인됨.,SL 미러텍(시흥),KR,Electrification,와이어링하네스,Wiring Harness,SL-ELE-58679,2023-02-17,2023-02-25,2023-07-03,2023-07-11,,조사중,기타,Other,Minor,12,51.89,809.48
CLM-000300,BMW,BMW Leipzig Plant,DE,de,Assembly Defect bei Inside Mirror (SL-MIR-40497) festgestellt. Erkannt bei BMW Leipzig Plant.,SL Poland,PL,Mirror Systems,룸미러,Inside Mirror,SL-MIR-40497,2023-12-15,2023-12-29,2024-10-10,2024-10-23,2024-11-07,보상완료,조립불량,Assembly Defect,Minor,20,37.91,659.63
CLM-000301,Honda,Honda Suzuka Factory,JP,ja,Power Window Switch（SL-ELE-34874）にOtherを検出。Honda Suzuka Factoryにて確認。,SL 옌타이,CN,Electrification,파워윈도우스위치,Power Window Switch,SL-ELE-34874,2023-03-31,2023-04-14,2024-01-18,2024-01-24,2024-02-13,기각,기타,Other,Minor,100,17.22,1842.54
CLM-000302,GM,GM Spring Hill Assembly,US,en,Material Defect detected on Power Window Switch (SL-ELE-34318). Identified at GM Spring Hill Assembly.,SL Tennessee,US,Electrification,파워윈도우스위치,Power Window Switch,SL-ELE-34318,2022-03-13,2022-03-27,2023-02-08,2023-02-21,2023-03-16,기각,소재불량,Material Defect,Critical,500,53.52,32379.6
CLM-000303,Hyundai,HMGMA (Hyundai Motor Group Metaplant America),US,en,Material Defect detected on Sensor Module (SL-ELE-52283). Identified at HMGMA (Hyundai Motor Group Metaplant America).,SL 성서공장,KR,Electrification,센서모듈,Sensor Module,SL-ELE-52283,2024-05-12,2024-05-25,2025-04-19,2025-04-21,,조사중,소재불량,Material Defect,Minor,1,47.58,40.92
CLM-000304,Honda,Honda Marysville Auto Plant,US,en,Crack & Breakage detected on Rear Combination Lamp (SL-LMP-94115). Identified at Honda Marysville Auto Plant.,SL Tennessee,US,Lamp Systems,리어콤비램프,Rear Combination Lamp,SL-LMP-94115,2024-03-16,2024-04-03,2025-03-06,2025-03-15,2025-04-24,기각,크랙·파손,Crack & Breakage,Minor,1,48.81,53.69
CLM-000305,Hyundai,현대자동차 아산공장,KR,ko,안개등(SL-LMP-83140) 부품에서 조립불량 발생. Hyundai 현대자동차 아산공장에서 확인됨.,SL 천안공장,KR,Lamp Systems,안개등,Fog Lamp,SL-LMP-83140,2024-10-20,2024-10-24,2025-05-01,2025-05-15,2025-06-20,기각,조립불량,Assembly Defect,Minor,2,79.24,133.12
CLM-000306,Hyundai,Beijing Hyundai Motor (BHMC),CN,zh,在Bonnet Latch（SL-FEM-35312）上发现Design Flaw。由Beijing Hyundai Motor (BHMC)确认。,호북삼립,CN,Front End Module,본넷래치,Bonnet Latch,SL-FEM-35312,2024-12-31,2025-01-10,2025-12-13,2025-12-23,,접수,설계결함,Design Flaw,Minor,100,28.23,2851.23
CLM-000307,Hyundai,Beijing Hyundai Motor (BHMC),CN,zh,在Tail Lamp（SL-LMP-33644）上发现Functional Failure。由Beijing Hyundai Motor (BHMC)确认。,상해삼립,CN,Lamp Systems,후미등,Tail Lamp,SL-LMP-33644,2024-07-04,2024-07-17,2025-04-02,2025-04-13,2025-05-24,확정,기능불량,Functional Failure,Minor,12,83.66,1084.23
CLM-000308,KGM,KGM 평택공장,KR,ko,스태빌라이저링크(SL-CHS-41551) 부품에서 기능불량 발생. KGM 평택공장에서 확인됨.,SL 미러텍(시흥),KR,Chassis Systems,스태빌라이저링크,Stabilizer Link,SL-CHS-41551,2023-08-14,2023-09-03,2024-03-14,2024-03-29,2024-04-24,기각,기능불량,Functional Failure,Minor,50,43.67,1746.8
CLM-000309,Hyundai,HMMA (Hyundai Motor Manufacturing Alabama),US,en,Wiring & Electrical Defect detected on Fog Lamp (SL-LMP-39083). Identified at HMMA (Hyundai Motor Manufacturing Alabama).,SL Alabama,US,Lamp Systems,안개등,Fog Lamp,SL-LMP-39083,2023-10-02,2023-10-05,2024-03-15,2024-03-28,2024-04-17,보상완료,배선·전장불량,Wiring & Electrical Defect,Major,100,61.16,7706.16
CLM-000310,Hyundai,현대자동차 울산공장,KR,ko,너클(SL-CHS-86304) 부품에서 치수불량 발생. Hyundai 현대자동차 울산공장에서 확인됨.,SL 대구공장,KR,Chassis Systems,너클,Steering Knuckle,SL-CHS-86304,2024-01-16,2024-01-27,2024-05-26,2024-06-08,2024-07-17,확정,치수불량,Dimensional Out-of-Spec,Major,200,42.29,9895.86
CLM-000311,Ford,Changan Ford Chongqing,CN,zh,在Lower Control Arm（SL-CHS-85534）上发现Dimensional Out-of-Spec。由Changan Ford Chongqing确认。,호북삼립,CN,Chassis Systems,로어암,Lower Control Arm,SL-CHS-85534,2025-01-06,2025-01-10,2025-02-20,2025-03-07,2025-04-01,보상완료,치수불량,Dimensional Out-of-Spec,Minor,20,42.7,734.44
CLM-000312,Ford,Ford Kentucky Truck Plant,US,en,Design Flaw detected on Stabilizer Link (SL-CHS-15397). Identified at Ford Kentucky Truck Plant.,SL Tennessee,US,Chassis Systems,스태빌라이저링크,Stabilizer Link,SL-CHS-15397,2024-01-05,2024-01-12,2024-10-15,2024-10-21,2024-11-07,확정,설계결함,Design Flaw,Minor,1,34.23,44.5
CLM-000313,KGM,KGM 평택공장,KR,ko,아웃사이드미러(SL-MIR-54062) 부품에서 치수불량 발생. KGM 평택공장에서 확인됨.,SL 천안공장,KR,Mirror Systems,아웃사이드미러,Outside Mirror,SL-MIR-54062,2022-10-14,2022-10-18,2023-06-19,2023-06-28,2023-07-06,확정,치수불량,Dimensional Out-of-Spec,Major,100,41.72,4797.8
CLM-000314,Ford,Changan Ford Chongqing,CN,zh,在Wiring Harness（SL-ELE-83553）上发现Dimensional Out-of-Spec。由Changan Ford Chongqing确认。,상해삼립,CN,Electrification,와이어링하네스,Wiring Harness,SL-ELE-83553,2025-07-25,2025-08-04,2025-12-09,2025-12-11,,조사중,치수불량,Dimensional Out-of-Spec,Minor,12,40.81,533.79
CLM-000315,Hyundai,HMGMA (Hyundai Motor Group Metaplant America),US,en,Functional Failure detected on Steering Knuckle (SL-CHS-87840). Identified at HMGMA (Hyundai Motor Group Metaplant America).,SL Tennessee,US,Chassis Systems,너클,Steering Knuckle,SL-CHS-87840,2022-01-08,2022-01-20,2023-02-19,2023-02-22,2023-04-05,보상완료,기능불량,Functional Failure,Minor,200,16.81,2756.84
CLM-000316,Stellantis,Stellantis Toledo Assembly,US,en,Crack & Breakage detected on Head Lamp (SL-LMP-41856). Identified at Stellantis Toledo Assembly.,SL Tennessee,US,Lamp Systems,전조등,Head Lamp,SL-LMP-41856,2023-06-01,2023-06-04,2023-10-30,2023-11-05,2023-11-15,기각,크랙·파손,Crack & Breakage,Minor,50,55.63,2698.05
CLM-000317,Ford,Ford Michigan Assembly,US,en,Crack & Breakage detected on Wiring Harness (SL-ELE-97590). Identified at Ford Michigan Assembly.,SL Alabama,US,Electrification,와이어링하네스,Wiring Harness,SL-ELE-97590,2022-07-10,2022-07-29,2023-02-07,2023-02-08,2023-02-14,확정,크랙·파손,Crack & Breakage,Minor,5,45.51,252.58
CLM-000318,Hyundai,현대자동차 울산공장,KR,ko,로어암(SL-CHS-12500) 부품에서 소재불량 발생. Hyundai 현대자동차 울산공장에서 확인됨.,SL 미러텍(시흥),KR,Chassis Systems,로어암,Lower Control Arm,SL-CHS-12500,2023-09-09,2023-09-24,2024-08-22,2024-08-26,2024-09-30,보상완료,소재불량,Material Defect,Minor,12,27.99,369.47
CLM-000319,Hyundai,현대자동차 아산공장,KR,ko,전조등(SL-LMP-42426) 부품에서 설계결함 발생. Hyundai 현대자동차 아산공장에서 확인됨.,SL 성서공장,KR,Lamp Systems,전조등,Head Lamp,SL-LMP-42426,2025-07-03,2025-07-16,2025-12-20,2025-12-28,,접수,설계결함,Design Flaw,Minor,1,47.54,46.59
CLM-000320,BMW,BMW Munich Plant,DE,de,Design Flaw bei Lower Control Arm (SL-CHS-92023) festgestellt. Erkannt bei BMW Munich Plant.,SL Lumax (India),IN,Chassis Systems,로어암,Lower Control Arm,SL-CHS-92023,2023-11-22,2023-11-25,2024-06-11,2024-06-20,2024-07-07,보상완료,설계결함,Design Flaw,Minor,12,41.61,564.23
CLM-000321,Hyundai,HMGMA (Hyundai Motor Group Metaplant America),US,en,Design Flaw detected on Side Repeater Mirror (SL-MIR-30021). Identified at HMGMA (Hyundai Motor Group Metaplant America).,SL Alabama,US,Mirror Systems,사이드리피터미러,Side Repeater Mirror,SL-MIR-30021,2024-12-01,2024-12-14,2025-05-23,2025-05-31,2025-06-16,확정,설계결함,Design Flaw,Major,200,47.07,11296.8
CLM-000322,Honda,Honda Suzuka Factory,JP,ja,Side Repeater Mirror（SL-MIR-84035）にDesign Flawを検出。Honda Suzuka Factoryにて確認。,상해삼립,CN,Mirror Systems,사이드리피터미러,Side Repeater Mirror,SL-MIR-84035,2023-06-05,2023-06-10,2023-11-20,2023-11-29,2023-12-09,확정,설계결함,Design Flaw,Minor,12,61.98,647.07
CLM-000323,Hyundai,HMMA (Hyundai Motor Manufacturing Alabama),US,en,Assembly Defect detected on Horn (SL-FEM-68065). Identified at HMMA (Hyundai Motor Manufacturing Alabama).,SL Brazil,BR,Front End Module,혼,Horn,SL-FEM-68065,2024-04-18,2024-04-27,2024-07-14,2024-07-16,,조사중,조립불량,Assembly Defect,Major,200,24.66,5425.2
CLM-000324,BMW,BMW Munich Plant,DE,de,Dimensional Out-of-Spec bei Daytime Running Lamp (SL-LMP-27575) festgestellt. Erkannt bei BMW Munich Plant.,SL Poland,PL,Lamp Systems,주간주행등,Daytime Running Lamp,SL-LMP-27575,2024-12-01,2024-12-19,2025-10-25,2025-11-06,2025-11-20,기각,치수불량,Dimensional Out-of-Spec,Minor,50,55.8,2455.2
CLM-000325,Kia,Kia Georgia Plant,US,en,Other detected on Steering Knuckle (SL-CHS-39170). Identified at Kia Georgia Plant.,SL 진량공장,KR,Chassis Systems,너클,Steering Knuckle,SL-CHS-39170,2023-01-19,2023-01-28,2024-02-20,2024-02-22,2024-03-24,확정,기타,Other,Minor,50,34.7,2134.05
CLM-000326,Honda,Honda Suzuka Factory,JP,ja,Horn（SL-FEM-61662）にFunctional Failureを検出。Honda Suzuka Factoryにて確認。,호북삼립,CN,Front End Module,혼,Horn,SL-FEM-61662,2025-01-12,2025-01-16,2025-12-11,2025-12-20,,접수,기능불량,Functional Failure,Minor,1,31.7,29.16
CLM-000327,GM,GM Brazil Gravataí,BR,pt,Other detectado em Inside Mirror (SL-MIR-67613). Identificado na GM Brazil Gravataí.,SL Brazil,BR,Mirror Systems,룸미러,Inside Mirror,SL-MIR-67613,2024-10-09,2024-10-21,2025-03-26,2025-04-03,2025-04-24,확정,기타,Other,Minor,1,54.5,68.12
CLM-000328,GM,GM Brazil Gravataí,BR,pt,Surface & Plating Defect detectado em Wiring Harness (SL-ELE-61520). Identificado na GM Brazil Gravataí.,SL Brazil,BR,Electrification,와이어링하네스,Wiring Harness,SL-ELE-61520,2024-10-25,2024-11-11,2025-04-26,2025-04-27,2025-06-06,확정,표면·도금불량,Surface & Plating Defect,Minor,50,14.06,674.88
CLM-000329,BMW,BMW Munich Plant,DE,de,Other bei Head Lamp (SL-LMP-68903) festgestellt. Erkannt bei BMW Munich Plant.,SL 천안공장,KR,Lamp Systems,전조등,Head Lamp,SL-LMP-68903,2024-11-11,2024-11-30,2025-01-13,2025-01-25,2025-03-01,확정,기타,Other,Minor,3,49.61,147.34
CLM-000330,Ford,Ford-Werke Cologne,DE,de,Crack & Breakage bei Outside Mirror (SL-MIR-16725) festgestellt. Erkannt bei Ford-Werke Cologne.,SL Poland,PL,Mirror Systems,아웃사이드미러,Outside Mirror,SL-MIR-16725,2024-11-20,2024-12-02,2025-05-09,2025-05-21,2025-06-21,보상완료,크랙·파손,Crack & Breakage,Critical,500,29.03,18143.75
CLM-000331,KGM,KGM 평택공장,KR,ko,라디에이터서포트(SL-FEM-75358) 부품에서 기능불량 발생. KGM 평택공장에서 확인됨.,SL 진량공장,KR,Front End Module,라디에이터서포트,Radiator Support,SL-FEM-75358,2022-02-16,2022-03-06,2023-01-12,2023-01-16,2023-03-02,확정,기능불량,Functional Failure,Minor,50,19.07,800.94
CLM-000332,BMW,BMW Munich Plant,DE,de,Assembly Defect bei Wiring Harness (SL-ELE-16411) festgestellt. Erkannt bei BMW Munich Plant.,북경삼립,CN,Electrification,와이어링하네스,Wiring Harness,SL-ELE-16411,2023-10-26,2023-10-30,2024-01-14,2024-01-25,2024-02-06,확정,조립불량,Assembly Defect,Critical,500,36.01,19805.5
CLM-000333,Kia,기아 화성공장,KR,ko,사이드리피터미러(SL-MIR-47274) 부품에서 크랙·파손 발생. Kia 기아 화성공장에서 확인됨.,SL 대구공장,KR,Mirror Systems,사이드리피터미러,Side Repeater Mirror,SL-MIR-47274,2023-04-26,2023-05-10,2023-12-30,2024-01-14,,조사중,크랙·파손,Crack & Breakage,Minor,12,38.43,456.55
CLM-000334,Hyundai,HMGMA (Hyundai Motor Group Metaplant America),US,en,Surface & Plating Defect detected on Steering Knuckle (SL-CHS-27635). Identified at HMGMA (Hyundai Motor Group Metaplant America).,SL 안산공장,KR,Chassis Systems,너클,Steering Knuckle,SL-CHS-27635,2022-09-05,2022-09-16,2023-09-07,2023-09-13,2023-10-19,확정,표면·도금불량,Surface & Plating Defect,Minor,5,32.2,136.85
CLM-000335,Ford,Ford Kentucky Truck Plant,US,en,Other detected on Sensor Module (SL-ELE-44034). Identified at Ford Kentucky Truck Plant.,SL Alabama,US,Electrification,센서모듈,Sensor Module,SL-ELE-44034,2025-02-06,2025-02-20,2025-12-12,2025-12-27,,접수,기타,Other,Minor,50,33.39,1869.84
CLM-000336,GM,GM Korea 창원공장,KR,ko,로어암(SL-CHS-10207) 부품에서 기타 발생. GM Korea 창원공장에서 확인됨.,SL Alabama,US,Chassis Systems,로어암,Lower Control Arm,SL-CHS-10207,2023-08-01,2023-08-18,2023-08-31,2023-09-11,2023-09-27,보상완료,기타,Other,Minor,20,25.66,497.8
CLM-000337,GM,GM Brazil Gravataí,BR,pt,Foreign Material Contamination detectado em Lower Control Arm (SL-CHS-50340). Identificado na GM Brazil Gravataí.,SL Brazil,BR,Chassis Systems,로어암,Lower Control Arm,SL-CHS-50340,2023-12-01,2023-12-21,2024-09-06,2024-09-12,2024-09-22,보상완료,이물혼입,Foreign Material Contamination,Minor,12,25.07,324.91
CLM-000338,KGM,KGM 평택공장,KR,ko,라디에이터서포트(SL-FEM-14660) 부품에서 이물혼입 발생. KGM 평택공장에서 확인됨.,SL 미러텍(시흥),KR,Front End Module,라디에이터서포트,Radiator Support,SL-FEM-14660,2023-01-25,2023-02-01,2023-10-06,2023-10-17,2023-11-23,확정,이물혼입,Foreign Material Contamination,Minor,50,29.17,1473.09
CLM-000339,Ford,Ford-Werke Cologne,DE,de,Foreign Material Contamination bei Actuator Motor (SL-ELE-37297) festgestellt. Erkannt bei Ford-Werke Cologne.,SL 성서공장,KR,Electrification,액추에이터모터,Actuator Motor,SL-ELE-37297,2024-05-07,2024-05-12,2024-11-10,2024-11-13,2024-11-17,확정,이물혼입,Foreign Material Contamination,Minor,20,38.19,931.84
CLM-000340,GM,GM Fort Wayne Assembly,US,en,Functional Failure detected on Stabilizer Link (SL-CHS-14145). Identified at GM Fort Wayne Assembly.,SL Alabama,US,Chassis Systems,스태빌라이저링크,Stabilizer Link,SL-CHS-14145,2023-12-06,2023-12-11,2024-07-10,2024-07-18,2024-08-13,보상완료,기능불량,Functional Failure,Minor,8,19.13,145.39
CLM-000341,Hyundai,현대자동차 울산공장,KR,ko,범퍼빔(SL-FEM-73263) 부품에서 크랙·파손 발생. Hyundai 현대자동차 울산공장에서 확인됨.,SL 안산공장,KR,Front End Module,범퍼빔,Bumper Beam,SL-FEM-73263,2025-07-25,2025-08-03,2025-10-21,2025-10-27,2025-12-02,보상완료,크랙·파손,Crack & Breakage,Minor,12,11.87,176.63
CLM-000342,Stellantis,Stellantis Toluca Assembly,MX,es,Se detectó Material Defect en Daytime Running Lamp (SL-LMP-60801). Identificado en Stellantis Toluca Assembly.,SL Mexico (SLP),MX,Lamp Systems,주간주행등,Daytime Running Lamp,SL-LMP-60801,2025-10-03,2025-10-06,2025-12-05,2025-12-10,2025-12-31,기각,소재불량,Material Defect,Minor,12,55.35,544.64
CLM-000343,GM,GM Brazil Gravataí,BR,pt,Foreign Material Contamination detectado em Sensor Module (SL-ELE-93735). Identificado na GM Brazil Gravataí.,SL 진량공장,KR,Electrification,센서모듈,Sensor Module,SL-ELE-93735,2023-09-13,2023-09-22,2024-03-05,2024-03-09,2024-04-15,확정,이물혼입,Foreign Material Contamination,Minor,50,40.2,1889.4
CLM-000344,Hyundai,현대자동차 울산공장,KR,ko,센서모듈(SL-ELE-82006) 부품에서 표면·도금불량 발생. Hyundai 현대자동차 울산공장에서 확인됨.,SL 대구공장,KR,Electrification,센서모듈,Sensor Module,SL-ELE-82006,2024-05-21,2024-05-28,2024-10-14,2024-10-26,2024-12-04,보상완료,표면·도금불량,Surface & Plating Defect,Minor,3,13.21,43.99
CLM-000345,Kia,Kia Georgia Plant,US,en,Other detected on Head Lamp (SL-LMP-60279). Identified at Kia Georgia Plant.,SL Alabama,US,Lamp Systems,전조등,Head Lamp,SL-LMP-60279,2023-02-19,2023-03-07,2023-04-21,2023-04-28,2023-06-08,확정,기타,Other,Critical,500,79.35,45626.25
CLM-000346,BMW,BMW Spartanburg Plant,US,en,Functional Failure detected on Bonnet Latch (SL-FEM-22178). Identified at BMW Spartanburg Plant.,SL Tennessee,US,Front End Module,본넷래치,Bonnet Latch,SL-FEM-22178,2025-06-11,2025-06-28,2025-08-17,2025-08-22,2025-09-23,기각,기능불량,Functional Failure,Minor,5,33.58,146.07
CLM-000347,Honda,Honda Suzuka Factory,JP,ja,Side Repeater Mirror（SL-MIR-97186）にFunctional Failureを検出。Honda Suzuka Factoryにて確認。,호북삼립,CN,Mirror Systems,사이드리피터미러,Side Repeater Mirror,SL-MIR-97186,2024-05-07,2024-05-24,2024-11-07,2024-11-15,,조사중,기능불량,Functional Failure,Minor,2,37.57,77.39
CLM-000348,Hyundai,HMMA (Hyundai Motor Manufacturing Alabama),US,en,Surface & Plating Defect detected on Bumper Beam (SL-FEM-52712). Identified at HMMA (Hyundai Motor Manufacturing Alabama).,SL Tennessee,US,Front End Module,범퍼빔,Bumper Beam,SL-FEM-52712,2022-12-02,2022-12-22,2023-05-26,2023-06-03,2023-07-02,확정,표면·도금불량,Surface & Plating Defect,Minor,200,14.58,2566.08
CLM-000349,GM,GM Korea 부평공장,KR,ko,센서모듈(SL-ELE-81372) 부품에서 기능불량 발생. GM Korea 부평공장에서 확인됨.,SL 천안공장,KR,Electrification,센서모듈,Sensor Module,SL-ELE-81372,2024-01-25,2024-01-30,2024-04-28,2024-05-10,2024-06-18,보상완료,기능불량,Functional Failure,Minor,2,36.65,75.5
CLM-000350,GM,GM Fort Wayne Assembly,US,en,Surface & Plating Defect detected on Actuator Motor (SL-ELE-99850). Identified at GM Fort Wayne Assembly.,SL Tennessee,US,Electrification,액추에이터모터,Actuator Motor,SL-ELE-99850,2024-08-13,2024-08-31,2025-02-15,2025-02-26,2025-03-06,기각,표면·도금불량,Surface & Plating Defect,Minor,3,49.93,187.24
CLM-000351,BMW,BMW Leipzig Plant,DE,de,Other bei Horn (SL-FEM-61115) festgestellt. Erkannt bei BMW Leipzig Plant.,SL 성서공장,KR,Front End Module,혼,Horn,SL-FEM-61115,2025-03-16,2025-03-25,2025-07-04,2025-07-15,2025-08-06,보상완료,기타,Other,Major,500,16.22,10299.7
CLM-000352,GM,GM Spring Hill Assembly,US,en,Assembly Defect detected on Power Window Switch (SL-ELE-26718). Identified at GM Spring Hill Assembly.,SL 진량공장,KR,Electrification,파워윈도우스위치,Power Window Switch,SL-ELE-26718,2024-07-10,2024-07-24,2024-08-25,2024-09-09,2024-09-15,확정,조립불량,Assembly Defect,Major,100,46.93,4599.14
CLM-000353,Honda,Honda Marysville Auto Plant,US,en,Surface & Plating Defect detected on Radiator Support (SL-FEM-60012). Identified at Honda Marysville Auto Plant.,SL Alabama,US,Front End Module,라디에이터서포트,Radiator Support,SL-FEM-60012,2024-08-25,2024-09-03,2025-06-10,2025-06-21,2025-07-02,확정,표면·도금불량,Surface & Plating Defect,Minor,100,18.38,2315.88
CLM-000354,Stellantis,Stellantis Toledo Assembly,US,en,Material Defect detected on Head Lamp (SL-LMP-94985). Identified at Stellantis Toledo Assembly.,SL Tennessee,US,Lamp Systems,전조등,Head Lamp,SL-LMP-94985,2022-11-02,2022-11-20,2023-02-02,2023-02-13,2023-02-24,확정,소재불량,Material Defect,Minor,3,66.75,202.25
CLM-000355,GM,GM Brazil Gravataí,BR,pt,Assembly Defect detectado em Radiator Support (SL-FEM-82358). Identificado na GM Brazil Gravataí.,SL Brazil,BR,Front End Module,라디에이터서포트,Radiator Support,SL-FEM-82358,2024-12-11,2024-12-25,2025-07-10,2025-07-14,2025-08-24,확정,조립불량,Assembly Defect,Major,200,21.45,5019.3
CLM-000356,Ford,Ford-Werke Cologne,DE,de,Wiring & Electrical Defect bei Rear Combination Lamp (SL-LMP-73342) festgestellt. Erkannt bei Ford-Werke Cologne.,SL 진량공장,KR,Lamp Systems,리어콤비램프,Rear Combination Lamp,SL-LMP-73342,2024-11-09,2024-11-27,2025-01-24,2025-02-05,,조사중,배선·전장불량,Wiring & Electrical Defect,Minor,8,55.22,371.08
CLM-000357,Honda,Honda Marysville Auto Plant,US,en,Functional Failure detected on Actuator Motor (SL-ELE-55029). Identified at Honda Marysville Auto Plant.,SL Alabama,US,Electrification,액추에이터모터,Actuator Motor,SL-ELE-55029,2024-11-24,2024-11-27,2025-12-31,2025-12-31,,접수,기능불량,Functional Failure,Major,200,43.02,8690.04
CLM-000358,KGM,KGM 평택공장,KR,ko,센서모듈(SL-ELE-83886) 부품에서 크랙·파손 발생. KGM 평택공장에서 확인됨.,SL 미러텍(시흥),KR,Electrification,센서모듈,Sensor Module,SL-ELE-83886,2024-04-28,2024-05-16,2024-06-17,2024-06-27,2024-07-03,확정,크랙·파손,Crack & Breakage,Minor,200,11.23,2335.84
CLM-000359,Hyundai,현대자동차 울산공장,KR,ko,로어암(SL-CHS-90713) 부품에서 설계결함 발생. Hyundai 현대자동차 울산공장에서 확인됨.,북경삼립,CN,Chassis Systems,로어암,Lower Control Arm,SL-CHS-90713,2024-02-28,2024-03-10,2024-07-29,2024-07-30,2024-09-09,기각,설계결함,Design Flaw,Major,200,36.39,8224.14
CLM-000360,Kia,기아 광명공장,KR,ko,사이드리피터미러(SL-MIR-14337) 부품에서 기능불량 발생. Kia 기아 광명공장에서 확인됨.,SL 천안공장,KR,Mirror Systems,사이드리피터미러,Side Repeater Mirror,SL-MIR-14337,2024-10-13,2024-10-20,2024-12-03,2024-12-13,2024-12-25,보상완료,기능불량,Functional Failure,Minor,20,58.52,1076.77
CLM-000361,GM,GM Brazil Gravataí,BR,pt,Surface & Plating Defect detectado em Lower Control Arm (SL-CHS-16884). Identificado na GM Brazil Gravataí.,SL Brazil,BR,Chassis Systems,로어암,Lower Control Arm,SL-CHS-16884,2023-04-01,2023-04-16,2023-12-10,2023-12-18,2024-01-24,확정,표면·도금불량,Surface & Plating Defect,Minor,20,34.56,691.2
CLM-000362,Kia,Kia India (Anantapur),IN,en,Foreign Material Contamination detected on Steering Knuckle (SL-CHS-60070). Identified at Kia India (Anantapur).,SL 진량공장,KR,Chassis Systems,너클,Steering Knuckle,SL-CHS-60070,2024-01-06,2024-01-10,2024-10-08,2024-10-10,2024-11-22,보상완료,이물혼입,Foreign Material Contamination,Minor,20,32.15,726.59
CLM-000363,Kia,기아 광주공장,KR,ko,파워윈도우스위치(SL-ELE-70438) 부품에서 이물혼입 발생. Kia 기아 광주공장에서 확인됨.,SL 안산공장,KR,Electrification,파워윈도우스위치,Power Window Switch,SL-ELE-70438,2023-04-21,2023-04-30,2024-05-10,2024-05-19,2024-06-02,확정,이물혼입,Foreign Material Contamination,Minor,100,10.48,838.4
CLM-000364,Hyundai,HMGMA (Hyundai Motor Group Metaplant America),US,en,Other detected on Lower Control Arm (SL-CHS-47132). Identified at HMGMA (Hyundai Motor Group Metaplant America).,SL Alabama,US,Chassis Systems,로어암,Lower Control Arm,SL-CHS-47132,2024-02-17,2024-02-21,2024-05-30,2024-05-31,2024-06-06,기각,기타,Other,Critical,500,41.5,18882.5
CLM-000365,BMW,BMW Leipzig Plant,DE,de,Design Flaw bei Rear Combination Lamp (SL-LMP-27027) festgestellt. Erkannt bei BMW Leipzig Plant.,SL 천안공장,KR,Lamp Systems,리어콤비램프,Rear Combination Lamp,SL-LMP-27027,2024-02-29,2024-03-08,2025-02-08,2025-02-23,,조사중,설계결함,Design Flaw,Minor,8,44.15,399.12
CLM-000366,Hyundai,HMGMA (Hyundai Motor Group Metaplant America),US,en,Dimensional Out-of-Spec detected on Horn (SL-FEM-43729). Identified at HMGMA (Hyundai Motor Group Metaplant America).,북경삼립,CN,Front End Module,혼,Horn,SL-FEM-43729,2022-10-19,2022-10-24,2023-11-28,2023-12-03,2023-12-30,보상완료,치수불량,Dimensional Out-of-Spec,Minor,12,34.89,389.37
CLM-000367,Stellantis,Stellantis Toledo Assembly,US,en,Other detected on Power Window Switch (SL-ELE-33388). Identified at Stellantis Toledo Assembly.,SL Tennessee,US,Electrification,파워윈도우스위치,Power Window Switch,SL-ELE-33388,2025-08-02,2025-08-09,2025-10-04,2025-10-13,2025-10-29,보상완료,기타,Other,Major,500,14.78,7537.8
CLM-000368,Kia,기아 화성공장,KR,ko,주간주행등(SL-LMP-29510) 부품에서 치수불량 발생. Kia 기아 화성공장에서 확인됨.,SL 천안공장,KR,Lamp Systems,주간주행등,Daytime Running Lamp,SL-LMP-29510,2022-11-28,2022-12-13,2023-01-02,2023-01-07,2023-01-31,확정,치수불량,Dimensional Out-of-Spec,Major,200,25.24,5805.2
CLM-000369,Ford,Changan Ford Chongqing,CN,zh,在Outside Mirror（SL-MIR-60387）上发现Crack & Breakage。由Changan Ford Chongqing确认。,호북삼립,CN,Mirror Systems,아웃사이드미러,Outside Mirror,SL-MIR-60387,2025-06-23,2025-07-13,2025-09-14,2025-09-29,2025-10-23,보상완료,크랙·파손,Crack & Breakage,Minor,20,22.76,591.76
CLM-000370,BMW,BMW Spartanburg Plant,US,en,Surface & Plating Defect detected on Horn (SL-FEM-94907). Identified at BMW Spartanburg Plant.,SL Tennessee,US,Front End Module,혼,Horn,SL-FEM-94907,2023-11-01,2023-11-21,2024-02-20,2024-02-21,2024-04-06,보상완료,표면·도금불량,Surface & Plating Defect,Minor,8,26.79,267.9
CLM-000371,BMW,BMW Spartanburg Plant,US,en,Crack & Breakage detected on Outside Mirror (SL-MIR-35309). Identified at BMW Spartanburg Plant.,SL Tennessee,US,Mirror Systems,아웃사이드미러,Outside Mirror,SL-MIR-35309,2022-02-07,2022-02-17,2023-02-21,2023-03-01,2023-04-07,확정,크랙·파손,Crack & Breakage,Minor,50,46.7,2848.7
CLM-000372,GM,GM Korea 부평공장,KR,ko,주간주행등(SL-LMP-25491) 부품에서 설계결함 발생. GM Korea 부평공장에서 확인됨.,SL 안산공장,KR,Lamp Systems,주간주행등,Daytime Running Lamp,SL-LMP-25491,2023-03-21,2023-04-09,2024-03-09,2024-03-17,2024-04-23,보상완료,설계결함,Design Flaw,Major,200,40.14,6743.52
CLM-000373,Ford,Changan Ford Chongqing,CN,zh,在Tail Lamp（SL-LMP-95037）上发现Crack & Breakage。由Changan Ford Chongqing确认。,호북삼립,CN,Lamp Systems,후미등,Tail Lamp,SL-LMP-95037,2023-09-09,2023-09-17,2023-09-25,2023-10-06,,조사중,크랙·파손,Crack & Breakage,Minor,2,54.65,97.28
CLM-000374,BMW,BMW Leipzig Plant,DE,de,Foreign Material Contamination bei Inside Mirror (SL-MIR-54216) festgestellt. Erkannt bei BMW Leipzig Plant.,SL Poland,PL,Mirror Systems,룸미러,Inside Mirror,SL-MIR-54216,2024-10-12,2024-10-18,2025-04-03,2025-04-14,2025-04-25,확정,이물혼입,Foreign Material Contamination,Minor,5,58.21,320.16
CLM-000375,Kia,기아 화성공장,KR,ko,스태빌라이저링크(SL-CHS-31627) 부품에서 기타 발생. Kia 기아 화성공장에서 확인됨.,SL 대구공장,KR,Chassis Systems,스태빌라이저링크,Stabilizer Link,SL-CHS-31627,2025-02-08,2025-02-12,2025-06-17,2025-06-20,,조사중,기타,Other,Minor,20,37.66,610.09
CLM-000376,GM,GM Korea 부평공장,KR,ko,센서모듈(SL-ELE-64555) 부품에서 크랙·파손 발생. GM Korea 부평공장에서 확인됨.,SL 미러텍(시흥),KR,Electrification,센서모듈,Sensor Module,SL-ELE-64555,2024-09-04,2024-09-11,2025-09-01,2025-09-05,,조사중,크랙·파손,Crack & Breakage,Minor,100,30.27,2784.84
CLM-000377,Hyundai,현대자동차 울산공장,KR,ko,안개등(SL-LMP-55593) 부품에서 소재불량 발생. Hyundai 현대자동차 울산공장에서 확인됨.,SL 성서공장,KR,Lamp Systems,안개등,Fog Lamp,SL-LMP-55593,2025-04-14,2025-05-04,2025-05-07,2025-05-11,2025-06-16,확정,소재불량,Material Defect,Major,200,48.52,11450.72
CLM-000378,GM,GM Korea 창원공장,KR,ko,후미등(SL-LMP-24769) 부품에서 조립불량 발생. GM Korea 창원공장에서 확인됨.,SL 안산공장,KR,Lamp Systems,후미등,Tail Lamp,SL-LMP-24769,2022-10-29,2022-11-16,2023-11-02,2023-11-10,2023-12-25,확정,조립불량,Assembly Defect,Minor,1,66.92,62.9
CLM-000379,GM,GM Spring Hill Assembly,US,en,Surface & Plating Defect detected on Head Lamp (SL-LMP-80432). Identified at GM Spring Hill Assembly.,SL Tennessee,US,Lamp Systems,전조등,Head Lamp,SL-LMP-80432,2023-10-04,2023-10-07,2023-12-27,2024-01-04,2024-01-11,확정,표면·도금불량,Surface & Plating Defect,Major,50,63.53,3049.44
CLM-000380,Hyundai,HMMA (Hyundai Motor Manufacturing Alabama),US,en,Other detected on Outside Mirror (SL-MIR-41079). Identified at HMMA (Hyundai Motor Manufacturing Alabama).,SL Alabama,US,Mirror Systems,아웃사이드미러,Outside Mirror,SL-MIR-41079,2024-12-27,2025-01-11,2025-04-24,2025-05-09,2025-06-11,확정,기타,Other,Minor,50,22.72,1158.72
CLM-000381,Hyundai,Beijing Hyundai Motor (BHMC),CN,zh,在Inside Mirror（SL-MIR-35448）上发现Other。由Beijing Hyundai Motor (BHMC)确认。,동풍삼립(우한),CN,Mirror Systems,룸미러,Inside Mirror,SL-MIR-35448,2024-08-09,2024-08-18,2025-01-04,2025-01-10,,조사중,기타,Other,Minor,1,34.03,29.27
CLM-000382,GM,GM Fort Wayne Assembly,US,en,Wiring & Electrical Defect detected on Stabilizer Link (SL-CHS-30550). Identified at GM Fort Wayne Assembly.,SL Tennessee,US,Chassis Systems,스태빌라이저링크,Stabilizer Link,SL-CHS-30550,2023-02-02,2023-02-22,2023-12-15,2023-12-29,2024-01-27,확정,배선·전장불량,Wiring & Electrical Defect,Minor,50,40.45,1840.48
CLM-000383,GM,GM Fort Wayne Assembly,US,en,Dimensional Out-of-Spec detected on Inside Mirror (SL-MIR-66917). Identified at GM Fort Wayne Assembly.,SL Tennessee,US,Mirror Systems,룸미러,Inside Mirror,SL-MIR-66917,2023-05-26,2023-06-02,2024-03-31,2024-04-15,2024-04-18,확정,치수불량,Dimensional Out-of-Spec,Minor,1,22.0,22.88
CLM-000384,Ford,Ford Kentucky Truck Plant,US,en,Dimensional Out-of-Spec detected on Daytime Running Lamp (SL-LMP-74918). Identified at Ford Kentucky Truck Plant.,SL Alabama,US,Lamp Systems,주간주행등,Daytime Running Lamp,SL-LMP-74918,2024-03-05,2024-03-25,2024-05-07,2024-05-20,,접수,치수불량,Dimensional Out-of-Spec,Minor,5,33.63,159.74
CLM-000385,BMW,BMW Leipzig Plant,DE,de,Foreign Material Contamination bei Bumper Beam (SL-FEM-69616) festgestellt. Erkannt bei BMW Leipzig Plant.,SL 대구공장,KR,Front End Module,범퍼빔,Bumper Beam,SL-FEM-69616,2024-06-30,2024-07-07,2025-08-07,2025-08-21,2025-09-04,기각,이물혼입,Foreign Material Contamination,Major,500,20.54,11502.4
CLM-000386,Honda,Honda Marysville Auto Plant,US,en,Wiring & Electrical Defect detected on Steering Knuckle (SL-CHS-45361). Identified at Honda Marysville Auto Plant.,SL Tennessee,US,Chassis Systems,너클,Steering Knuckle,SL-CHS-45361,2023-03-10,2023-03-15,2024-02-29,2024-03-10,2024-03-16,보상완료,배선·전장불량,Wiring & Electrical Defect,Major,500,24.01,9964.15
CLM-000387,Kia,Kia Georgia Plant,US,en,Wiring & Electrical Defect detected on Side Repeater Mirror (SL-MIR-83241). Identified at Kia Georgia Plant.,SL Alabama,US,Mirror Systems,사이드리피터미러,Side Repeater Mirror,SL-MIR-83241,2022-07-25,2022-08-03,2023-05-18,2023-05-21,2023-06-08,보상완료,배선·전장불량,Wiring & Electrical Defect,Minor,2,52.45,122.73
CLM-000388,Ford,Ford Michigan Assembly,US,en,Foreign Material Contamination detected on Steering Knuckle (SL-CHS-45043). Identified at Ford Michigan Assembly.,SL Alabama,US,Chassis Systems,너클,Steering Knuckle,SL-CHS-45043,2024-10-28,2024-11-13,2025-10-28,2025-11-02,,조사중,이물혼입,Foreign Material Contamination,Minor,12,26.93,339.32
CLM-000389,Stellantis,Stellantis Sterling Heights Assembly,US,en,Design Flaw detected on Horn (SL-FEM-98251). Identified at Stellantis Sterling Heights Assembly.,SL 옌타이,CN,Front End Module,혼,Horn,SL-FEM-98251,2023-01-21,2023-02-07,2023-05-15,2023-05-17,,조사중,설계결함,Design Flaw,Minor,8,33.87,227.61
CLM-000390,Hyundai,현대자동차 울산공장,KR,ko,사이드리피터미러(SL-MIR-92218) 부품에서 기능불량 발생. Hyundai 현대자동차 울산공장에서 확인됨.,SL 대구공장,KR,Mirror Systems,사이드리피터미러,Side Repeater Mirror,SL-MIR-92218,2022-09-02,2022-09-18,2023-02-16,2023-02-27,2023-03-10,확정,기능불량,Functional Failure,Minor,12,41.01,575.78
CLM-000391,Hyundai,현대자동차 아산공장,KR,ko,너클(SL-CHS-85851) 부품에서 배선·전장불량 발생. Hyundai 현대자동차 아산공장에서 확인됨.,SL 성서공장,KR,Chassis Systems,너클,Steering Knuckle,SL-CHS-85851,2023-12-20,2024-01-02,2024-12-03,2024-12-11,2025-01-16,확정,배선·전장불량,Wiring & Electrical Defect,Minor,50,27.11,1463.94
CLM-000392,Honda,Honda Suzuka Factory,JP,ja,Horn（SL-FEM-47767）にOtherを検出。Honda Suzuka Factoryにて確認。,SL 대구공장,KR,Front End Module,혼,Horn,SL-FEM-47767,2023-01-07,2023-01-21,2023-04-07,2023-04-12,2023-04-25,확정,기타,Other,Minor,3,27.22,76.76
CLM-000393,KGM,KGM 평택공장,KR,ko,스태빌라이저링크(SL-CHS-26577) 부품에서 이물혼입 발생. KGM 평택공장에서 확인됨.,SL 진량공장,KR,Chassis Systems,스태빌라이저링크,Stabilizer Link,SL-CHS-26577,2025-01-24,2025-02-07,2025-06-21,2025-06-24,2025-06-29,확정,이물혼입,Foreign Material Contamination,Minor,12,16.88,206.61
CLM-000394,KGM,KGM 평택공장,KR,ko,본넷래치(SL-FEM-70036) 부품에서 이물혼입 발생. KGM 평택공장에서 확인됨.,SL 천안공장,KR,Front End Module,본넷래치,Bonnet Latch,SL-FEM-70036,2024-07-26,2024-07-29,2024-10-17,2024-10-29,2024-12-03,확정,이물혼입,Foreign Material Contamination,Major,500,27.05,14066.0
CLM-000395,Kia,Kia India (Anantapur),IN,en,Other detected on Daytime Running Lamp (SL-LMP-15253). Identified at Kia India (Anantapur).,SL Lumax (India),IN,Lamp Systems,주간주행등,Daytime Running Lamp,SL-LMP-15253,2022-10-10,2022-10-30,2023-10-13,2023-10-15,2023-11-12,확정,기타,Other,Minor,5,53.99,229.46
CLM-000396,Hyundai,현대자동차 아산공장,KR,ko,아웃사이드미러(SL-MIR-20956) 부품에서 이물혼입 발생. Hyundai 현대자동차 아산공장에서 확인됨.,SL 안산공장,KR,Mirror Systems,아웃사이드미러,Outside Mirror,SL-MIR-20956,2024-07-14,2024-07-19,2025-07-01,2025-07-10,2025-08-13,확정,이물혼입,Foreign Material Contamination,Major,200,50.25,12763.5
CLM-000397,Honda,Honda Suzuka Factory,JP,ja,Horn（SL-FEM-11597）にMaterial Defectを検出。Honda Suzuka Factoryにて確認。,SL 안산공장,KR,Front End Module,혼,Horn,SL-FEM-11597,2024-01-27,2024-02-10,2024-08-05,2024-08-10,2024-09-17,보상완료,소재불량,Material Defect,Minor,5,27.65,141.02
CLM-000398,KGM,KGM 평택공장,KR,ko,본넷래치(SL-FEM-86962) 부품에서 이물혼입 발생. KGM 평택공장에서 확인됨.,SL 미러텍(시흥),KR,Front End Module,본넷래치,Bonnet Latch,SL-FEM-86962,2023-04-04,2023-04-13,2023-06-26,2023-07-01,2023-08-06,확정,이물혼입,Foreign Material Contamination,Minor,2,33.2,73.04
CLM-000399,Kia,기아 화성공장,KR,ko,사이드리피터미러(SL-MIR-70570) 부품에서 기능불량 발생. Kia 기아 화성공장에서 확인됨.,SL 천안공장,KR,Mirror Systems,사이드리피터미러,Side Repeater Mirror,SL-MIR-70570,2023-06-19,2023-06-27,2023-10-08,2023-10-22,2023-11-29,확정,기능불량,Functional Failure,Minor,1,61.14,58.08
CLM-000400,BMW,BMW Brilliance Shenyang,CN,zh,在Head Lamp（SL-LMP-30188）上发现Dimensional Out-of-Spec。由BMW Brilliance Shenyang确认。,SL 옌타이,CN,Lamp Systems,전조등,Head Lamp,SL-LMP-30188,2024-01-01,2024-01-19,2024-06-21,2024-06-23,2024-07-14,기각,치수불량,Dimensional Out-of-Spec,Minor,3,56.97,194.84
CLM-000401,Kia,기아 화성공장,KR,ko,리어콤비램프(SL-LMP-57416) 부품에서 소재불량 발생. Kia 기아 화성공장에서 확인됨.,SL Poland,PL,Lamp Systems,리어콤비램프,Rear Combination Lamp,SL-LMP-57416,2024-11-09,2024-11-25,2025-09-11,2025-09-25,2025-10-28,확정,소재불량,Material Defect,Minor,12,58.31,762.69
CLM-000402,Stellantis,Stellantis Toledo Assembly,US,en,Assembly Defect detected on Bonnet Latch (SL-FEM-56843). Identified at Stellantis Toledo Assembly.,SL Alabama,US,Front End Module,본넷래치,Bonnet Latch,SL-FEM-56843,2023-10-23,2023-11-03,2023-12-01,2023-12-07,2024-01-01,확정,조립불량,Assembly Defect,Minor,8,15.87,142.2
CLM-000403,Hyundai,현대자동차 아산공장,KR,ko,리어콤비램프(SL-LMP-31906) 부품에서 소재불량 발생. Hyundai 현대자동차 아산공장에서 확인됨.,SL 미러텍(시흥),KR,Lamp Systems,리어콤비램프,Rear Combination Lamp,SL-LMP-31906,2024-05-01,2024-05-13,2024-10-22,2024-10-27,2024-11-22,기각,소재불량,Material Defect,Major,100,62.7,7586.7
CLM-000404,Hyundai,Beijing Hyundai Motor (BHMC),CN,zh,在Lower Control Arm（SL-CHS-23424）上发现Other。由Beijing Hyundai Motor (BHMC)确认。,상해삼립,CN,Chassis Systems,로어암,Lower Control Arm,SL-CHS-23424,2023-12-14,2024-01-02,2024-03-22,2024-03-26,2024-05-03,보상완료,기타,Other,Major,100,39.92,4630.72
CLM-000405,Ford,Ford Kentucky Truck Plant,US,en,Wiring & Electrical Defect detected on Outside Mirror (SL-MIR-72851). Identified at Ford Kentucky Truck Plant.,SL Tennessee,US,Mirror Systems,아웃사이드미러,Outside Mirror,SL-MIR-72851,2024-06-23,2024-07-07,2024-12-14,2024-12-17,2025-01-27,보상완료,배선·전장불량,Wiring & Electrical Defect,Minor,12,28.61,326.15
CLM-000406,Ford,Ford Kentucky Truck Plant,US,en,Material Defect detected on Lower Control Arm (SL-CHS-37504). Identified at Ford Kentucky Truck Plant.,SL Tennessee,US,Chassis Systems,로어암,Lower Control Arm,SL-CHS-37504,2023-07-29,2023-08-14,2023-09-24,2023-10-06,2023-10-16,보상완료,소재불량,Material Defect,Minor,1,37.56,44.32
CLM-000407,Hyundai,현대자동차 울산공장,KR,ko,안개등(SL-LMP-15672) 부품에서 소재불량 발생. Hyundai 현대자동차 울산공장에서 확인됨.,SL 천안공장,KR,Lamp Systems,안개등,Fog Lamp,SL-LMP-15672,2022-12-09,2022-12-12,2023-05-16,2023-05-29,,조사중,소재불량,Material Defect,Major,200,38.35,9587.5
CLM-000408,Hyundai,HMMA (Hyundai Motor Manufacturing Alabama),US,en,Other detected on Sensor Module (SL-ELE-56163). Identified at HMMA (Hyundai Motor Manufacturing Alabama).,SL Alabama,US,Electrification,센서모듈,Sensor Module,SL-ELE-56163,2023-03-03,2023-03-13,2023-11-25,2023-12-04,2023-12-13,확정,기타,Other,Minor,1,33.8,39.21
CLM-000409,KGM,KGM 평택공장,KR,ko,후미등(SL-LMP-76085) 부품에서 설계결함 발생. KGM 평택공장에서 확인됨.,SL 진량공장,KR,Lamp Systems,후미등,Tail Lamp,SL-LMP-76085,2025-02-15,2025-02-23,2025-08-30,2025-09-07,2025-09-16,기각,설계결함,Design Flaw,Minor,12,88.78,1076.01
CLM-000410,GM,GM Fort Wayne Assembly,US,en,Material Defect detected on Bumper Beam (SL-FEM-78121). Identified at GM Fort Wayne Assembly.,SL Tennessee,US,Front End Module,범퍼빔,Bumper Beam,SL-FEM-78121,2023-01-11,2023-01-25,2023-10-06,2023-10-18,2023-10-23,확정,소재불량,Material Defect,Minor,12,21.33,253.4
CLM-000411,GM,GM Brazil Gravataí,BR,pt,Foreign Material Contamination detectado em Power Window Switch (SL-ELE-48088). Identificado na GM Brazil Gravataí.,SL Brazil,BR,Electrification,파워윈도우스위치,Power Window Switch,SL-ELE-48088,2025-02-13,2025-02-18,2025-05-26,2025-06-10,2025-07-13,보상완료,이물혼입,Foreign Material Contamination,Minor,3,10.58,36.18
CLM-000412,BMW,BMW Brilliance Shenyang,CN,zh,在Inside Mirror（SL-MIR-62510）上发现Foreign Material Contamination。由BMW Brilliance Shenyang确认。,북경삼립,CN,Mirror Systems,룸미러,Inside Mirror,SL-MIR-62510,2022-07-05,2022-07-13,2023-07-28,2023-07-30,2023-08-14,확정,이물혼입,Foreign Material Contamination,Minor,5,49.75,323.38
CLM-000413,Hyundai,HMGMA (Hyundai Motor Group Metaplant America),US,en,Functional Failure detected on Sensor Module (SL-ELE-94388). Identified at HMGMA (Hyundai Motor Group Metaplant America).,북경삼립,CN,Electrification,센서모듈,Sensor Module,SL-ELE-94388,2024-09-10,2024-09-28,2025-03-30,2025-04-10,2025-05-08,기각,기능불량,Functional Failure,Minor,100,22.55,2660.9
CLM-000414,Hyundai,HMMA (Hyundai Motor Manufacturing Alabama),US,en,Design Flaw detected on Head Lamp (SL-LMP-16927). Identified at HMMA (Hyundai Motor Manufacturing Alabama).,SL Tennessee,US,Lamp Systems,전조등,Head Lamp,SL-LMP-16927,2022-09-03,2022-09-06,2023-05-20,2023-05-23,2023-06-15,확정,설계결함,Design Flaw,Minor,8,65.43,444.92
CLM-000415,Hyundai,Beijing Hyundai Motor (BHMC),CN,zh,在Inside Mirror（SL-MIR-96781）上发现Wiring & Electrical Defect。由Beijing Hyundai Motor (BHMC)确认。,SL Mexico (SLP),MX,Mirror Systems,룸미러,Inside Mirror,SL-MIR-96781,2025-01-18,2025-02-06,2025-10-16,2025-10-21,2025-11-27,확정,배선·전장불량,Wiring & Electrical Defect,Minor,1,67.63,55.46
CLM-000416,GM,GM Korea 부평공장,KR,ko,라디에이터서포트(SL-FEM-14716) 부품에서 설계결함 발생. GM Korea 부평공장에서 확인됨.,SL 천안공장,KR,Front End Module,라디에이터서포트,Radiator Support,SL-FEM-14716,2022-11-18,2022-12-08,2023-03-09,2023-03-20,2023-04-11,보상완료,설계결함,Design Flaw,Minor,50,19.63,942.24
CLM-000417,Kia,기아 화성공장,KR,ko,파워윈도우스위치(SL-ELE-72378) 부품에서 치수불량 발생. Kia 기아 화성공장에서 확인됨.,SL 미러텍(시흥),KR,Electrification,파워윈도우스위치,Power Window Switch,SL-ELE-72378,2023-02-26,2023-03-02,2023-11-17,2023-11-24,2024-01-03,확정,치수불량,Dimensional Out-of-Spec,Major,200,40.44,9543.84
CLM-000418,Kia,기아 화성공장,KR,ko,너클(SL-CHS-86541) 부품에서 이물혼입 발생. Kia 기아 화성공장에서 확인됨.,SL 대구공장,KR,Chassis Systems,너클,Steering Knuckle,SL-CHS-86541,2022-01-16,2022-01-29,2023-02-25,2023-03-04,,조사중,이물혼입,Foreign Material Contamination,Minor,12,25.59,254.88
CLM-000419,Kia,기아 광명공장,KR,ko,안개등(SL-LMP-25003) 부품에서 치수불량 발생. Kia 기아 광명공장에서 확인됨.,SL 미러텍(시흥),KR,Lamp Systems,안개등,Fog Lamp,SL-LMP-25003,2024-08-24,2024-08-27,2024-11-22,2024-12-01,2025-01-02,확정,치수불량,Dimensional Out-of-Spec,Major,200,58.46,11808.92
CLM-000420,Hyundai,HMGMA (Hyundai Motor Group Metaplant America),US,en,Functional Failure detected on Power Window Switch (SL-ELE-52260). Identified at HMGMA (Hyundai Motor Group Metaplant America).,SL Alabama,US,Electrification,파워윈도우스위치,Power Window Switch,SL-ELE-52260,2022-11-05,2022-11-11,2023-07-20,2023-08-01,2023-08-25,기각,기능불량,Functional Failure,Major,100,46.52,5256.76
CLM-000421,Hyundai,HMMA (Hyundai Motor Manufacturing Alabama),US,en,Dimensional Out-of-Spec detected on Bumper Beam (SL-FEM-80232). Identified at HMMA (Hyundai Motor Manufacturing Alabama).,SL Tennessee,US,Front End Module,범퍼빔,Bumper Beam,SL-FEM-80232,2023-10-07,2023-10-18,2024-03-14,2024-03-15,2024-04-23,확정,치수불량,Dimensional Out-of-Spec,Minor,5,24.86,159.1
CLM-000422,Ford,Ford Kentucky Truck Plant,US,en,Crack & Breakage detected on Power Window Switch (SL-ELE-65981). Identified at Ford Kentucky Truck Plant.,SL Tennessee,US,Electrification,파워윈도우스위치,Power Window Switch,SL-ELE-65981,2023-09-04,2023-09-09,2024-03-05,2024-03-16,2024-04-20,보상완료,크랙·파손,Crack & Breakage,Minor,20,39.86,765.31
CLM-000423,Kia,기아 광주공장,KR,ko,와이어링하네스(SL-ELE-12438) 부품에서 크랙·파손 발생. Kia 기아 광주공장에서 확인됨.,SL 미러텍(시흥),KR,Electrification,와이어링하네스,Wiring Harness,SL-ELE-12438,2025-08-01,2025-08-19,2025-11-23,2025-11-27,2025-12-29,확정,크랙·파손,Crack & Breakage,Critical,500,33.97,18853.35
CLM-000424,Ford,Changan Ford Chongqing,CN,zh,在Wiring Harness（SL-ELE-57746）上发现Dimensional Out-of-Spec。由Changan Ford Chongqing确认。,SL 대구공장,KR,Electrification,와이어링하네스,Wiring Harness,SL-ELE-57746,2025-05-11,2025-05-21,2025-08-05,2025-08-08,2025-08-30,기각,치수불량,Dimensional Out-of-Spec,Minor,20,24.34,593.9
CLM-000425,Hyundai,현대자동차 아산공장,KR,ko,스태빌라이저링크(SL-CHS-31048) 부품에서 표면·도금불량 발생. Hyundai 현대자동차 아산공장에서 확인됨.,북경삼립,CN,Chassis Systems,스태빌라이저링크,Stabilizer Link,SL-CHS-31048,2023-06-13,2023-06-23,2024-06-09,2024-06-16,2024-06-28,확정,표면·도금불량,Surface & Plating Defect,Minor,1,20.1,24.32
CLM-000426,GM,SAIC-GM Shanghai,CN,zh,在Tail Lamp（SL-LMP-30887）上发现Wiring & Electrical Defect。由SAIC-GM Shanghai确认。,SL Brazil,BR,Lamp Systems,후미등,Tail Lamp,SL-LMP-30887,2024-04-30,2024-05-03,2024-07-12,2024-07-17,2024-08-06,보상완료,배선·전장불량,Wiring & Electrical Defect,Minor,3,66.88,164.52
CLM-000427,Ford,Ford Kentucky Truck Plant,US,en,Surface & Plating Defect detected on Sensor Module (SL-ELE-18333). Identified at Ford Kentucky Truck Plant.,SL Alabama,US,Electrification,센서모듈,Sensor Module,SL-ELE-18333,2024-10-03,2024-10-08,2025-04-13,2025-04-20,2025-05-01,보상완료,표면·도금불량,Surface & Plating Defect,Minor,2,35.69,74.95
CLM-000428,Hyundai,Beijing Hyundai Motor (BHMC),CN,zh,在Steering Knuckle（SL-CHS-21829）上发现Other。由Beijing Hyundai Motor (BHMC)确认。,SL Lumax (India),IN,Chassis Systems,너클,Steering Knuckle,SL-CHS-21829,2023-06-23,2023-06-29,2024-05-02,2024-05-15,2024-06-08,보상완료,기타,Other,Minor,20,38.59,903.01
CLM-000429,Subaru,Subaru of Indiana Automotive,US,en,Foreign Material Contamination detected on Steering Knuckle (SL-CHS-63526). Identified at Subaru of Indiana Automotive.,SL Tennessee,US,Chassis Systems,너클,Steering Knuckle,SL-CHS-63526,2023-08-03,2023-08-07,2024-06-04,2024-06-12,2024-06-22,확정,이물혼입,Foreign Material Contamination,Minor,100,25.98,2961.72
CLM-000430,KGM,KGM 평택공장,KR,ko,리어콤비램프(SL-LMP-14562) 부품에서 이물혼입 발생. KGM 평택공장에서 확인됨.,SL 안산공장,KR,Lamp Systems,리어콤비램프,Rear Combination Lamp,SL-LMP-14562,2022-04-23,2022-05-03,2023-04-22,2023-04-27,2023-05-19,확정,이물혼입,Foreign Material Contamination,Critical,500,32.93,20251.95
CLM-000431,Stellantis,Stellantis Sterling Heights Assembly,US,en,Dimensional Out-of-Spec detected on Lower Control Arm (SL-CHS-40862). Identified at Stellantis Sterling Heights Assembly.,SL Alabama,US,Chassis Systems,로어암,Lower Control Arm,SL-CHS-40862,2024-05-08,2024-05-16,2024-09-01,2024-09-16,2024-10-09,확정,치수불량,Dimensional Out-of-Spec,Minor,1,21.04,17.67
CLM-000432,Ford,Changan Ford Chongqing,CN,zh,在Bumper Beam（SL-FEM-31016）上发现Foreign Material Contamination。由Changan Ford Chongqing确认。,동풍삼립(우한),CN,Front End Module,범퍼빔,Bumper Beam,SL-FEM-31016,2023-09-27,2023-10-02,2024-06-18,2024-06-24,2024-08-01,확정,이물혼입,Foreign Material Contamination,Minor,50,26.77,1579.43
CLM-000433,BMW,BMW Munich Plant,DE,de,Design Flaw bei Bonnet Latch (SL-FEM-92352) festgestellt. Erkannt bei BMW Munich Plant.,SL Poland,PL,Front End Module,본넷래치,Bonnet Latch,SL-FEM-92352,2024-04-04,2024-04-09,2024-09-17,2024-09-19,2024-10-25,확정,설계결함,Design Flaw,Major,200,26.52,6364.8
CLM-000434,Kia,Kia Georgia Plant,US,en,Dimensional Out-of-Spec detected on Lower Control Arm (SL-CHS-87728). Identified at Kia Georgia Plant.,SL 성서공장,KR,Chassis Systems,로어암,Lower Control Arm,SL-CHS-87728,2024-05-31,2024-06-09,2024-11-01,2024-11-03,2024-11-17,확정,치수불량,Dimensional Out-of-Spec,Minor,20,43.18,1070.86
CLM-000435,Kia,기아 화성공장,KR,ko,주간주행등(SL-LMP-35987) 부품에서 기타 발생. Kia 기아 화성공장에서 확인됨.,SL Alabama,US,Lamp Systems,주간주행등,Daytime Running Lamp,SL-LMP-35987,2023-06-18,2023-06-26,2024-06-20,2024-06-21,2024-07-21,확정,기타,Other,Minor,8,34.7,355.33
CLM-000436,Hyundai,Beijing Hyundai Motor (BHMC),CN,zh,在Bumper Beam（SL-FEM-39423）上发现Design Flaw。由Beijing Hyundai Motor (BHMC)确认。,상해삼립,CN,Front End Module,범퍼빔,Bumper Beam,SL-FEM-39423,2023-11-04,2023-11-15,2024-02-21,2024-02-26,2024-03-24,기각,설계결함,Design Flaw,Minor,20,31.12,684.64
CLM-000437,KGM,KGM 평택공장,KR,ko,본넷래치(SL-FEM-63546) 부품에서 표면·도금불량 발생. KGM 평택공장에서 확인됨.,SL Tennessee,US,Front End Module,본넷래치,Bonnet Latch,SL-FEM-63546,2023-09-29,2023-10-11,2023-10-26,2023-10-31,2023-12-01,확정,표면·도금불량,Surface & Plating Defect,Minor,12,23.74,319.07
CLM-000438,Hyundai,HMGMA (Hyundai Motor Group Metaplant America),US,en,Assembly Defect detected on Side Repeater Mirror (SL-MIR-60265). Identified at HMGMA (Hyundai Motor Group Metaplant America).,SL Alabama,US,Mirror Systems,사이드리피터미러,Side Repeater Mirror,SL-MIR-60265,2024-04-23,2024-05-04,2025-05-16,2025-05-18,,조사중,조립불량,Assembly Defect,Minor,1,36.64,33.71
CLM-000439,Honda,Honda Marysville Auto Plant,US,en,Foreign Material Contamination detected on Horn (SL-FEM-27332). Identified at Honda Marysville Auto Plant.,SL Alabama,US,Front End Module,혼,Horn,SL-FEM-27332,2022-05-24,2022-06-01,2023-03-26,2023-03-31,2023-05-04,확정,이물혼입,Foreign Material Contamination,Minor,50,11.56,554.88
CLM-000440,GM,GM Korea 창원공장,KR,ko,룸미러(SL-MIR-46831) 부품에서 크랙·파손 발생. GM Korea 창원공장에서 확인됨.,SL 진량공장,KR,Mirror Systems,룸미러,Inside Mirror,SL-MIR-46831,2024-05-20,2024-06-01,2025-01-08,2025-01-23,2025-03-06,보상완료,크랙·파손,Crack & Breakage,Major,100,35.65,4456.25
CLM-000441,Kia,Kia Georgia Plant,US,en,Crack & Breakage detected on Power Window Switch (SL-ELE-16975). Identified at Kia Georgia Plant.,SL 성서공장,KR,Electrification,파워윈도우스위치,Power Window Switch,SL-ELE-16975,2023-11-02,2023-11-06,2024-01-22,2024-01-26,2024-02-28,확정,크랙·파손,Crack & Breakage,Minor,3,41.77,127.82
CLM-000442,KGM,KGM 평택공장,KR,ko,파워윈도우스위치(SL-ELE-69999) 부품에서 크랙·파손 발생. KGM 평택공장에서 확인됨.,SL 미러텍(시흥),KR,Electrification,파워윈도우스위치,Power Window Switch,SL-ELE-69999,2025-08-02,2025-08-09,2025-10-06,2025-10-08,2025-10-24,확정,크랙·파손,Crack & Breakage,Minor,3,47.57,166.97
CLM-000443,Stellantis,Stellantis Toluca Assembly,MX,es,Se detectó Foreign Material Contamination en Actuator Motor (SL-ELE-78945). Identificado en Stellantis Toluca Assembly.,SL Tennessee,US,Electrification,액추에이터모터,Actuator Motor,SL-ELE-78945,2023-05-31,2023-06-05,2024-01-05,2024-01-09,2024-01-18,보상완료,이물혼입,Foreign Material Contamination,Minor,1,22.79,29.4
CLM-000444,Hyundai,HMMA (Hyundai Motor Manufacturing Alabama),US,en,Other detected on Outside Mirror (SL-MIR-20625). Identified at HMMA (Hyundai Motor Manufacturing Alabama).,SL Alabama,US,Mirror Systems,아웃사이드미러,Outside Mirror,SL-MIR-20625,2024-07-15,2024-08-02,2025-07-31,2025-08-08,2025-08-28,기각,기타,Other,Major,500,20.29,12985.6
CLM-000445,BMW,BMW Brilliance Shenyang,CN,zh,在Fog Lamp（SL-LMP-52358）上发现Material Defect。由BMW Brilliance Shenyang确认。,SL 옌타이,CN,Lamp Systems,안개등,Fog Lamp,SL-LMP-52358,2022-04-03,2022-04-08,2023-04-24,2023-05-03,2023-05-30,보상완료,소재불량,Material Defect,Minor,20,41.59,765.26
CLM-000446,Ford,Changan Ford Chongqing,CN,zh,在Radiator Support（SL-FEM-47347）上发现Other。由Changan Ford Chongqing确认。,SL 옌타이,CN,Front End Module,라디에이터서포트,Radiator Support,SL-FEM-47347,2023-08-30,2023-09-11,2023-11-12,2023-11-20,2023-12-12,보상완료,기타,Other,Minor,3,17.69,45.11
CLM-000447,Kia,기아 광명공장,KR,ko,스태빌라이저링크(SL-CHS-88687) 부품에서 치수불량 발생. Kia 기아 광명공장에서 확인됨.,SL 천안공장,KR,Chassis Systems,스태빌라이저링크,Stabilizer Link,SL-CHS-88687,2025-03-14,2025-03-30,2025-05-16,2025-05-29,2025-06-12,확정,치수불량,Dimensional Out-of-Spec,Major,500,26.06,10684.6
CLM-000448,Kia,Kia Georgia Plant,US,en,Design Flaw detected on Actuator Motor (SL-ELE-48103). Identified at Kia Georgia Plant.,SL Alabama,US,Electrification,액추에이터모터,Actuator Motor,SL-ELE-48103,2024-12-30,2025-01-04,2025-08-16,2025-08-31,2025-09-22,보상완료,설계결함,Design Flaw,Minor,3,40.79,116.25
CLM-000449,Kia,Kia Georgia Plant,US,en,Other detected on Rear Combination Lamp (SL-LMP-24107). Identified at Kia Georgia Plant.,SL Tennessee,US,Lamp Systems,리어콤비램프,Rear Combination Lamp,SL-LMP-24107,2025-03-22,2025-04-07,2025-11-11,2025-11-13,,조사중,기타,Other,Minor,8,48.1,419.43
CLM-000450,Ford,Ford Kentucky Truck Plant,US,en,Functional Failure detected on Inside Mirror (SL-MIR-15932). Identified at Ford Kentucky Truck Plant.,SL Tennessee,US,Mirror Systems,룸미러,Inside Mirror,SL-MIR-15932,2022-11-06,2022-11-18,2023-06-20,2023-06-26,2023-07-28,확정,기능불량,Functional Failure,Major,200,60.39,11715.66
CLM-000451,Honda,Honda Marysville Auto Plant,US,en,Functional Failure detected on Daytime Running Lamp (SL-LMP-80041). Identified at Honda Marysville Auto Plant.,SL Alabama,US,Lamp Systems,주간주행등,Daytime Running Lamp,SL-LMP-80041,2023-01-19,2023-02-03,2023-02-06,2023-02-08,,접수,기능불량,Functional Failure,Major,50,69.97,4303.15
CLM-000452,KGM,KGM 평택공장,KR,ko,혼(SL-FEM-21486) 부품에서 조립불량 발생. KGM 평택공장에서 확인됨.,SL 미러텍(시흥),KR,Front End Module,혼,Horn,SL-FEM-21486,2023-07-03,2023-07-06,2023-09-14,2023-09-18,,조사중,조립불량,Assembly Defect,Minor,5,31.19,140.36
CLM-000453,BMW,BMW Munich Plant,DE,de,Functional Failure bei Steering Knuckle (SL-CHS-29420) festgestellt. Erkannt bei BMW Munich Plant.,SL Poland,PL,Chassis Systems,너클,Steering Knuckle,SL-CHS-29420,2025-01-20,2025-01-23,2025-08-28,2025-08-30,2025-09-11,확정,기능불량,Functional Failure,Minor,50,27.56,1694.94
CLM-000454,BMW,BMW Munich Plant,DE,de,Crack & Breakage bei Lower Control Arm (SL-CHS-23456) festgestellt. Erkannt bei BMW Munich Plant.,SL 진량공장,KR,Chassis Systems,로어암,Lower Control Arm,SL-CHS-23456,2024-10-15,2024-11-02,2025-06-03,2025-06-15,2025-07-23,확정,크랙·파손,Crack & Breakage,Minor,1,28.09,29.21
CLM-000455,BMW,BMW Brilliance Shenyang,CN,zh,在Daytime Running Lamp（SL-LMP-85550）上发现Functional Failure。由BMW Brilliance Shenyang确认。,호북삼립,CN,Lamp Systems,주간주행등,Daytime Running Lamp,SL-LMP-85550,2023-12-24,2023-12-29,2024-10-08,2024-10-13,2024-11-11,보상완료,기능불량,Functional Failure,Minor,2,57.16,145.19
CLM-000456,Kia,Kia Georgia Plant,US,en,Other detected on Horn (SL-FEM-67424). Identified at Kia Georgia Plant.,SL Tennessee,US,Front End Module,혼,Horn,SL-FEM-67424,2023-07-25,2023-08-04,2024-04-20,2024-04-30,2024-05-24,보상완료,기타,Other,Major,500,20.65,12803.0
CLM-000457,Ford,Changan Ford Chongqing,CN,zh,在Bonnet Latch（SL-FEM-91506）上发现Surface & Plating Defect。由Changan Ford Chongqing确认。,상해삼립,CN,Front End Module,본넷래치,Bonnet Latch,SL-FEM-91506,2023-10-02,2023-10-07,2024-02-29,2024-03-11,2024-03-25,확정,표면·도금불량,Surface & Plating Defect,Minor,3,24.36,62.12
CLM-000458,Kia,Kia Georgia Plant,US,en,Assembly Defect detected on Fog Lamp (SL-LMP-44184). Identified at Kia Georgia Plant.,SL Tennessee,US,Lamp Systems,안개등,Fog Lamp,SL-LMP-44184,2024-01-12,2024-01-20,2025-01-01,2025-01-04,2025-02-08,보상완료,조립불량,Assembly Defect,Minor,2,46.95,80.75
CLM-000459,Kia,Kia India (Anantapur),IN,en,Functional Failure detected on Lower Control Arm (SL-CHS-83010). Identified at Kia India (Anantapur).,SL Lumax (India),IN,Chassis Systems,로어암,Lower Control Arm,SL-CHS-83010,2024-03-26,2024-04-14,2024-07-01,2024-07-11,2024-07-17,기각,기능불량,Functional Failure,Minor,50,43.77,2582.43
CLM-000460,KGM,KGM 평택공장,KR,ko,액추에이터모터(SL-ELE-31895) 부품에서 배선·전장불량 발생. KGM 평택공장에서 확인됨.,SL 대구공장,KR,Electrification,액추에이터모터,Actuator Motor,SL-ELE-31895,2023-05-02,2023-05-16,2023-08-30,2023-09-02,2023-10-03,기각,배선·전장불량,Wiring & Electrical Defect,Minor,50,42.96,1825.8
CLM-000461,BMW,BMW Spartanburg Plant,US,en,Material Defect detected on Inside Mirror (SL-MIR-64493). Identified at BMW Spartanburg Plant.,SL 천안공장,KR,Mirror Systems,룸미러,Inside Mirror,SL-MIR-64493,2022-08-23,2022-09-10,2023-01-14,2023-01-20,2023-02-02,확정,소재불량,Material Defect,Minor,8,38.62,364.57
CLM-000462,Kia,기아 광명공장,KR,ko,룸미러(SL-MIR-64186) 부품에서 기능불량 발생. Kia 기아 광명공장에서 확인됨.,SL 대구공장,KR,Mirror Systems,룸미러,Inside Mirror,SL-MIR-64186,2024-08-07,2024-08-26,2025-04-18,2025-05-01,2025-05-05,기각,기능불량,Functional Failure,Minor,3,58.51,203.61
CLM-000463,GM,GM Korea 부평공장,KR,ko,룸미러(SL-MIR-18056) 부품에서 기타 발생. GM Korea 부평공장에서 확인됨.,SL 천안공장,KR,Mirror Systems,룸미러,Inside Mirror,SL-MIR-18056,2024-02-17,2024-02-21,2025-03-16,2025-03-27,2025-04-08,보상완료,기타,Other,Minor,1,68.89,88.87
CLM-000464,Stellantis,Stellantis Toluca Assembly,MX,es,Se detectó Dimensional Out-of-Spec en Horn (SL-FEM-51116). Identificado en Stellantis Toluca Assembly.,SL Brazil,BR,Front End Module,혼,Horn,SL-FEM-51116,2024-11-19,2024-11-30,2024-12-05,2024-12-20,2025-01-01,확정,치수불량,Dimensional Out-of-Spec,Minor,50,25.38,1573.56
CLM-000465,BMW,BMW Brilliance Shenyang,CN,zh,在Lower Control Arm（SL-CHS-14845）上发现Surface & Plating Defect。由BMW Brilliance Shenyang确认。,SL 옌타이,CN,Chassis Systems,로어암,Lower Control Arm,SL-CHS-14845,2024-04-23,2024-04-30,2024-11-16,2024-11-25,2024-12-16,보상완료,표면·도금불량,Surface & Plating Defect,Minor,2,28.89,55.47
CLM-000466,Kia,기아 광명공장,KR,ko,스태빌라이저링크(SL-CHS-65410) 부품에서 배선·전장불량 발생. Kia 기아 광명공장에서 확인됨.,SL 대구공장,KR,Chassis Systems,스태빌라이저링크,Stabilizer Link,SL-CHS-65410,2025-08-31,2025-09-04,2025-10-31,2025-11-14,2025-12-27,확정,배선·전장불량,Wiring & Electrical Defect,Minor,12,16.09,227.83
CLM-000467,Subaru,Subaru Gunma Oizumi Plant,JP,ja,Lower Control Arm（SL-CHS-86230）にOtherを検出。Subaru Gunma Oizumi Plantにて確認。,상해삼립,CN,Chassis Systems,로어암,Lower Control Arm,SL-CHS-86230,2025-02-16,2025-02-26,2025-12-28,2025-12-31,,접수,기타,Other,Major,500,16.62,8226.9
CLM-000468,Ford,Ford Kentucky Truck Plant,US,en,Design Flaw detected on Bumper Beam (SL-FEM-29209). Identified at Ford Kentucky Truck Plant.,SL Alabama,US,Front End Module,범퍼빔,Bumper Beam,SL-FEM-29209,2024-10-17,2024-10-22,2025-05-21,2025-05-23,,조사중,설계결함,Design Flaw,Minor,50,13.8,579.6
CLM-000469,BMW,BMW Brilliance Shenyang,CN,zh,在Power Window Switch（SL-ELE-93422）上发现Design Flaw。由BMW Brilliance Shenyang确认。,동풍삼립(우한),CN,Electrification,파워윈도우스위치,Power Window Switch,SL-ELE-93422,2024-09-15,2024-10-03,2025-05-17,2025-05-29,2025-06-11,보상완료,설계결함,Design Flaw,Minor,100,15.72,1823.52
CLM-000470,Hyundai,Beijing Hyundai Motor (BHMC),CN,zh,在Inside Mirror（SL-MIR-72043）上发现Other。由Beijing Hyundai Motor (BHMC)确认。,SL 천안공장,KR,Mirror Systems,룸미러,Inside Mirror,SL-MIR-72043,2022-02-10,2022-02-18,2023-03-08,2023-03-17,2023-03-27,확정,기타,Other,Minor,20,25.52,500.19
CLM-000471,Kia,Kia India (Anantapur),IN,en,Assembly Defect detected on Steering Knuckle (SL-CHS-48532). Identified at Kia India (Anantapur).,SL Lumax (India),IN,Chassis Systems,너클,Steering Knuckle,SL-CHS-48532,2025-08-31,2025-09-07,2025-09-22,2025-09-25,2025-10-24,보상완료,조립불량,Assembly Defect,Minor,8,41.34,300.96
CLM-000472,Stellantis,Stellantis Sterling Heights Assembly,US,en,Functional Failure detected on Daytime Running Lamp (SL-LMP-73068). Identified at Stellantis Sterling Heights Assembly.,SL Tennessee,US,Lamp Systems,주간주행등,Daytime Running Lamp,SL-LMP-73068,2023-11-24,2023-12-11,2024-09-26,2024-10-11,2024-11-07,확정,기능불량,Functional Failure,Major,200,33.63,5851.62
CLM-000473,BMW,BMW Brilliance Shenyang,CN,zh,在Rear Combination Lamp（SL-LMP-97097）上发现Assembly Defect。由BMW Brilliance Shenyang确认。,동풍삼립(우한),CN,Lamp Systems,리어콤비램프,Rear Combination Lamp,SL-LMP-97097,2024-09-21,2024-10-01,2025-04-18,2025-05-03,2025-06-09,확정,조립불량,Assembly Defect,Critical,500,82.85,48467.25
CLM-000474,BMW,BMW Munich Plant,DE,de,Wiring & Electrical Defect bei Actuator Motor (SL-ELE-94399) festgestellt. Erkannt bei BMW Munich Plant.,SL 옌타이,CN,Electrification,액추에이터모터,Actuator Motor,SL-ELE-94399,2023-02-25,2023-03-17,2023-06-24,2023-07-04,2023-08-12,보상완료,배선·전장불량,Wiring & Electrical Defect,Minor,5,43.78,229.85
CLM-000475,Hyundai,Beijing Hyundai Motor (BHMC),CN,zh,在Outside Mirror（SL-MIR-85963）上发现Assembly Defect。由Beijing Hyundai Motor (BHMC)确认。,동풍삼립(우한),CN,Mirror Systems,아웃사이드미러,Outside Mirror,SL-MIR-85963,2025-04-25,2025-05-15,2025-06-28,2025-07-08,2025-08-17,확정,조립불량,Assembly Defect,Minor,50,63.1,2555.55
CLM-000476,GM,GM Fort Wayne Assembly,US,en,Crack & Breakage detected on Lower Control Arm (SL-CHS-25026). Identified at GM Fort Wayne Assembly.,SL Alabama,US,Chassis Systems,로어암,Lower Control Arm,SL-CHS-25026,2022-10-10,2022-10-18,2023-07-23,2023-07-28,,조사중,크랙·파손,Crack & Breakage,Minor,2,17.09,43.75
CLM-000477,BMW,BMW Leipzig Plant,DE,de,Crack & Breakage bei Head Lamp (SL-LMP-49062) festgestellt. Erkannt bei BMW Leipzig Plant.,SL 대구공장,KR,Lamp Systems,전조등,Head Lamp,SL-LMP-49062,2025-01-04,2025-01-17,2025-03-09,2025-03-12,2025-04-04,확정,크랙·파손,Crack & Breakage,Minor,20,86.2,2155.0
CLM-000478,Hyundai,현대자동차 아산공장,KR,ko,라디에이터서포트(SL-FEM-25083) 부품에서 기능불량 발생. Hyundai 현대자동차 아산공장에서 확인됨.,SL Alabama,US,Front End Module,라디에이터서포트,Radiator Support,SL-FEM-25083,2024-05-21,2024-06-03,2024-07-05,2024-07-13,2024-07-20,확정,기능불량,Functional Failure,Minor,1,19.0,17.48
CLM-000479,Honda,Honda Suzuka Factory,JP,ja,Wiring Harness（SL-ELE-49926）にDesign Flawを検出。Honda Suzuka Factoryにて確認。,SL 옌타이,CN,Electrification,와이어링하네스,Wiring Harness,SL-ELE-49926,2024-08-22,2024-08-27,2025-04-13,2025-04-27,2025-05-13,기각,설계결함,Design Flaw,Minor,12,34.32,362.42
CLM-000480,Kia,Kia Georgia Plant,US,en,Functional Failure detected on Head Lamp (SL-LMP-70902). Identified at Kia Georgia Plant.,SL Mexico (SLP),MX,Lamp Systems,전조등,Head Lamp,SL-LMP-70902,2023-09-07,2023-09-15,2024-08-15,2024-08-16,,조사중,기능불량,Functional Failure,Minor,8,63.86,623.27
CLM-000481,Kia,기아 광주공장,KR,ko,센서모듈(SL-ELE-15961) 부품에서 소재불량 발생. Kia 기아 광주공장에서 확인됨.,SL Tennessee,US,Electrification,센서모듈,Sensor Module,SL-ELE-15961,2022-10-24,2022-11-13,2023-11-27,2023-12-07,,조사중,소재불량,Material Defect,Minor,20,41.43,1010.89
CLM-000482,Ford,Ford-Werke Cologne,DE,de,Surface & Plating Defect bei Sensor Module (SL-ELE-99404) festgestellt. Erkannt bei Ford-Werke Cologne.,SL Tennessee,US,Electrification,센서모듈,Sensor Module,SL-ELE-99404,2023-12-31,2024-01-11,2024-12-02,2024-12-15,2025-01-04,기각,표면·도금불량,Surface & Plating Defect,Critical,500,54.24,26306.4
CLM-000483,GM,SAIC-GM Shanghai,CN,zh,在Power Window Switch（SL-ELE-10560）上发现Dimensional Out-of-Spec。由SAIC-GM Shanghai确认。,북경삼립,CN,Electrification,파워윈도우스위치,Power Window Switch,SL-ELE-10560,2022-02-01,2022-02-09,2023-01-20,2023-01-27,2023-03-02,확정,치수불량,Dimensional Out-of-Spec,Minor,100,13.65,1692.6
CLM-000484,BMW,BMW Leipzig Plant,DE,de,Material Defect bei Fog Lamp (SL-LMP-59332) festgestellt. Erkannt bei BMW Leipzig Plant.,SL Mexico (SLP),MX,Lamp Systems,안개등,Fog Lamp,SL-LMP-59332,2024-06-10,2024-06-18,2025-01-03,2025-01-17,2025-01-20,보상완료,소재불량,Material Defect,Minor,50,49.08,2208.6
CLM-000485,Hyundai,현대자동차 울산공장,KR,ko,아웃사이드미러(SL-MIR-90405) 부품에서 조립불량 발생. Hyundai 현대자동차 울산공장에서 확인됨.,상해삼립,CN,Mirror Systems,아웃사이드미러,Outside Mirror,SL-MIR-90405,2023-08-31,2023-09-10,2024-09-12,2024-09-16,2024-10-12,보상완료,조립불량,Assembly Defect,Minor,8,44.64,410.69
CLM-000486,BMW,BMW Leipzig Plant,DE,de,Other bei Stabilizer Link (SL-CHS-75578) festgestellt. Erkannt bei BMW Leipzig Plant.,SL 진량공장,KR,Chassis Systems,스태빌라이저링크,Stabilizer Link,SL-CHS-75578,2025-06-22,2025-07-12,2025-10-08,2025-10-12,2025-11-20,기각,기타,Other,Major,200,17.79,3878.22
CLM-000487,Ford,Ford Michigan Assembly,US,en,Functional Failure detected on Side Repeater Mirror (SL-MIR-13030). Identified at Ford Michigan Assembly.,SL Alabama,US,Mirror Systems,사이드리피터미러,Side Repeater Mirror,SL-MIR-13030,2025-02-04,2025-02-15,2025-12-27,2025-12-31,,접수,기능불량,Functional Failure,Minor,1,66.89,74.92
CLM-000488,Subaru,Subaru of Indiana Automotive,US,en,Assembly Defect detected on Radiator Support (SL-FEM-45918). Identified at Subaru of Indiana Automotive.,동풍삼립(우한),CN,Front End Module,라디에이터서포트,Radiator Support,SL-FEM-45918,2022-09-04,2022-09-23,2023-09-07,2023-09-15,2023-10-21,확정,조립불량,Assembly Defect,Minor,5,9.27,58.4
CLM-000489,GM,GM Spring Hill Assembly,US,en,Design Flaw detected on Rear Combination Lamp (SL-LMP-13325). Identified at GM Spring Hill Assembly.,SL Alabama,US,Lamp Systems,리어콤비램프,Rear Combination Lamp,SL-LMP-13325,2023-04-03,2023-04-19,2024-04-07,2024-04-09,2024-04-24,보상완료,설계결함,Design Flaw,Minor,12,45.2,602.06
CLM-000490,Hyundai,HMGMA (Hyundai Motor Group Metaplant America),US,en,Foreign Material Contamination detected on Lower Control Arm (SL-CHS-24134). Identified at HMGMA (Hyundai Motor Group Metaplant America).,SL Alabama,US,Chassis Systems,로어암,Lower Control Arm,SL-CHS-24134,2025-04-13,2025-04-26,2025-08-27,2025-09-10,,조사중,이물혼입,Foreign Material Contamination,Major,100,38.21,4852.67
CLM-000491,Ford,Changan Ford Chongqing,CN,zh,在Actuator Motor（SL-ELE-21211）上发现Design Flaw。由Changan Ford Chongqing确认。,SL Mexico (SLP),MX,Electrification,액추에이터모터,Actuator Motor,SL-ELE-21211,2023-04-02,2023-04-17,2023-05-05,2023-05-11,2023-05-18,보상완료,설계결함,Design Flaw,Minor,1,51.36,52.39
CLM-000492,Kia,Kia Georgia Plant,US,en,Other detected on Steering Knuckle (SL-CHS-62649). Identified at Kia Georgia Plant.,SL Tennessee,US,Chassis Systems,너클,Steering Knuckle,SL-CHS-62649,2022-08-17,2022-09-02,2023-07-16,2023-07-20,2023-09-03,보상완료,기타,Other,Minor,1,26.96,27.77
CLM-000493,GM,SAIC-GM Shanghai,CN,zh,在Horn（SL-FEM-87045）上发现Other。由SAIC-GM Shanghai确认。,북경삼립,CN,Front End Module,혼,Horn,SL-FEM-87045,2023-11-29,2023-12-05,2024-01-30,2024-01-31,2024-02-07,확정,기타,Other,Minor,5,32.42,139.41
CLM-000494,GM,GM Spring Hill Assembly,US,en,Foreign Material Contamination detected on Outside Mirror (SL-MIR-15776). Identified at GM Spring Hill Assembly.,SL Tennessee,US,Mirror Systems,아웃사이드미러,Outside Mirror,SL-MIR-15776,2023-02-15,2023-02-27,2023-05-04,2023-05-14,2023-06-27,확정,이물혼입,Foreign Material Contamination,Minor,8,49.18,420.98
CLM-000495,Hyundai,HMGMA (Hyundai Motor Group Metaplant America),US,en,Assembly Defect detected on Lower Control Arm (SL-CHS-77853). Identified at HMGMA (Hyundai Motor Group Metaplant America).,SL Alabama,US,Chassis Systems,로어암,Lower Control Arm,SL-CHS-77853,2023-09-14,2023-09-24,2023-10-24,2023-11-02,2023-12-10,보상완료,조립불량,Assembly Defect,Minor,20,23.35,602.43
CLM-000496,BMW,BMW Munich Plant,DE,de,Other bei Side Repeater Mirror (SL-MIR-72354) festgestellt. Erkannt bei BMW Munich Plant.,동풍삼립(우한),CN,Mirror Systems,사이드리피터미러,Side Repeater Mirror,SL-MIR-72354,2024-09-28,2024-10-11,2025-08-15,2025-08-29,2025-09-22,확정,기타,Other,Minor,8,40.93,288.15
CLM-000497,GM,GM Korea 부평공장,KR,ko,사이드리피터미러(SL-MIR-40182) 부품에서 치수불량 발생. GM Korea 부평공장에서 확인됨.,SL 미러텍(시흥),KR,Mirror Systems,사이드리피터미러,Side Repeater Mirror,SL-MIR-40182,2024-09-18,2024-09-27,2025-08-13,2025-08-17,2025-09-10,확정,치수불량,Dimensional Out-of-Spec,Minor,5,40.02,242.12
CLM-000498,Hyundai,현대자동차 울산공장,KR,ko,후미등(SL-LMP-48086) 부품에서 표면·도금불량 발생. Hyundai 현대자동차 울산공장에서 확인됨.,SL 성서공장,KR,Lamp Systems,후미등,Tail Lamp,SL-LMP-48086,2025-02-26,2025-03-12,2025-06-20,2025-06-21,2025-07-06,보상완료,표면·도금불량,Surface & Plating Defect,Minor,8,36.32,360.29
CLM-000499,Ford,Ford-Werke Cologne,DE,de,Dimensional Out-of-Spec bei Outside Mirror (SL-MIR-12817) festgestellt. Erkannt bei Ford-Werke Cologne.,SL Alabama,US,Mirror Systems,아웃사이드미러,Outside Mirror,SL-MIR-12817,2023-08-08,2023-08-14,2023-12-27,2023-12-28,2024-01-08,보상완료,치수불량,Dimensional Out-of-Spec,Critical,500,59.37,25529.1
CLM-000500,Subaru,Subaru Gunma Oizumi Plant,JP,ja,Side Repeater Mirror（SL-MIR-91684）にDesign Flawを検出。Subaru Gunma Oizumi Plantにて確認。,SL 안산공장,KR,Mirror Systems,사이드리피터미러,Side Repeater Mirror,SL-MIR-91684,2024-06-02,2024-06-07,2025-06-07,2025-06-09,,조사중,설계결함,Design Flaw,Minor,5,29.58,146.42
CLM-000501,Kia,Kia India (Anantapur),IN,en,Crack & Breakage detected on Wiring Harness (SL-ELE-80184). Identified at Kia India (Anantapur).,SL Lumax (India),IN,Electrification,와이어링하네스,Wiring Harness,SL-ELE-80184,2024-05-27,2024-06-09,2024-08-25,2024-08-29,,조사중,크랙·파손,Crack & Breakage,Minor,3,48.32,185.55
CLM-000502,Honda,Honda Marysville Auto Plant,US,en,Functional Failure detected on Actuator Motor (SL-ELE-31945). Identified at Honda Marysville Auto Plant.,SL Poland,PL,Electrification,액추에이터모터,Actuator Motor,SL-ELE-31945,2025-04-03,2025-04-22,2025-11-07,2025-11-13,,조사중,기능불량,Functional Failure,Minor,3,24.48,72.71
CLM-000503,Ford,Changan Ford Chongqing,CN,zh,在Tail Lamp（SL-LMP-38773）上发现Dimensional Out-of-Spec。由Changan Ford Chongqing确认。,호북삼립,CN,Lamp Systems,후미등,Tail Lamp,SL-LMP-38773,2023-06-23,2023-07-03,2024-02-20,2024-02-27,2024-03-28,확정,치수불량,Dimensional Out-of-Spec,Major,200,35.22,8593.68
CLM-000504,Kia,기아 화성공장,KR,ko,혼(SL-FEM-40169) 부품에서 기능불량 발생. Kia 기아 화성공장에서 확인됨.,SL 안산공장,KR,Front End Module,혼,Horn,SL-FEM-40169,2022-07-11,2022-07-30,2023-03-26,2023-04-05,2023-05-06,확정,기능불량,Functional Failure,Minor,20,19.04,456.96
CLM-000505,Kia,Kia Georgia Plant,US,en,Material Defect detected on Stabilizer Link (SL-CHS-19946). Identified at Kia Georgia Plant.,SL Tennessee,US,Chassis Systems,스태빌라이저링크,Stabilizer Link,SL-CHS-19946,2024-11-11,2024-11-23,2025-01-05,2025-01-19,2025-02-25,확정,소재불량,Material Defect,Minor,8,42.58,289.54
CLM-000506,Hyundai,현대자동차 울산공장,KR,ko,너클(SL-CHS-49677) 부품에서 크랙·파손 발생. Hyundai 현대자동차 울산공장에서 확인됨.,SL 대구공장,KR,Chassis Systems,너클,Steering Knuckle,SL-CHS-49677,2024-04-02,2024-04-09,2024-07-16,2024-07-30,2024-09-05,보상완료,크랙·파손,Crack & Breakage,Minor,1,37.41,35.17
CLM-000507,Kia,Kia Georgia Plant,US,en,Wiring & Electrical Defect detected on Bonnet Latch (SL-FEM-62101). Identified at Kia Georgia Plant.,SL 진량공장,KR,Front End Module,본넷래치,Bonnet Latch,SL-FEM-62101,2023-12-07,2023-12-16,2024-04-11,2024-04-19,2024-05-29,확정,배선·전장불량,Wiring & Electrical Defect,Minor,50,27.51,1416.77
CLM-000508,Stellantis,Stellantis Sterling Heights Assembly,US,en,Design Flaw detected on Bonnet Latch (SL-FEM-67498). Identified at Stellantis Sterling Heights Assembly.,SL Brazil,BR,Front End Module,본넷래치,Bonnet Latch,SL-FEM-67498,2024-09-24,2024-09-27,2025-07-10,2025-07-16,,조사중,설계결함,Design Flaw,Minor,8,33.47,214.21
CLM-000509,Stellantis,Stellantis Sterling Heights Assembly,US,en,Foreign Material Contamination detected on Horn (SL-FEM-52739). Identified at Stellantis Sterling Heights Assembly.,SL Alabama,US,Front End Module,혼,Horn,SL-FEM-52739,2022-04-28,2022-05-02,2023-02-17,2023-03-04,,조사중,이물혼입,Foreign Material Contamination,Major,200,25.01,5502.2
CLM-000510,BMW,BMW Brilliance Shenyang,CN,zh,在Bumper Beam（SL-FEM-80056）上发现Crack & Breakage。由BMW Brilliance Shenyang确认。,SL Tennessee,US,Front End Module,범퍼빔,Bumper Beam,SL-FEM-80056,2024-11-07,2024-11-25,2025-03-02,2025-03-04,2025-04-04,확정,크랙·파손,Crack & Breakage,Minor,2,12.63,28.8
CLM-000511,Hyundai,Beijing Hyundai Motor (BHMC),CN,zh,在Daytime Running Lamp（SL-LMP-47200）上发现Assembly Defect。由Beijing Hyundai Motor (BHMC)确认。,SL 옌타이,CN,Lamp Systems,주간주행등,Daytime Running Lamp,SL-LMP-47200,2023-10-17,2023-10-29,2024-02-26,2024-03-08,2024-04-09,확정,조립불량,Assembly Defect,Minor,12,58.7,626.92
CLM-000512,Stellantis,Stellantis Sterling Heights Assembly,US,en,Dimensional Out-of-Spec detected on Power Window Switch (SL-ELE-72685). Identified at Stellantis Sterling Heights Assembly.,SL Tennessee,US,Electrification,파워윈도우스위치,Power Window Switch,SL-ELE-72685,2022-10-24,2022-11-02,2023-05-21,2023-05-24,2023-06-15,보상완료,치수불량,Dimensional Out-of-Spec,Critical,500,31.37,17253.5
CLM-000513,Subaru,Subaru of Indiana Automotive,US,en,Foreign Material Contamination detected on Outside Mirror (SL-MIR-28702). Identified at Subaru of Indiana Automotive.,SL Alabama,US,Mirror Systems,아웃사이드미러,Outside Mirror,SL-MIR-28702,2025-05-14,2025-05-29,2025-07-01,2025-07-11,2025-08-16,보상완료,이물혼입,Foreign Material Contamination,Major,200,63.96,13175.76
CLM-000514,GM,GM Brazil Gravataí,BR,pt,Functional Failure detectado em Steering Knuckle (SL-CHS-90350). Identificado na GM Brazil Gravataí.,SL Brazil,BR,Chassis Systems,너클,Steering Knuckle,SL-CHS-90350,2023-05-16,2023-05-26,2023-12-25,2023-12-28,2024-01-27,보상완료,기능불량,Functional Failure,Minor,20,42.06,748.67
CLM-000515,GM,GM Fort Wayne Assembly,US,en,Functional Failure detected on Inside Mirror (SL-MIR-92324). Identified at GM Fort Wayne Assembly.,SL Tennessee,US,Mirror Systems,룸미러,Inside Mirror,SL-MIR-92324,2023-09-08,2023-09-13,2024-08-20,2024-09-01,2024-09-17,기각,기능불량,Functional Failure,Minor,20,69.62,1503.79
CLM-000516,KGM,KGM 평택공장,KR,ko,너클(SL-CHS-69105) 부품에서 조립불량 발생. KGM 평택공장에서 확인됨.,SL Lumax (India),IN,Chassis Systems,너클,Steering Knuckle,SL-CHS-69105,2023-07-18,2023-07-27,2023-12-04,2023-12-13,,조사중,조립불량,Assembly Defect,Minor,2,33.08,75.42
CLM-000517,GM,GM Spring Hill Assembly,US,en,Functional Failure detected on Bumper Beam (SL-FEM-11407). Identified at GM Spring Hill Assembly.,SL Tennessee,US,Front End Module,범퍼빔,Bumper Beam,SL-FEM-11407,2024-03-23,2024-03-30,2024-05-28,2024-06-03,2024-07-05,기각,기능불량,Functional Failure,Minor,50,9.84,526.44
CLM-000518,Kia,Kia Georgia Plant,US,en,Design Flaw detected on Outside Mirror (SL-MIR-89559). Identified at Kia Georgia Plant.,SL Tennessee,US,Mirror Systems,아웃사이드미러,Outside Mirror,SL-MIR-89559,2023-04-13,2023-04-25,2023-07-25,2023-07-27,2023-08-24,확정,설계결함,Design Flaw,Minor,2,53.57,86.78
CLM-000519,Kia,Kia Georgia Plant,US,en,Material Defect detected on Wiring Harness (SL-ELE-67941). Identified at Kia Georgia Plant.,SL Tennessee,US,Electrification,와이어링하네스,Wiring Harness,SL-ELE-67941,2022-04-28,2022-05-17,2023-04-08,2023-04-19,2023-06-03,기각,소재불량,Material Defect,Minor,20,41.07,837.83
CLM-000520,BMW,BMW Leipzig Plant,DE,de,Assembly Defect bei Inside Mirror (SL-MIR-41265) festgestellt. Erkannt bei BMW Leipzig Plant.,SL Tennessee,US,Mirror Systems,룸미러,Inside Mirror,SL-MIR-41265,2023-12-26,2023-12-29,2024-02-14,2024-02-21,,접수,조립불량,Assembly Defect,Minor,12,61.03,834.89
CLM-000521,Hyundai,현대자동차 울산공장,KR,ko,아웃사이드미러(SL-MIR-64484) 부품에서 기타 발생. Hyundai 현대자동차 울산공장에서 확인됨.,SL 미러텍(시흥),KR,Mirror Systems,아웃사이드미러,Outside Mirror,SL-MIR-64484,2025-09-07,2025-09-20,2025-11-15,2025-11-21,2025-12-06,확정,기타,Other,Minor,5,66.72,333.6
CLM-000522,GM,GM Korea 창원공장,KR,ko,아웃사이드미러(SL-MIR-62709) 부품에서 크랙·파손 발생. GM Korea 창원공장에서 확인됨.,SL 안산공장,KR,Mirror Systems,아웃사이드미러,Outside Mirror,SL-MIR-62709,2024-09-17,2024-10-02,2024-10-09,2024-10-13,2024-10-20,확정,크랙·파손,Crack & Breakage,Critical,500,51.2,20992.0
CLM-000523,Honda,Honda Suzuka Factory,JP,ja,Wiring Harness（SL-ELE-43022）にForeign Material Contaminationを検出。Honda Suzuka Factoryにて確認。,SL 진량공장,KR,Electrification,와이어링하네스,Wiring Harness,SL-ELE-43022,2022-08-27,2022-09-09,2023-07-14,2023-07-25,2023-08-05,기각,이물혼입,Foreign Material Contamination,Minor,3,38.59,143.55
CLM-000524,Kia,Kia Georgia Plant,US,en,Crack & Breakage detected on Bonnet Latch (SL-FEM-75984). Identified at Kia Georgia Plant.,SL Alabama,US,Front End Module,본넷래치,Bonnet Latch,SL-FEM-75984,2022-09-27,2022-09-30,2023-01-28,2023-02-07,2023-02-17,보상완료,크랙·파손,Crack & Breakage,Minor,5,27.92,164.73
CLM-000525,BMW,BMW Leipzig Plant,DE,de,Functional Failure bei Outside Mirror (SL-MIR-59250) festgestellt. Erkannt bei BMW Leipzig Plant.,SL 안산공장,KR,Mirror Systems,아웃사이드미러,Outside Mirror,SL-MIR-59250,2023-03-27,2023-03-31,2024-02-23,2024-02-27,2024-04-08,보상완료,기능불량,Functional Failure,Minor,12,26.71,307.7
CLM-000526,Stellantis,Stellantis Toledo Assembly,US,en,Surface & Plating Defect detected on Tail Lamp (SL-LMP-53420). Identified at Stellantis Toledo Assembly.,SL Alabama,US,Lamp Systems,후미등,Tail Lamp,SL-LMP-53420,2024-07-21,2024-07-30,2024-12-02,2024-12-11,,조사중,표면·도금불량,Surface & Plating Defect,Critical,500,70.26,31968.3
CLM-000527,Honda,Honda Suzuka Factory,JP,ja,Bumper Beam（SL-FEM-35226）にDesign Flawを検出。Honda Suzuka Factoryにて確認。,북경삼립,CN,Front End Module,범퍼빔,Bumper Beam,SL-FEM-35226,2022-05-20,2022-05-27,2023-04-17,2023-04-21,,조사중,설계결함,Design Flaw,Major,200,22.82,5476.8
CLM-000528,Hyundai,Beijing Hyundai Motor (BHMC),CN,zh,在Side Repeater Mirror（SL-MIR-35891）上发现Other。由Beijing Hyundai Motor (BHMC)确认。,동풍삼립(우한),CN,Mirror Systems,사이드리피터미러,Side Repeater Mirror,SL-MIR-35891,2023-10-03,2023-10-11,2024-05-16,2024-05-26,2024-06-16,확정,기타,Other,Major,50,68.39,3077.55
CLM-000529,Honda,Honda Suzuka Factory,JP,ja,Bonnet Latch（SL-FEM-71697）にFunctional Failureを検出。Honda Suzuka Factoryにて確認。,SL 천안공장,KR,Front End Module,본넷래치,Bonnet Latch,SL-FEM-71697,2024-10-29,2024-11-17,2025-06-22,2025-07-02,2025-07-14,기각,기능불량,Functional Failure,Minor,1,28.57,28.86
CLM-000530,Hyundai,HMMA (Hyundai Motor Manufacturing Alabama),US,en,Material Defect detected on Steering Knuckle (SL-CHS-70771). Identified at HMMA (Hyundai Motor Manufacturing Alabama).,SL Tennessee,US,Chassis Systems,너클,Steering Knuckle,SL-CHS-70771,2024-01-17,2024-01-29,2024-09-18,2024-09-25,2024-10-28,확정,소재불량,Material Defect,Minor,12,16.51,204.06
CLM-000531,Hyundai,현대자동차 아산공장,KR,ko,라디에이터서포트(SL-FEM-61727) 부품에서 소재불량 발생. Hyundai 현대자동차 아산공장에서 확인됨.,SL 천안공장,KR,Front End Module,라디에이터서포트,Radiator Support,SL-FEM-61727,2024-07-03,2024-07-21,2025-02-03,2025-02-08,2025-03-20,기각,소재불량,Material Defect,Minor,20,31.89,829.14
CLM-000532,Hyundai,Beijing Hyundai Motor (BHMC),CN,zh,在Stabilizer Link（SL-CHS-74044）上发现Surface & Plating Defect。由Beijing Hyundai Motor (BHMC)确认。,동풍삼립(우한),CN,Chassis Systems,스태빌라이저링크,Stabilizer Link,SL-CHS-74044,2024-01-29,2024-02-02,2025-01-24,2025-02-04,2025-03-06,확정,표면·도금불량,Surface & Plating Defect,Minor,5,27.76,174.89
CLM-000533,Kia,기아 화성공장,KR,ko,파워윈도우스위치(SL-ELE-99268) 부품에서 설계결함 발생. Kia 기아 화성공장에서 확인됨.,SL 안산공장,KR,Electrification,파워윈도우스위치,Power Window Switch,SL-ELE-99268,2023-06-10,2023-06-20,2023-10-29,2023-11-08,2023-12-23,확정,설계결함,Design Flaw,Minor,1,15.25,12.96
CLM-000534,Ford,Changan Ford Chongqing,CN,zh,在Inside Mirror（SL-MIR-31734）上发现Dimensional Out-of-Spec。由Changan Ford Chongqing确认。,호북삼립,CN,Mirror Systems,룸미러,Inside Mirror,SL-MIR-31734,2025-01-02,2025-01-14,2025-05-24,2025-06-02,2025-07-17,보상완료,치수불량,Dimensional Out-of-Spec,Major,200,35.4,7150.8
CLM-000535,Honda,Honda Marysville Auto Plant,US,en,Assembly Defect detected on Stabilizer Link (SL-CHS-37462). Identified at Honda Marysville Auto Plant.,SL Tennessee,US,Chassis Systems,스태빌라이저링크,Stabilizer Link,SL-CHS-37462,2024-03-21,2024-04-02,2025-03-26,2025-03-27,2025-04-30,보상완료,조립불량,Assembly Defect,Minor,2,14.3,32.89
CLM-000536,GM,GM Brazil Gravataí,BR,pt,Functional Failure detectado em Inside Mirror (SL-MIR-34431). Identificado na GM Brazil Gravataí.,SL Brazil,BR,Mirror Systems,룸미러,Inside Mirror,SL-MIR-34431,2023-06-05,2023-06-23,2023-10-03,2023-10-06,2023-10-16,확정,기능불량,Functional Failure,Major,200,60.72,10808.16
CLM-000537,Hyundai,현대자동차 아산공장,KR,ko,너클(SL-CHS-67767) 부품에서 소재불량 발생. Hyundai 현대자동차 아산공장에서 확인됨.,SL Tennessee,US,Chassis Systems,너클,Steering Knuckle,SL-CHS-67767,2022-09-12,2022-09-20,2023-08-12,2023-08-14,2023-09-10,확정,소재불량,Material Defect,Minor,8,14.12,91.5
CLM-000538,Kia,Kia Georgia Plant,US,en,Other detected on Fog Lamp (SL-LMP-10947). Identified at Kia Georgia Plant.,SL Tennessee,US,Lamp Systems,안개등,Fog Lamp,SL-LMP-10947,2023-01-27,2023-02-05,2023-03-27,2023-04-05,2023-05-02,보상완료,기타,Other,Major,100,89.15,10519.7
CLM-000539,Subaru,Subaru Gunma Oizumi Plant,JP,ja,Steering Knuckle（SL-CHS-99372）にOtherを検出。Subaru Gunma Oizumi Plantにて確認。,SL Brazil,BR,Chassis Systems,너클,Steering Knuckle,SL-CHS-99372,2024-06-14,2024-06-24,2024-12-03,2024-12-09,2025-01-05,기각,기타,Other,Minor,1,44.19,54.8
CLM-000540,Stellantis,Stellantis Toledo Assembly,US,en,Functional Failure detected on Rear Combination Lamp (SL-LMP-26108). Identified at Stellantis Toledo Assembly.,SL Tennessee,US,Lamp Systems,리어콤비램프,Rear Combination Lamp,SL-LMP-26108,2025-07-21,2025-07-31,2025-12-22,2025-12-28,,접수,기능불량,Functional Failure,Major,100,51.85,4614.65
CLM-000541,KGM,KGM 평택공장,KR,ko,스태빌라이저링크(SL-CHS-68236) 부품에서 이물혼입 발생. KGM 평택공장에서 확인됨.,SL 진량공장,KR,Chassis Systems,스태빌라이저링크,Stabilizer Link,SL-CHS-68236,2023-05-30,2023-06-17,2024-04-23,2024-04-30,2024-05-08,기각,이물혼입,Foreign Material Contamination,Minor,20,42.99,1091.95
CLM-000542,GM,GM Brazil Gravataí,BR,pt,Wiring & Electrical Defect detectado em Horn (SL-FEM-89583). Identificado na GM Brazil Gravataí.,SL 천안공장,KR,Front End Module,혼,Horn,SL-FEM-89583,2023-01-28,2023-02-04,2024-02-04,2024-02-18,2024-03-28,확정,배선·전장불량,Wiring & Electrical Defect,Minor,1,11.45,13.74
CLM-000543,Kia,Kia India (Anantapur),IN,en,Material Defect detected on Inside Mirror (SL-MIR-25162). Identified at Kia India (Anantapur).,SL Mexico (SLP),MX,Mirror Systems,룸미러,Inside Mirror,SL-MIR-25162,2024-09-19,2024-10-09,2025-09-14,2025-09-18,2025-10-01,확정,소재불량,Material Defect,Minor,2,41.74,96.84
CLM-000544,Hyundai,HMMA (Hyundai Motor Manufacturing Alabama),US,en,Wiring & Electrical Defect detected on Side Repeater Mirror (SL-MIR-43767). Identified at HMMA (Hyundai Motor Manufacturing Alabama).,북경삼립,CN,Mirror Systems,사이드리피터미러,Side Repeater Mirror,SL-MIR-43767,2024-09-17,2024-09-23,2025-09-02,2025-09-13,,조사중,배선·전장불량,Wiring & Electrical Defect,Critical,500,56.27,23914.75
CLM-000545,Ford,Ford Michigan Assembly,US,en,Material Defect detected on Steering Knuckle (SL-CHS-60023). Identified at Ford Michigan Assembly.,SL 안산공장,KR,Chassis Systems,너클,Steering Knuckle,SL-CHS-60023,2025-02-03,2025-02-13,2025-06-13,2025-06-18,,조사중,소재불량,Material Defect,Minor,2,14.94,34.96
CLM-000546,Subaru,Subaru of Indiana Automotive,US,en,Foreign Material Contamination detected on Bumper Beam (SL-FEM-50737). Identified at Subaru of Indiana Automotive.,SL Alabama,US,Front End Module,범퍼빔,Bumper Beam,SL-FEM-50737,2022-06-18,2022-07-08,2023-05-07,2023-05-11,2023-06-10,보상완료,이물혼입,Foreign Material Contamination,Minor,12,29.53,450.04
CLM-000547,Hyundai,Beijing Hyundai Motor (BHMC),CN,zh,在Rear Combination Lamp（SL-LMP-70372）上发现Design Flaw。由Beijing Hyundai Motor (BHMC)确认。,상해삼립,CN,Lamp Systems,리어콤비램프,Rear Combination Lamp,SL-LMP-70372,2024-07-14,2024-07-26,2024-10-09,2024-10-23,2024-11-24,확정,설계결함,Design Flaw,Major,200,43.42,10160.28
CLM-000548,Stellantis,Stellantis Toluca Assembly,MX,es,Se detectó Assembly Defect en Actuator Motor (SL-ELE-45841). Identificado en Stellantis Toluca Assembly.,SL Mexico (SLP),MX,Electrification,액추에이터모터,Actuator Motor,SL-ELE-45841,2024-10-08,2024-10-17,2025-09-06,2025-09-14,2025-10-11,확정,조립불량,Assembly Defect,Minor,12,16.87,234.83
CLM-000549,Stellantis,Stellantis Toledo Assembly,US,en,Dimensional Out-of-Spec detected on Inside Mirror (SL-MIR-61355). Identified at Stellantis Toledo Assembly.,SL 대구공장,KR,Mirror Systems,룸미러,Inside Mirror,SL-MIR-61355,2023-09-24,2023-10-02,2024-09-04,2024-09-05,2024-09-29,확정,치수불량,Dimensional Out-of-Spec,Critical,500,43.67,21179.95
CLM-000550,Kia,기아 화성공장,KR,ko,사이드리피터미러(SL-MIR-81828) 부품에서 조립불량 발생. Kia 기아 화성공장에서 확인됨.,SL 안산공장,KR,Mirror Systems,사이드리피터미러,Side Repeater Mirror,SL-MIR-81828,2025-01-19,2025-01-26,2025-03-17,2025-03-23,2025-05-02,보상완료,조립불량,Assembly Defect,Minor,8,42.88,301.88
CLM-000551,Hyundai,HMGMA (Hyundai Motor Group Metaplant America),US,en,Dimensional Out-of-Spec detected on Side Repeater Mirror (SL-MIR-35644). Identified at HMGMA (Hyundai Motor Group Metaplant America).,SL Tennessee,US,Mirror Systems,사이드리피터미러,Side Repeater Mirror,SL-MIR-35644,2022-07-11,2022-07-17,2023-01-19,2023-01-30,2023-02-11,보상완료,치수불량,Dimensional Out-of-Spec,Minor,20,53.97,949.87
CLM-000552,Hyundai,HMMA (Hyundai Motor Manufacturing Alabama),US,en,Surface & Plating Defect detected on Head Lamp (SL-LMP-77559). Identified at HMMA (Hyundai Motor Manufacturing Alabama).,SL 미러텍(시흥),KR,Lamp Systems,전조등,Head Lamp,SL-LMP-77559,2024-01-09,2024-01-25,2024-11-24,2024-11-27,2024-12-25,기각,표면·도금불량,Surface & Plating Defect,Minor,1,32.72,32.72
CLM-000553,Kia,Kia India (Anantapur),IN,en,Material Defect detected on Daytime Running Lamp (SL-LMP-95237). Identified at Kia India (Anantapur).,호북삼립,CN,Lamp Systems,주간주행등,Daytime Running Lamp,SL-LMP-95237,2024-09-16,2024-10-03,2025-02-21,2025-02-27,,접수,소재불량,Material Defect,Minor,2,32.93,73.76
CLM-000554,Honda,Honda Marysville Auto Plant,US,en,Foreign Material Contamination detected on Rear Combination Lamp (SL-LMP-33736). Identified at Honda Marysville Auto Plant.,SL Alabama,US,Lamp Systems,리어콤비램프,Rear Combination Lamp,SL-LMP-33736,2024-06-06,2024-06-22,2025-02-25,2025-03-02,2025-03-11,확정,이물혼입,Foreign Material Contamination,Minor,2,71.39,175.62
CLM-000555,GM,GM Fort Wayne Assembly,US,en,Material Defect detected on Radiator Support (SL-FEM-18379). Identified at GM Fort Wayne Assembly.,SL 진량공장,KR,Front End Module,라디에이터서포트,Radiator Support,SL-FEM-18379,2025-01-12,2025-02-01,2025-11-28,2025-12-10,2025-12-31,확정,소재불량,Material Defect,Minor,5,34.07,212.94
CLM-000556,Hyundai,Beijing Hyundai Motor (BHMC),CN,zh,在Horn（SL-FEM-26127）上发现Crack & Breakage。由Beijing Hyundai Motor (BHMC)确认。,호북삼립,CN,Front End Module,혼,Horn,SL-FEM-26127,2023-01-06,2023-01-15,2023-03-22,2023-04-02,2023-05-10,확정,크랙·파손,Crack & Breakage,Minor,1,10.28,8.84
CLM-000557,Kia,Kia India (Anantapur),IN,en,Functional Failure detected on Lower Control Arm (SL-CHS-78084). Identified at Kia India (Anantapur).,SL Lumax (India),IN,Chassis Systems,로어암,Lower Control Arm,SL-CHS-78084,2023-08-31,2023-09-20,2024-08-23,2024-08-31,,조사중,기능불량,Functional Failure,Minor,12,29.25,452.79
CLM-000558,Kia,Kia India (Anantapur),IN,en,Other detected on Outside Mirror (SL-MIR-34651). Identified at Kia India (Anantapur).,SL Lumax (India),IN,Mirror Systems,아웃사이드미러,Outside Mirror,SL-MIR-34651,2023-05-08,2023-05-17,2023-10-18,2023-10-21,2023-11-06,기각,기타,Other,Minor,12,33.87,471.47
CLM-000559,GM,SAIC-GM Shanghai,CN,zh,在Radiator Support（SL-FEM-20912）上发现Surface & Plating Defect。由SAIC-GM Shanghai确认。,SL 옌타이,CN,Front End Module,라디에이터서포트,Radiator Support,SL-FEM-20912,2023-06-07,2023-06-23,2024-06-04,2024-06-16,,조사중,표면·도금불량,Surface & Plating Defect,Minor,2,25.0,46.5
CLM-000560,BMW,BMW Munich Plant,DE,de,Other bei Wiring Harness (SL-ELE-65009) festgestellt. Erkannt bei BMW Munich Plant.,SL Lumax (India),IN,Electrification,와이어링하네스,Wiring Harness,SL-ELE-65009,2023-05-17,2023-06-02,2023-11-11,2023-11-18,,접수,기타,Other,Minor,5,13.49,58.01
CLM-000561,Hyundai,Beijing Hyundai Motor (BHMC),CN,zh,在Steering Knuckle（SL-CHS-45815）上发现Surface & Plating Defect。由Beijing Hyundai Motor (BHMC)确认。,북경삼립,CN,Chassis Systems,너클,Steering Knuckle,SL-CHS-45815,2023-06-22,2023-07-03,2023-10-27,2023-10-28,,조사중,표면·도금불량,Surface & Plating Defect,Minor,20,43.41,1033.16
CLM-000562,Hyundai,Beijing Hyundai Motor (BHMC),CN,zh,在Power Window Switch（SL-ELE-22522）上发现Material Defect。由Beijing Hyundai Motor (BHMC)确认。,SL 옌타이,CN,Electrification,파워윈도우스위치,Power Window Switch,SL-ELE-22522,2025-06-11,2025-06-23,2025-12-19,2025-12-28,,접수,소재불량,Material Defect,Minor,1,17.68,22.45
CLM-000563,Kia,기아 광주공장,KR,ko,본넷래치(SL-FEM-43955) 부품에서 설계결함 발생. Kia 기아 광주공장에서 확인됨.,호북삼립,CN,Front End Module,본넷래치,Bonnet Latch,SL-FEM-43955,2022-01-14,2022-02-02,2023-01-20,2023-02-01,2023-02-12,확정,설계결함,Design Flaw,Minor,20,23.32,433.75
CLM-000564,Honda,Honda Suzuka Factory,JP,ja,Power Window Switch（SL-ELE-70003）にCrack & Breakageを検出。Honda Suzuka Factoryにて確認。,SL Alabama,US,Electrification,파워윈도우스위치,Power Window Switch,SL-ELE-70003,2023-05-16,2023-05-30,2024-01-10,2024-01-23,2024-02-13,확정,크랙·파손,Crack & Breakage,Minor,20,33.43,775.58
CLM-000565,Subaru,Subaru of Indiana Automotive,US,en,Material Defect detected on Horn (SL-FEM-21814). Identified at Subaru of Indiana Automotive.,SL Alabama,US,Front End Module,혼,Horn,SL-FEM-21814,2023-04-23,2023-05-03,2023-06-12,2023-06-14,2023-06-20,확정,소재불량,Material Defect,Minor,8,22.96,192.86
CLM-000566,Honda,Honda Suzuka Factory,JP,ja,Bumper Beam（SL-FEM-63145）にDimensional Out-of-Specを検出。Honda Suzuka Factoryにて確認。,상해삼립,CN,Front End Module,범퍼빔,Bumper Beam,SL-FEM-63145,2022-03-10,2022-03-19,2023-01-29,2023-02-13,2023-02-16,보상완료,치수불량,Dimensional Out-of-Spec,Minor,100,28.24,2598.08
CLM-000567,Ford,Ford Kentucky Truck Plant,US,en,Design Flaw detected on Outside Mirror (SL-MIR-58110). Identified at Ford Kentucky Truck Plant.,SL Tennessee,US,Mirror Systems,아웃사이드미러,Outside Mirror,SL-MIR-58110,2022-12-27,2023-01-10,2023-10-01,2023-10-02,2023-10-29,확정,설계결함,Design Flaw,Minor,12,68.49,797.22
CLM-000568,BMW,BMW Leipzig Plant,DE,de,Wiring & Electrical Defect bei Lower Control Arm (SL-CHS-10292) festgestellt. Erkannt bei BMW Leipzig Plant.,SL 안산공장,KR,Chassis Systems,로어암,Lower Control Arm,SL-CHS-10292,2024-11-13,2024-11-25,2025-03-17,2025-04-01,2025-05-15,보상완료,배선·전장불량,Wiring & Electrical Defect,Minor,1,42.87,53.59
CLM-000569,Stellantis,Stellantis Toledo Assembly,US,en,Dimensional Out-of-Spec detected on Steering Knuckle (SL-CHS-24046). Identified at Stellantis Toledo Assembly.,SL Alabama,US,Chassis Systems,너클,Steering Knuckle,SL-CHS-24046,2022-07-07,2022-07-15,2023-01-11,2023-01-18,2023-01-27,확정,치수불량,Dimensional Out-of-Spec,Minor,50,18.52,981.56
CLM-000570,Honda,Honda Suzuka Factory,JP,ja,Side Repeater Mirror（SL-MIR-42785）にDesign Flawを検出。Honda Suzuka Factoryにて確認。,SL 진량공장,KR,Mirror Systems,사이드리피터미러,Side Repeater Mirror,SL-MIR-42785,2023-07-27,2023-08-11,2024-04-08,2024-04-14,2024-05-14,확정,설계결함,Design Flaw,Major,100,60.58,5149.3
CLM-000571,GM,GM Fort Wayne Assembly,US,en,Dimensional Out-of-Spec detected on Fog Lamp (SL-LMP-36013). Identified at GM Fort Wayne Assembly.,SL Alabama,US,Lamp Systems,안개등,Fog Lamp,SL-LMP-36013,2023-04-27,2023-05-09,2023-08-15,2023-08-16,,조사중,치수불량,Dimensional Out-of-Spec,Minor,12,83.56,882.39
CLM-000572,Hyundai,HMGMA (Hyundai Motor Group Metaplant America),US,en,Wiring & Electrical Defect detected on Daytime Running Lamp (SL-LMP-74103). Identified at HMGMA (Hyundai Motor Group Metaplant America).,북경삼립,CN,Lamp Systems,주간주행등,Daytime Running Lamp,SL-LMP-74103,2024-10-19,2024-10-26,2025-10-11,2025-10-17,2025-11-14,보상완료,배선·전장불량,Wiring & Electrical Defect,Minor,20,33.54,858.62
CLM-000573,Stellantis,Stellantis Toledo Assembly,US,en,Dimensional Out-of-Spec detected on Fog Lamp (SL-LMP-66317). Identified at Stellantis Toledo Assembly.,SL Tennessee,US,Lamp Systems,안개등,Fog Lamp,SL-LMP-66317,2022-05-21,2022-06-08,2023-01-17,2023-01-22,2023-01-30,확정,치수불량,Dimensional Out-of-Spec,Minor,5,65.14,377.81
CLM-000574,Hyundai,HMMA (Hyundai Motor Manufacturing Alabama),US,en,Design Flaw detected on Side Repeater Mirror (SL-MIR-66250). Identified at HMMA (Hyundai Motor Manufacturing Alabama).,북경삼립,CN,Mirror Systems,사이드리피터미러,Side Repeater Mirror,SL-MIR-66250,2023-06-07,2023-06-13,2024-02-11,2024-02-23,2024-04-05,기각,설계결함,Design Flaw,Minor,5,69.63,382.97
CLM-000575,BMW,BMW Munich Plant,DE,de,Dimensional Out-of-Spec bei Lower Control Arm (SL-CHS-29163) festgestellt. Erkannt bei BMW Munich Plant.,SL 진량공장,KR,Chassis Systems,로어암,Lower Control Arm,SL-CHS-29163,2025-05-04,2025-05-13,2025-05-23,2025-05-25,2025-06-21,보상완료,치수불량,Dimensional Out-of-Spec,Minor,100,22.11,2476.32
CLM-000576,Kia,기아 광주공장,KR,ko,범퍼빔(SL-FEM-49883) 부품에서 표면·도금불량 발생. Kia 기아 광주공장에서 확인됨.,SL 성서공장,KR,Front End Module,범퍼빔,Bumper Beam,SL-FEM-49883,2023-03-15,2023-03-29,2023-08-14,2023-08-19,2023-09-17,보상완료,표면·도금불량,Surface & Plating Defect,Minor,12,32.17,343.58
CLM-000577,Hyundai,HMMA (Hyundai Motor Manufacturing Alabama),US,en,Material Defect detected on Actuator Motor (SL-ELE-66479). Identified at HMMA (Hyundai Motor Manufacturing Alabama).,SL Alabama,US,Electrification,액추에이터모터,Actuator Motor,SL-ELE-66479,2023-08-19,2023-09-06,2024-01-14,2024-01-20,2024-01-30,확정,소재불량,Material Defect,Major,500,10.61,5729.4
CLM-000578,Honda,Honda Suzuka Factory,JP,ja,Sensor Module（SL-ELE-41228）にOtherを検出。Honda Suzuka Factoryにて確認。,SL 미러텍(시흥),KR,Electrification,센서모듈,Sensor Module,SL-ELE-41228,2024-03-18,2024-04-02,2024-07-19,2024-07-21,2024-08-01,보상완료,기타,Other,Minor,2,11.85,30.34
CLM-000579,Honda,Honda Marysville Auto Plant,US,en,Assembly Defect detected on Rear Combination Lamp (SL-LMP-91134). Identified at Honda Marysville Auto Plant.,SL Tennessee,US,Lamp Systems,리어콤비램프,Rear Combination Lamp,SL-LMP-91134,2024-06-13,2024-07-01,2024-12-03,2024-12-16,2024-12-28,확정,조립불량,Assembly Defect,Minor,3,37.46,121.37
CLM-000580,Kia,Kia India (Anantapur),IN,en,Assembly Defect detected on Bumper Beam (SL-FEM-67163). Identified at Kia India (Anantapur).,상해삼립,CN,Front End Module,범퍼빔,Bumper Beam,SL-FEM-67163,2022-08-28,2022-09-13,2023-05-19,2023-05-28,2023-07-02,보상완료,조립불량,Assembly Defect,Minor,3,24.18,83.42
CLM-000581,Hyundai,현대자동차 울산공장,KR,ko,사이드리피터미러(SL-MIR-62100) 부품에서 설계결함 발생. Hyundai 현대자동차 울산공장에서 확인됨.,SL 대구공장,KR,Mirror Systems,사이드리피터미러,Side Repeater Mirror,SL-MIR-62100,2024-10-04,2024-10-24,2025-10-10,2025-10-24,2025-10-31,확정,설계결함,Design Flaw,Minor,50,57.54,2848.23
CLM-000582,Ford,Changan Ford Chongqing,CN,zh,在Tail Lamp（SL-LMP-84959）上发现Functional Failure。由Changan Ford Chongqing确认。,SL 옌타이,CN,Lamp Systems,후미등,Tail Lamp,SL-LMP-84959,2023-05-20,2023-05-23,2024-03-22,2024-04-06,2024-05-11,보상완료,기능불량,Functional Failure,Major,100,71.0,7526.0
CLM-000583,Kia,기아 광명공장,KR,ko,후미등(SL-LMP-39350) 부품에서 설계결함 발생. Kia 기아 광명공장에서 확인됨.,SL 성서공장,KR,Lamp Systems,후미등,Tail Lamp,SL-LMP-39350,2022-06-24,2022-07-04,2023-04-04,2023-04-09,,조사중,설계결함,Design Flaw,Minor,8,85.27,641.23
CLM-000584,Stellantis,Stellantis Toluca Assembly,MX,es,Se detectó Wiring & Electrical Defect en Actuator Motor (SL-ELE-10183). Identificado en Stellantis Toluca Assembly.,SL Tennessee,US,Electrification,액추에이터모터,Actuator Motor,SL-ELE-10183,2024-01-09,2024-01-23,2024-12-12,2024-12-18,,조사중,배선·전장불량,Wiring & Electrical Defect,Minor,8,42.49,339.92
CLM-000585,BMW,BMW Spartanburg Plant,US,en,Material Defect detected on Lower Control Arm (SL-CHS-46659). Identified at BMW Spartanburg Plant.,SL 진량공장,KR,Chassis Systems,로어암,Lower Control Arm,SL-CHS-46659,2023-08-15,2023-08-18,2023-12-28,2024-01-06,2024-02-15,기각,소재불량,Material Defect,Minor,20,43.21,803.71
CLM-000586,BMW,BMW Munich Plant,DE,de,Foreign Material Contamination bei Steering Knuckle (SL-CHS-36728) festgestellt. Erkannt bei BMW Munich Plant.,SL Alabama,US,Chassis Systems,너클,Steering Knuckle,SL-CHS-36728,2024-12-13,2024-12-30,2025-03-20,2025-03-24,2025-04-23,기각,이물혼입,Foreign Material Contamination,Minor,3,41.77,106.51
CLM-000587,Hyundai,현대자동차 아산공장,KR,ko,사이드리피터미러(SL-MIR-74293) 부품에서 치수불량 발생. Hyundai 현대자동차 아산공장에서 확인됨.,SL 미러텍(시흥),KR,Mirror Systems,사이드리피터미러,Side Repeater Mirror,SL-MIR-74293,2023-01-26,2023-02-07,2024-01-05,2024-01-06,2024-01-20,확정,치수불량,Dimensional Out-of-Spec,Critical,500,50.39,20911.85
CLM-000588,Hyundai,현대자동차 아산공장,KR,ko,와이어링하네스(SL-ELE-11545) 부품에서 조립불량 발생. Hyundai 현대자동차 아산공장에서 확인됨.,SL 진량공장,KR,Electrification,와이어링하네스,Wiring Harness,SL-ELE-11545,2022-12-27,2023-01-11,2023-07-24,2023-07-25,,조사중,조립불량,Assembly Defect,Critical,500,52.06,22646.1
CLM-000589,Ford,Ford-Werke Cologne,DE,de,Design Flaw bei Rear Combination Lamp (SL-LMP-54353) festgestellt. Erkannt bei Ford-Werke Cologne.,SL Poland,PL,Lamp Systems,리어콤비램프,Rear Combination Lamp,SL-LMP-54353,2023-03-05,2023-03-12,2023-06-24,2023-07-02,2023-08-02,보상완료,설계결함,Design Flaw,Minor,8,46.56,327.78
CLM-000590,Hyundai,HMMA (Hyundai Motor Manufacturing Alabama),US,en,Assembly Defect detected on Head Lamp (SL-LMP-81387). Identified at HMMA (Hyundai Motor Manufacturing Alabama).,SL Tennessee,US,Lamp Systems,전조등,Head Lamp,SL-LMP-81387,2024-06-19,2024-07-08,2024-08-30,2024-09-14,2024-09-26,보상완료,조립불량,Assembly Defect,Minor,5,26.56,134.13
CLM-000591,Hyundai,HMMA (Hyundai Motor Manufacturing Alabama),US,en,Foreign Material Contamination detected on Bonnet Latch (SL-FEM-24435). Identified at HMMA (Hyundai Motor Manufacturing Alabama).,SL Tennessee,US,Front End Module,본넷래치,Bonnet Latch,SL-FEM-24435,2024-01-30,2024-02-11,2024-04-04,2024-04-10,,조사중,이물혼입,Foreign Material Contamination,Minor,2,17.73,44.68
CLM-000592,Hyundai,현대자동차 울산공장,KR,ko,센서모듈(SL-ELE-88592) 부품에서 기타 발생. Hyundai 현대자동차 울산공장에서 확인됨.,SL 천안공장,KR,Electrification,센서모듈,Sensor Module,SL-ELE-88592,2023-01-08,2023-01-24,2024-01-07,2024-01-10,2024-02-01,보상완료,기타,Other,Minor,8,25.68,174.62
CLM-000593,Honda,Honda Suzuka Factory,JP,ja,Tail Lamp（SL-LMP-95964）にMaterial Defectを検出。Honda Suzuka Factoryにて確認。,SL 안산공장,KR,Lamp Systems,후미등,Tail Lamp,SL-LMP-95964,2023-05-10,2023-05-17,2023-10-28,2023-11-04,2023-12-07,확정,소재불량,Material Defect,Minor,2,62.56,160.15
CLM-000594,Kia,기아 화성공장,KR,ko,혼(SL-FEM-51853) 부품에서 이물혼입 발생. Kia 기아 화성공장에서 확인됨.,SL 대구공장,KR,Front End Module,혼,Horn,SL-FEM-51853,2025-02-15,2025-03-05,2025-10-09,2025-10-21,2025-12-01,보상완료,이물혼입,Foreign Material Contamination,Minor,3,29.66,100.55
CLM-000595,Kia,Kia Georgia Plant,US,en,Foreign Material Contamination detected on Bumper Beam (SL-FEM-86148). Identified at Kia Georgia Plant.,SL Tennessee,US,Front End Module,범퍼빔,Bumper Beam,SL-FEM-86148,2024-08-06,2024-08-16,2025-05-13,2025-05-25,,조사중,이물혼입,Foreign Material Contamination,Minor,1,13.49,16.59
CLM-000596,Kia,Kia Georgia Plant,US,en,Dimensional Out-of-Spec detected on Fog Lamp (SL-LMP-57298). Identified at Kia Georgia Plant.,SL 천안공장,KR,Lamp Systems,안개등,Fog Lamp,SL-LMP-57298,2023-04-28,2023-05-15,2023-10-13,2023-10-16,2023-11-23,보상완료,치수불량,Dimensional Out-of-Spec,Minor,5,38.7,176.09
CLM-000597,Ford,Ford Kentucky Truck Plant,US,en,Other detected on Bumper Beam (SL-FEM-65667). Identified at Ford Kentucky Truck Plant.,SL 성서공장,KR,Front End Module,범퍼빔,Bumper Beam,SL-FEM-65667,2024-12-28,2025-01-03,2025-01-31,2025-02-11,2025-03-16,확정,기타,Other,Minor,3,8.82,25.93
CLM-000598,Hyundai,현대자동차 울산공장,KR,ko,룸미러(SL-MIR-28364) 부품에서 이물혼입 발생. Hyundai 현대자동차 울산공장에서 확인됨.,SL 대구공장,KR,Mirror Systems,룸미러,Inside Mirror,SL-MIR-28364,2024-12-11,2024-12-23,2025-12-16,2025-12-24,,접수,이물혼입,Foreign Material Contamination,Major,50,59.07,3396.52
CLM-000599,Kia,기아 광명공장,KR,ko,사이드리피터미러(SL-MIR-31017) 부품에서 배선·전장불량 발생. Kia 기아 광명공장에서 확인됨.,SL 성서공장,KR,Mirror Systems,사이드리피터미러,Side Repeater Mirror,SL-MIR-31017,2022-06-18,2022-07-04,2023-01-23,2023-02-03,2023-03-07,보상완료,배선·전장불량,Wiring & Electrical Defect,Minor,8,65.96,554.06
CLM-000600,Ford,Changan Ford Chongqing,CN,zh,在Rear Combination Lamp（SL-LMP-59487）上发现Dimensional Out-of-Spec。由Changan Ford Chongqing确认。,북경삼립,CN,Lamp Systems,리어콤비램프,Rear Combination Lamp,SL-LMP-59487,2022-08-20,2022-08-29,2023-09-14,2023-09-21,2023-10-08,기각,치수불량,Dimensional Out-of-Spec,Minor,3,78.46,303.64
CLM-000601,BMW,BMW Leipzig Plant,DE,de,Dimensional Out-of-Spec bei Horn (SL-FEM-95550) festgestellt. Erkannt bei BMW Leipzig Plant.,SL Mexico (SLP),MX,Front End Module,혼,Horn,SL-FEM-95550,2024-09-18,2024-09-26,2025-04-09,2025-04-10,2025-05-24,보상완료,치수불량,Dimensional Out-of-Spec,Minor,5,15.29,64.98
CLM-000602,Kia,기아 광주공장,KR,ko,액추에이터모터(SL-ELE-18561) 부품에서 배선·전장불량 발생. Kia 기아 광주공장에서 확인됨.,SL 대구공장,KR,Electrification,액추에이터모터,Actuator Motor,SL-ELE-18561,2023-05-05,2023-05-08,2024-03-09,2024-03-22,2024-04-06,보상완료,배선·전장불량,Wiring & Electrical Defect,Minor,5,38.73,158.79
CLM-000603,Kia,Kia India (Anantapur),IN,en,Wiring & Electrical Defect detected on Fog Lamp (SL-LMP-22217). Identified at Kia India (Anantapur).,SL Lumax (India),IN,Lamp Systems,안개등,Fog Lamp,SL-LMP-22217,2024-09-05,2024-09-19,2024-09-24,2024-10-07,2024-11-04,확정,배선·전장불량,Wiring & Electrical Defect,Minor,5,45.44,227.2
CLM-000604,Kia,기아 광명공장,KR,ko,너클(SL-CHS-76005) 부품에서 기능불량 발생. Kia 기아 광명공장에서 확인됨.,SL 천안공장,KR,Chassis Systems,너클,Steering Knuckle,SL-CHS-76005,2022-11-03,2022-11-10,2023-07-26,2023-07-27,2023-08-23,확정,기능불량,Functional Failure,Major,200,40.67,6669.88
CLM-000605,Hyundai,HMGMA (Hyundai Motor Group Metaplant America),US,en,Wiring & Electrical Defect detected on Side Repeater Mirror (SL-MIR-95749). Identified at HMGMA (Hyundai Motor Group Metaplant America).,SL Tennessee,US,Mirror Systems,사이드리피터미러,Side Repeater Mirror,SL-MIR-95749,2022-09-09,2022-09-17,2023-10-16,2023-10-25,2023-12-05,확정,배선·전장불량,Wiring & Electrical Defect,Minor,12,42.37,442.34
CLM-000606,Kia,Kia India (Anantapur),IN,en,Material Defect detected on Daytime Running Lamp (SL-LMP-41340). Identified at Kia India (Anantapur).,SL Brazil,BR,Lamp Systems,주간주행등,Daytime Running Lamp,SL-LMP-41340,2023-04-20,2023-04-25,2024-03-03,2024-03-06,2024-04-09,확정,소재불량,Material Defect,Minor,1,34.27,42.49
CLM-000607,GM,GM Korea 부평공장,KR,ko,룸미러(SL-MIR-31164) 부품에서 설계결함 발생. GM Korea 부평공장에서 확인됨.,SL 안산공장,KR,Mirror Systems,룸미러,Inside Mirror,SL-MIR-31164,2022-12-13,2022-12-27,2023-05-20,2023-05-26,,조사중,설계결함,Design Flaw,Minor,50,32.9,1710.8
CLM-000608,Kia,Kia Georgia Plant,US,en,Functional Failure detected on Power Window Switch (SL-ELE-15189). Identified at Kia Georgia Plant.,SL Tennessee,US,Electrification,파워윈도우스위치,Power Window Switch,SL-ELE-15189,2024-08-05,2024-08-20,2025-01-14,2025-01-21,2025-02-01,보상완료,기능불량,Functional Failure,Minor,12,33.06,440.36
CLM-000609,Kia,기아 화성공장,KR,ko,리어콤비램프(SL-LMP-94392) 부품에서 설계결함 발생. Kia 기아 화성공장에서 확인됨.,SL 안산공장,KR,Lamp Systems,리어콤비램프,Rear Combination Lamp,SL-LMP-94392,2022-04-02,2022-04-12,2023-04-27,2023-05-09,2023-05-12,보상완료,설계결함,Design Flaw,Minor,2,43.89,77.25
CLM-000610,Kia,기아 화성공장,KR,ko,안개등(SL-LMP-71063) 부품에서 소재불량 발생. Kia 기아 화성공장에서 확인됨.,SL 미러텍(시흥),KR,Lamp Systems,안개등,Fog Lamp,SL-LMP-71063,2024-09-02,2024-09-22,2025-08-17,2025-09-01,2025-09-10,보상완료,소재불량,Material Defect,Minor,3,72.57,274.31
CLM-000611,Subaru,Subaru Gunma Oizumi Plant,JP,ja,Steering Knuckle（SL-CHS-89215）にWiring & Electrical Defectを検出。Subaru Gunma Oizumi Plantにて確認。,SL 진량공장,KR,Chassis Systems,너클,Steering Knuckle,SL-CHS-89215,2025-05-18,2025-06-05,2025-09-22,2025-09-24,2025-09-29,확정,배선·전장불량,Wiring & Electrical Defect,Minor,3,43.3,113.01
CLM-000612,Hyundai,Beijing Hyundai Motor (BHMC),CN,zh,在Steering Knuckle（SL-CHS-72050）上发现Dimensional Out-of-Spec。由Beijing Hyundai Motor (BHMC)确认。,북경삼립,CN,Chassis Systems,너클,Steering Knuckle,SL-CHS-72050,2024-02-05,2024-02-14,2024-03-13,2024-03-27,,접수,치수불량,Dimensional Out-of-Spec,Minor,8,20.32,144.68
CLM-000613,Hyundai,HMMA (Hyundai Motor Manufacturing Alabama),US,en,Foreign Material Contamination detected on Bonnet Latch (SL-FEM-97771). Identified at HMMA (Hyundai Motor Manufacturing Alabama).,SL Alabama,US,Front End Module,본넷래치,Bonnet Latch,SL-FEM-97771,2024-03-08,2024-03-12,2024-06-15,2024-06-17,2024-07-17,보상완료,이물혼입,Foreign Material Contamination,Minor,8,12.44,96.53
CLM-000614,Kia,Kia Georgia Plant,US,en,Material Defect detected on Stabilizer Link (SL-CHS-84752). Identified at Kia Georgia Plant.,SL Alabama,US,Chassis Systems,스태빌라이저링크,Stabilizer Link,SL-CHS-84752,2025-02-09,2025-03-01,2025-03-07,2025-03-20,2025-04-04,보상완료,소재불량,Material Defect,Major,500,31.09,13524.15
CLM-000615,BMW,BMW Spartanburg Plant,US,en,Functional Failure detected on Horn (SL-FEM-24890). Identified at BMW Spartanburg Plant.,SL Tennessee,US,Front End Module,혼,Horn,SL-FEM-24890,2024-11-09,2024-11-28,2025-04-12,2025-04-24,,접수,기능불량,Functional Failure,Minor,3,25.13,84.44
CLM-000616,GM,GM Korea 부평공장,KR,ko,와이어링하네스(SL-ELE-88766) 부품에서 조립불량 발생. GM Korea 부평공장에서 확인됨.,SL 천안공장,KR,Electrification,와이어링하네스,Wiring Harness,SL-ELE-88766,2024-10-10,2024-10-24,2025-02-12,2025-02-16,2025-03-27,보상완료,조립불량,Assembly Defect,Minor,12,46.62,453.15
CLM-000617,Honda,Honda Marysville Auto Plant,US,en,Dimensional Out-of-Spec detected on Horn (SL-FEM-56165). Identified at Honda Marysville Auto Plant.,SL Alabama,US,Front End Module,혼,Horn,SL-FEM-56165,2024-08-14,2024-08-27,2025-05-22,2025-05-24,2025-06-25,보상완료,치수불량,Dimensional Out-of-Spec,Minor,12,12.78,168.7
CLM-000618,GM,GM Fort Wayne Assembly,US,en,Functional Failure detected on Actuator Motor (SL-ELE-21484). Identified at GM Fort Wayne Assembly.,SL Alabama,US,Electrification,액추에이터모터,Actuator Motor,SL-ELE-21484,2023-06-13,2023-06-16,2023-08-01,2023-08-11,2023-08-20,보상완료,기능불량,Functional Failure,Major,200,51.73,8794.1
CLM-000619,GM,SAIC-GM Shanghai,CN,zh,在Bonnet Latch（SL-FEM-39213）上发现Material Defect。由SAIC-GM Shanghai确认。,SL 옌타이,CN,Front End Module,본넷래치,Bonnet Latch,SL-FEM-39213,2024-09-25,2024-10-10,2025-07-20,2025-07-22,2025-08-24,확정,소재불량,Material Defect,Minor,12,34.13,516.05
CLM-000620,Kia,Kia Georgia Plant,US,en,Assembly Defect detected on Sensor Module (SL-ELE-45076). Identified at Kia Georgia Plant.,SL Tennessee,US,Electrification,센서모듈,Sensor Module,SL-ELE-45076,2024-01-03,2024-01-19,2024-06-25,2024-07-06,2024-08-04,확정,조립불량,Assembly Defect,Minor,1,11.18,13.42
CLM-000621,Stellantis,Stellantis Toluca Assembly,MX,es,Se detectó Dimensional Out-of-Spec en Lower Control Arm (SL-CHS-84997). Identificado en Stellantis Toluca Assembly.,동풍삼립(우한),CN,Chassis Systems,로어암,Lower Control Arm,SL-CHS-84997,2025-01-06,2025-01-26,2025-05-30,2025-06-06,2025-07-20,확정,치수불량,Dimensional Out-of-Spec,Minor,1,38.44,41.9
CLM-000622,Hyundai,HMGMA (Hyundai Motor Group Metaplant America),US,en,Wiring & Electrical Defect detected on Horn (SL-FEM-77800). Identified at HMGMA (Hyundai Motor Group Metaplant America).,SL 미러텍(시흥),KR,Front End Module,혼,Horn,SL-FEM-77800,2023-04-01,2023-04-11,2023-11-21,2023-11-23,2023-12-04,기각,배선·전장불량,Wiring & Electrical Defect,Minor,2,25.05,59.62
CLM-000623,Stellantis,Stellantis Toluca Assembly,MX,es,Se detectó Design Flaw en Lower Control Arm (SL-CHS-22223). Identificado en Stellantis Toluca Assembly.,SL 미러텍(시흥),KR,Chassis Systems,로어암,Lower Control Arm,SL-CHS-22223,2023-06-11,2023-06-27,2023-07-11,2023-07-12,2023-08-21,기각,설계결함,Design Flaw,Minor,1,32.4,34.67
CLM-000624,KGM,KGM 평택공장,KR,ko,로어암(SL-CHS-41420) 부품에서 크랙·파손 발생. KGM 평택공장에서 확인됨.,SL 천안공장,KR,Chassis Systems,로어암,Lower Control Arm,SL-CHS-41420,2023-10-20,2023-10-29,2024-03-30,2024-04-08,2024-05-05,보상완료,크랙·파손,Crack & Breakage,Major,500,13.71,5758.2
CLM-000625,Hyundai,현대자동차 울산공장,KR,ko,범퍼빔(SL-FEM-24034) 부품에서 기능불량 발생. Hyundai 현대자동차 울산공장에서 확인됨.,SL 진량공장,KR,Front End Module,범퍼빔,Bumper Beam,SL-FEM-24034,2023-05-15,2023-05-26,2023-10-18,2023-11-02,2023-11-09,확정,기능불량,Functional Failure,Minor,12,32.64,352.51
CLM-000626,Hyundai,현대자동차 울산공장,KR,ko,후미등(SL-LMP-65038) 부품에서 조립불량 발생. Hyundai 현대자동차 울산공장에서 확인됨.,SL 미러텍(시흥),KR,Lamp Systems,후미등,Tail Lamp,SL-LMP-65038,2024-08-13,2024-08-30,2025-02-07,2025-02-20,2025-03-14,확정,조립불량,Assembly Defect,Minor,3,67.88,228.08
CLM-000627,Stellantis,Stellantis Toledo Assembly,US,en,Other detected on Bumper Beam (SL-FEM-30760). Identified at Stellantis Toledo Assembly.,상해삼립,CN,Front End Module,범퍼빔,Bumper Beam,SL-FEM-30760,2024-11-08,2024-11-19,2025-12-04,2025-12-19,,접수,기타,Other,Minor,1,22.47,23.82
CLM-000628,Ford,Ford Michigan Assembly,US,en,Crack & Breakage detected on Outside Mirror (SL-MIR-52931). Identified at Ford Michigan Assembly.,SL 천안공장,KR,Mirror Systems,아웃사이드미러,Outside Mirror,SL-MIR-52931,2023-06-15,2023-06-20,2023-10-11,2023-10-23,2023-11-03,기각,크랙·파손,Crack & Breakage,Minor,8,44.08,451.38
CLM-000629,Kia,Kia India (Anantapur),IN,en,Dimensional Out-of-Spec detected on Radiator Support (SL-FEM-35304). Identified at Kia India (Anantapur).,SL Lumax (India),IN,Front End Module,라디에이터서포트,Radiator Support,SL-FEM-35304,2024-02-19,2024-02-28,2024-05-27,2024-06-07,2024-06-27,보상완료,치수불량,Dimensional Out-of-Spec,Minor,2,23.76,56.07
CLM-000630,Kia,기아 광명공장,KR,ko,라디에이터서포트(SL-FEM-65540) 부품에서 기타 발생. Kia 기아 광명공장에서 확인됨.,SL Poland,PL,Front End Module,라디에이터서포트,Radiator Support,SL-FEM-65540,2024-01-22,2024-01-28,2024-07-10,2024-07-20,2024-08-04,확정,기타,Other,Minor,12,18.1,243.26
CLM-000631,Hyundai,현대자동차 아산공장,KR,ko,스태빌라이저링크(SL-CHS-63714) 부품에서 설계결함 발생. Hyundai 현대자동차 아산공장에서 확인됨.,SL Lumax (India),IN,Chassis Systems,스태빌라이저링크,Stabilizer Link,SL-CHS-63714,2023-09-30,2023-10-19,2024-08-24,2024-08-30,2024-09-09,확정,설계결함,Design Flaw,Minor,12,26.17,279.5
CLM-000632,Kia,기아 광명공장,KR,ko,로어암(SL-CHS-11262) 부품에서 기타 발생. Kia 기아 광명공장에서 확인됨.,SL 대구공장,KR,Chassis Systems,로어암,Lower Control Arm,SL-CHS-11262,2023-10-24,2023-10-27,2024-10-14,2024-10-26,2024-11-27,확정,기타,Other,Minor,12,41.66,539.91
CLM-000633,Kia,Kia India (Anantapur),IN,en,Foreign Material Contamination detected on Sensor Module (SL-ELE-89679). Identified at Kia India (Anantapur).,SL Lumax (India),IN,Electrification,센서모듈,Sensor Module,SL-ELE-89679,2022-07-28,2022-08-13,2023-06-03,2023-06-14,2023-07-07,보상완료,이물혼입,Foreign Material Contamination,Minor,5,18.87,113.22
CLM-000634,GM,GM Spring Hill Assembly,US,en,Other detected on Side Repeater Mirror (SL-MIR-52844). Identified at GM Spring Hill Assembly.,SL Alabama,US,Mirror Systems,사이드리피터미러,Side Repeater Mirror,SL-MIR-52844,2024-10-21,2024-10-24,2025-02-23,2025-02-28,,접수,기타,Other,Minor,1,65.58,61.65
CLM-000635,Stellantis,Stellantis Sterling Heights Assembly,US,en,Dimensional Out-of-Spec detected on Head Lamp (SL-LMP-71589). Identified at Stellantis Sterling Heights Assembly.,SL Alabama,US,Lamp Systems,전조등,Head Lamp,SL-LMP-71589,2022-12-01,2022-12-13,2023-07-14,2023-07-19,2023-08-13,확정,치수불량,Dimensional Out-of-Spec,Minor,2,61.17,117.45
CLM-000636,BMW,BMW Brilliance Shenyang,CN,zh,在Fog Lamp（SL-LMP-90999）上发现Material Defect。由BMW Brilliance Shenyang确认。,상해삼립,CN,Lamp Systems,안개등,Fog Lamp,SL-LMP-90999,2023-07-05,2023-07-15,2023-07-30,2023-07-31,2023-08-11,보상완료,소재불량,Material Defect,Minor,12,80.99,1127.38
CLM-000637,Kia,기아 화성공장,KR,ko,전조등(SL-LMP-44037) 부품에서 이물혼입 발생. Kia 기아 화성공장에서 확인됨.,SL 성서공장,KR,Lamp Systems,전조등,Head Lamp,SL-LMP-44037,2023-01-28,2023-02-01,2023-03-30,2023-04-04,,조사중,이물혼입,Foreign Material Contamination,Critical,200,76.46,15139.08
CLM-000638,Ford,Ford Michigan Assembly,US,en,Wiring & Electrical Defect detected on Lower Control Arm (SL-CHS-86563). Identified at Ford Michigan Assembly.,SL Tennessee,US,Chassis Systems,로어암,Lower Control Arm,SL-CHS-86563,2024-05-17,2024-06-03,2025-04-26,2025-05-07,,조사중,배선·전장불량,Wiring & Electrical Defect,Minor,5,31.07,175.55
CLM-000639,KGM,KGM 평택공장,KR,ko,아웃사이드미러(SL-MIR-44578) 부품에서 표면·도금불량 발생. KGM 평택공장에서 확인됨.,SL Poland,PL,Mirror Systems,아웃사이드미러,Outside Mirror,SL-MIR-44578,2023-08-25,2023-08-30,2024-08-29,2024-09-04,2024-09-22,확정,표면·도금불량,Surface & Plating Defect,Minor,2,23.76,49.9
CLM-000640,Hyundai,현대자동차 아산공장,KR,ko,범퍼빔(SL-FEM-54623) 부품에서 기능불량 발생. Hyundai 현대자동차 아산공장에서 확인됨.,SL 대구공장,KR,Front End Module,범퍼빔,Bumper Beam,SL-FEM-54623,2023-04-16,2023-05-05,2024-03-03,2024-03-12,2024-04-03,보상완료,기능불량,Functional Failure,Major,500,12.16,6384.0
CLM-000641,Honda,Honda Marysville Auto Plant,US,en,Other detected on Bonnet Latch (SL-FEM-62455). Identified at Honda Marysville Auto Plant.,호북삼립,CN,Front End Module,본넷래치,Bonnet Latch,SL-FEM-62455,2023-12-04,2023-12-15,2024-01-20,2024-01-27,2024-02-18,확정,기타,Other,Major,500,10.76,5541.4
CLM-000642,Hyundai,현대자동차 울산공장,KR,ko,로어암(SL-CHS-72421) 부품에서 배선·전장불량 발생. Hyundai 현대자동차 울산공장에서 확인됨.,SL 대구공장,KR,Chassis Systems,로어암,Lower Control Arm,SL-CHS-72421,2025-04-21,2025-05-05,2025-12-23,2025-12-28,,접수,배선·전장불량,Wiring & Electrical Defect,Minor,2,23.7,43.13
CLM-000643,Kia,Kia Georgia Plant,US,en,Crack & Breakage detected on Steering Knuckle (SL-CHS-22820). Identified at Kia Georgia Plant.,SL Alabama,US,Chassis Systems,너클,Steering Knuckle,SL-CHS-22820,2022-04-28,2022-05-13,2023-04-11,2023-04-23,2023-05-08,보상완료,크랙·파손,Crack & Breakage,Minor,5,25.29,139.09
CLM-000644,GM,GM Fort Wayne Assembly,US,en,Wiring & Electrical Defect detected on Outside Mirror (SL-MIR-38780). Identified at GM Fort Wayne Assembly.,SL Tennessee,US,Mirror Systems,아웃사이드미러,Outside Mirror,SL-MIR-38780,2023-07-23,2023-07-27,2023-08-24,2023-09-03,2023-09-10,확정,배선·전장불량,Wiring & Electrical Defect,Minor,2,33.77,83.75
CLM-000645,Ford,Changan Ford Chongqing,CN,zh,在Steering Knuckle（SL-CHS-36962）上发现Crack & Breakage。由Changan Ford Chongqing确认。,SL 옌타이,CN,Chassis Systems,너클,Steering Knuckle,SL-CHS-36962,2023-08-20,2023-09-03,2023-12-17,2023-12-28,2024-02-07,확정,크랙·파손,Crack & Breakage,Minor,1,15.11,15.87
CLM-000646,Ford,Changan Ford Chongqing,CN,zh,在Inside Mirror（SL-MIR-99318）上发现Assembly Defect。由Changan Ford Chongqing确认。,SL Alabama,US,Mirror Systems,룸미러,Inside Mirror,SL-MIR-99318,2023-02-18,2023-02-26,2023-05-23,2023-05-29,2023-06-10,보상완료,조립불량,Assembly Defect,Critical,500,43.73,21209.05
CLM-000647,Hyundai,HMMA (Hyundai Motor Manufacturing Alabama),US,en,Material Defect detected on Rear Combination Lamp (SL-LMP-56156). Identified at HMMA (Hyundai Motor Manufacturing Alabama).,SL 미러텍(시흥),KR,Lamp Systems,리어콤비램프,Rear Combination Lamp,SL-LMP-56156,2024-10-30,2024-11-02,2025-08-28,2025-09-05,2025-10-08,보상완료,소재불량,Material Defect,Minor,1,78.23,84.49
CLM-000648,KGM,KGM 평택공장,KR,ko,전조등(SL-LMP-49924) 부품에서 크랙·파손 발생. KGM 평택공장에서 확인됨.,SL 대구공장,KR,Lamp Systems,전조등,Head Lamp,SL-LMP-49924,2024-03-13,2024-03-31,2024-11-18,2024-11-30,2025-01-06,확정,크랙·파손,Crack & Breakage,Critical,500,56.62,27743.8
CLM-000649,Hyundai,HMMA (Hyundai Motor Manufacturing Alabama),US,en,Design Flaw detected on Fog Lamp (SL-LMP-99887). Identified at HMMA (Hyundai Motor Manufacturing Alabama).,SL Alabama,US,Lamp Systems,안개등,Fog Lamp,SL-LMP-99887,2024-11-18,2024-11-21,2025-11-29,2025-12-02,2025-12-19,기각,설계결함,Design Flaw,Minor,12,57.36,633.25
CLM-000650,Ford,Changan Ford Chongqing,CN,zh,在Bumper Beam（SL-FEM-45903）上发现Foreign Material Contamination。由Changan Ford Chongqing确认。,SL 옌타이,CN,Front End Module,범퍼빔,Bumper Beam,SL-FEM-45903,2024-10-04,2024-10-12,2025-07-09,2025-07-14,2025-08-08,보상완료,이물혼입,Foreign Material Contamination,Minor,20,23.91,607.31
CLM-000651,Kia,기아 광명공장,KR,ko,주간주행등(SL-LMP-69641) 부품에서 기능불량 발생. Kia 기아 광명공장에서 확인됨.,SL 성서공장,KR,Lamp Systems,주간주행등,Daytime Running Lamp,SL-LMP-69641,2024-07-10,2024-07-16,2024-12-11,2024-12-12,2024-12-24,확정,기능불량,Functional Failure,Critical,500,34.76,22246.4
CLM-000652,BMW,BMW Munich Plant,DE,de,Functional Failure bei Lower Control Arm (SL-CHS-69488) festgestellt. Erkannt bei BMW Munich Plant.,SL 진량공장,KR,Chassis Systems,로어암,Lower Control Arm,SL-CHS-69488,2022-11-21,2022-12-03,2023-03-25,2023-04-08,2023-04-14,확정,기능불량,Functional Failure,Minor,8,12.17,95.41
CLM-000653,Stellantis,Stellantis Toledo Assembly,US,en,Crack & Breakage detected on Wiring Harness (SL-ELE-21272). Identified at Stellantis Toledo Assembly.,SL Alabama,US,Electrification,와이어링하네스,Wiring Harness,SL-ELE-21272,2024-04-16,2024-04-25,2024-07-08,2024-07-15,2024-07-23,확정,크랙·파손,Crack & Breakage,Minor,5,11.45,72.71
CLM-000654,Kia,Kia Georgia Plant,US,en,Design Flaw detected on Stabilizer Link (SL-CHS-50728). Identified at Kia Georgia Plant.,SL Alabama,US,Chassis Systems,스태빌라이저링크,Stabilizer Link,SL-CHS-50728,2023-02-19,2023-03-07,2023-12-21,2024-01-01,2024-02-10,보상완료,설계결함,Design Flaw,Critical,500,37.33,17358.45
CLM-000655,Kia,기아 광명공장,KR,ko,파워윈도우스위치(SL-ELE-81543) 부품에서 기능불량 발생. Kia 기아 광명공장에서 확인됨.,SL 안산공장,KR,Electrification,파워윈도우스위치,Power Window Switch,SL-ELE-81543,2023-06-16,2023-07-02,2024-01-11,2024-01-13,,조사중,기능불량,Functional Failure,Minor,12,32.67,446.93
CLM-000656,Kia,기아 광주공장,KR,ko,범퍼빔(SL-FEM-83257) 부품에서 크랙·파손 발생. Kia 기아 광주공장에서 확인됨.,SL 천안공장,KR,Front End Module,범퍼빔,Bumper Beam,SL-FEM-83257,2022-01-11,2022-01-27,2023-02-24,2023-02-26,2023-04-09,보상완료,크랙·파손,Crack & Breakage,Minor,5,23.67,117.17
CLM-000657,BMW,BMW Spartanburg Plant,US,en,Material Defect detected on Bumper Beam (SL-FEM-70661). Identified at BMW Spartanburg Plant.,SL Tennessee,US,Front End Module,범퍼빔,Bumper Beam,SL-FEM-70661,2025-03-31,2025-04-04,2025-11-26,2025-11-28,,접수,소재불량,Material Defect,Minor,12,24.05,349.21
CLM-000658,GM,GM Brazil Gravataí,BR,pt,Surface & Plating Defect detectado em Actuator Motor (SL-ELE-36878). Identificado na GM Brazil Gravataí.,SL Brazil,BR,Electrification,액추에이터모터,Actuator Motor,SL-ELE-36878,2025-08-21,2025-09-10,2025-11-23,2025-12-05,2025-12-16,기각,표면·도금불량,Surface & Plating Defect,Critical,500,38.79,17067.6
CLM-000659,BMW,BMW Leipzig Plant,DE,de,Surface & Plating Defect bei Head Lamp (SL-LMP-10004) festgestellt. Erkannt bei BMW Leipzig Plant.,SL Tennessee,US,Lamp Systems,전조등,Head Lamp,SL-LMP-10004,2022-12-29,2023-01-04,2023-11-10,2023-11-19,,조사중,표면·도금불량,Surface & Plating Defect,Minor,2,55.79,136.13
CLM-000660,GM,GM Korea 부평공장,KR,ko,라디에이터서포트(SL-FEM-34123) 부품에서 기타 발생. GM Korea 부평공장에서 확인됨.,SL 옌타이,CN,Front End Module,라디에이터서포트,Radiator Support,SL-FEM-34123,2023-07-10,2023-07-21,2024-04-26,2024-05-10,2024-06-10,기각,기타,Other,Minor,2,19.67,44.06
CLM-000661,Hyundai,현대자동차 아산공장,KR,ko,혼(SL-FEM-47938) 부품에서 치수불량 발생. Hyundai 현대자동차 아산공장에서 확인됨.,SL 천안공장,KR,Front End Module,혼,Horn,SL-FEM-47938,2022-09-07,2022-09-25,2023-07-24,2023-07-30,2023-08-27,기각,치수불량,Dimensional Out-of-Spec,Minor,2,20.53,49.68
CLM-000662,Hyundai,HMMA (Hyundai Motor Manufacturing Alabama),US,en,Crack & Breakage detected on Sensor Module (SL-ELE-14467). Identified at HMMA (Hyundai Motor Manufacturing Alabama).,SL Tennessee,US,Electrification,센서모듈,Sensor Module,SL-ELE-14467,2025-05-24,2025-06-07,2025-06-29,2025-07-02,2025-08-03,확정,크랙·파손,Crack & Breakage,Minor,1,54.18,53.1
CLM-000663,Stellantis,Stellantis Toluca Assembly,MX,es,Se detectó Crack & Breakage en Side Repeater Mirror (SL-MIR-29844). Identificado en Stellantis Toluca Assembly.,SL Mexico (SLP),MX,Mirror Systems,사이드리피터미러,Side Repeater Mirror,SL-MIR-29844,2024-01-07,2024-01-20,2024-12-21,2024-12-29,2025-01-09,기각,크랙·파손,Crack & Breakage,Critical,500,35.15,17575.0
CLM-000664,Honda,Honda Suzuka Factory,JP,ja,Side Repeater Mirror（SL-MIR-76450）にOtherを検出。Honda Suzuka Factoryにて確認。,SL 성서공장,KR,Mirror Systems,사이드리피터미러,Side Repeater Mirror,SL-MIR-76450,2025-07-25,2025-08-01,2025-12-12,2025-12-24,,접수,기타,Other,Minor,12,49.22,714.67
CLM-000665,Hyundai,현대자동차 울산공장,KR,ko,아웃사이드미러(SL-MIR-97197) 부품에서 소재불량 발생. Hyundai 현대자동차 울산공장에서 확인됨.,SL 미러텍(시흥),KR,Mirror Systems,아웃사이드미러,Outside Mirror,SL-MIR-97197,2022-11-05,2022-11-23,2023-08-06,2023-08-12,2023-08-30,보상완료,소재불량,Material Defect,Minor,3,56.41,167.54
CLM-000666,KGM,KGM 평택공장,KR,ko,전조등(SL-LMP-67872) 부품에서 기능불량 발생. KGM 평택공장에서 확인됨.,SL 진량공장,KR,Lamp Systems,전조등,Head Lamp,SL-LMP-67872,2024-03-28,2024-03-31,2025-02-05,2025-02-20,2025-03-01,확정,기능불량,Functional Failure,Minor,20,33.66,753.98
CLM-000667,GM,GM Korea 창원공장,KR,ko,로어암(SL-CHS-36370) 부품에서 기타 발생. GM Korea 창원공장에서 확인됨.,SL 미러텍(시흥),KR,Chassis Systems,로어암,Lower Control Arm,SL-CHS-36370,2023-03-31,2023-04-19,2023-11-28,2023-12-11,2023-12-19,보상완료,기타,Other,Minor,1,32.76,37.02
CLM-000668,Hyundai,현대자동차 아산공장,KR,ko,범퍼빔(SL-FEM-54657) 부품에서 기타 발생. Hyundai 현대자동차 아산공장에서 확인됨.,상해삼립,CN,Front End Module,범퍼빔,Bumper Beam,SL-FEM-54657,2023-01-11,2023-01-30,2024-01-15,2024-01-23,2024-02-08,확정,기타,Other,Minor,50,21.52,1054.48
CLM-000669,Honda,Honda Marysville Auto Plant,US,en,Functional Failure detected on Radiator Support (SL-FEM-19288). Identified at Honda Marysville Auto Plant.,SL Mexico (SLP),MX,Front End Module,라디에이터서포트,Radiator Support,SL-FEM-19288,2023-03-17,2023-04-05,2023-06-10,2023-06-15,,조사중,기능불량,Functional Failure,Minor,5,9.39,50.24
CLM-000670,Hyundai,HMMA (Hyundai Motor Manufacturing Alabama),US,en,Other detected on Horn (SL-FEM-18906). Identified at HMMA (Hyundai Motor Manufacturing Alabama).,북경삼립,CN,Front End Module,혼,Horn,SL-FEM-18906,2023-06-20,2023-06-25,2023-11-20,2023-11-29,2024-01-04,확정,기타,Other,Minor,100,16.43,1823.73
CLM-000671,GM,GM Korea 부평공장,KR,ko,전조등(SL-LMP-54308) 부품에서 설계결함 발생. GM Korea 부평공장에서 확인됨.,SL 미러텍(시흥),KR,Lamp Systems,전조등,Head Lamp,SL-LMP-54308,2024-12-21,2024-12-30,2025-05-13,2025-05-19,2025-05-25,보상완료,설계결함,Design Flaw,Minor,5,60.56,354.28
CLM-000672,Subaru,Subaru of Indiana Automotive,US,en,Material Defect detected on Lower Control Arm (SL-CHS-64557). Identified at Subaru of Indiana Automotive.,SL Tennessee,US,Chassis Systems,로어암,Lower Control Arm,SL-CHS-64557,2022-08-18,2022-09-05,2023-06-15,2023-06-18,2023-06-23,확정,소재불량,Material Defect,Minor,1,28.39,25.83
CLM-000673,Kia,Kia Georgia Plant,US,en,Assembly Defect detected on Head Lamp (SL-LMP-35712). Identified at Kia Georgia Plant.,SL Tennessee,US,Lamp Systems,전조등,Head Lamp,SL-LMP-35712,2025-02-06,2025-02-21,2025-12-30,2025-12-31,,접수,조립불량,Assembly Defect,Major,100,56.34,5577.66
CLM-000674,Kia,기아 광명공장,KR,ko,아웃사이드미러(SL-MIR-67403) 부품에서 조립불량 발생. Kia 기아 광명공장에서 확인됨.,SL 성서공장,KR,Mirror Systems,아웃사이드미러,Outside Mirror,SL-MIR-67403,2022-10-04,2022-10-18,2023-08-30,2023-09-05,2023-10-05,확정,조립불량,Assembly Defect,Minor,5,31.6,172.22
CLM-000675,Kia,Kia India (Anantapur),IN,en,Foreign Material Contamination detected on Head Lamp (SL-LMP-17425). Identified at Kia India (Anantapur).,SL Lumax (India),IN,Lamp Systems,전조등,Head Lamp,SL-LMP-17425,2023-01-27,2023-02-04,2023-09-17,2023-09-22,,조사중,이물혼입,Foreign Material Contamination,Major,200,67.59,12436.56
CLM-000676,Kia,Kia India (Anantapur),IN,en,Functional Failure detected on Fog Lamp (SL-LMP-81256). Identified at Kia India (Anantapur).,SL Lumax (India),IN,Lamp Systems,안개등,Fog Lamp,SL-LMP-81256,2023-06-03,2023-06-17,2024-02-26,2024-03-12,2024-03-29,보상완료,기능불량,Functional Failure,Minor,8,86.19,820.53
CLM-000677,Kia,기아 광명공장,KR,ko,액추에이터모터(SL-ELE-17077) 부품에서 설계결함 발생. Kia 기아 광명공장에서 확인됨.,SL 안산공장,KR,Electrification,액추에이터모터,Actuator Motor,SL-ELE-17077,2024-04-25,2024-05-13,2024-12-10,2024-12-15,,조사중,설계결함,Design Flaw,Minor,100,20.37,2383.29
CLM-000678,Hyundai,HMMA (Hyundai Motor Manufacturing Alabama),US,en,Crack & Breakage detected on Tail Lamp (SL-LMP-67708). Identified at HMMA (Hyundai Motor Manufacturing Alabama).,SL 성서공장,KR,Lamp Systems,후미등,Tail Lamp,SL-LMP-67708,2025-05-17,2025-05-20,2025-07-18,2025-07-26,2025-08-15,보상완료,크랙·파손,Crack & Breakage,Major,200,49.97,12092.74
CLM-000679,Hyundai,HMMA (Hyundai Motor Manufacturing Alabama),US,en,Dimensional Out-of-Spec detected on Bumper Beam (SL-FEM-60146). Identified at HMMA (Hyundai Motor Manufacturing Alabama).,호북삼립,CN,Front End Module,범퍼빔,Bumper Beam,SL-FEM-60146,2024-07-09,2024-07-13,2025-02-26,2025-03-02,2025-03-16,확정,치수불량,Dimensional Out-of-Spec,Minor,100,9.41,893.95
CLM-000680,GM,GM Spring Hill Assembly,US,en,Material Defect detected on Stabilizer Link (SL-CHS-38382). Identified at GM Spring Hill Assembly.,동풍삼립(우한),CN,Chassis Systems,스태빌라이저링크,Stabilizer Link,SL-CHS-38382,2022-08-19,2022-09-04,2023-02-26,2023-03-12,2023-03-18,확정,소재불량,Material Defect,Minor,100,24.81,2877.96
CLM-000681,BMW,BMW Brilliance Shenyang,CN,zh,在Radiator Support（SL-FEM-41224）上发现Material Defect。由BMW Brilliance Shenyang确认。,SL 옌타이,CN,Front End Module,라디에이터서포트,Radiator Support,SL-FEM-41224,2023-09-09,2023-09-20,2023-09-28,2023-10-11,2023-10-31,기각,소재불량,Material Defect,Minor,5,28.83,136.94
CLM-000682,GM,GM Korea 부평공장,KR,ko,스태빌라이저링크(SL-CHS-89691) 부품에서 설계결함 발생. GM Korea 부평공장에서 확인됨.,SL 안산공장,KR,Chassis Systems,스태빌라이저링크,Stabilizer Link,SL-CHS-89691,2022-11-11,2022-11-23,2023-01-26,2023-02-05,2023-02-24,기각,설계결함,Design Flaw,Minor,50,27.27,1390.77
CLM-000683,GM,GM Spring Hill Assembly,US,en,Design Flaw detected on Rear Combination Lamp (SL-LMP-20426). Identified at GM Spring Hill Assembly.,SL Alabama,US,Lamp Systems,리어콤비램프,Rear Combination Lamp,SL-LMP-20426,2023-08-22,2023-09-11,2024-07-20,2024-07-26,2024-08-26,보상완료,설계결함,Design Flaw,Minor,8,74.79,562.42
CLM-000684,Honda,Honda Marysville Auto Plant,US,en,Other detected on Actuator Motor (SL-ELE-40496). Identified at Honda Marysville Auto Plant.,SL Tennessee,US,Electrification,액추에이터모터,Actuator Motor,SL-ELE-40496,2022-09-17,2022-09-21,2023-08-23,2023-08-26,2023-09-26,기각,기타,Other,Minor,12,11.89,165.51
CLM-000685,Hyundai,HMMA (Hyundai Motor Manufacturing Alabama),US,en,Wiring & Electrical Defect detected on Stabilizer Link (SL-CHS-15863). Identified at HMMA (Hyundai Motor Manufacturing Alabama).,SL 진량공장,KR,Chassis Systems,스태빌라이저링크,Stabilizer Link,SL-CHS-15863,2023-10-22,2023-10-28,2024-04-25,2024-04-27,2024-05-07,확정,배선·전장불량,Wiring & Electrical Defect,Minor,2,19.82,38.05
CLM-000686,Kia,Kia Georgia Plant,US,en,Crack & Breakage detected on Outside Mirror (SL-MIR-52800). Identified at Kia Georgia Plant.,SL Alabama,US,Mirror Systems,아웃사이드미러,Outside Mirror,SL-MIR-52800,2024-07-03,2024-07-19,2025-01-07,2025-01-22,2025-02-24,기각,크랙·파손,Crack & Breakage,Major,200,21.56,4225.76
CLM-000687,Kia,기아 광명공장,KR,ko,리어콤비램프(SL-LMP-37719) 부품에서 표면·도금불량 발생. Kia 기아 광명공장에서 확인됨.,SL 진량공장,KR,Lamp Systems,리어콤비램프,Rear Combination Lamp,SL-LMP-37719,2023-12-27,2024-01-15,2024-10-03,2024-10-16,2024-11-10,확정,표면·도금불량,Surface & Plating Defect,Minor,20,79.0,1295.6
CLM-000688,Ford,Changan Ford Chongqing,CN,zh,在Tail Lamp（SL-LMP-84108）上发现Wiring & Electrical Defect。由Changan Ford Chongqing确认。,SL 안산공장,KR,Lamp Systems,후미등,Tail Lamp,SL-LMP-84108,2024-12-17,2025-01-06,2025-10-28,2025-11-09,2025-11-19,확정,배선·전장불량,Wiring & Electrical Defect,Minor,1,64.46,72.84
CLM-000689,GM,GM Spring Hill Assembly,US,en,Functional Failure detected on Lower Control Arm (SL-CHS-57443). Identified at GM Spring Hill Assembly.,SL Tennessee,US,Chassis Systems,로어암,Lower Control Arm,SL-CHS-57443,2023-08-14,2023-08-27,2024-04-17,2024-04-29,2024-05-17,보상완료,기능불량,Functional Failure,Minor,20,23.94,469.22
CLM-000690,GM,GM Spring Hill Assembly,US,en,Design Flaw detected on Bonnet Latch (SL-FEM-84624). Identified at GM Spring Hill Assembly.,SL Alabama,US,Front End Module,본넷래치,Bonnet Latch,SL-FEM-84624,2022-12-02,2022-12-12,2023-09-14,2023-09-27,2023-11-06,보상완료,설계결함,Design Flaw,Minor,200,15.03,2825.64
CLM-000691,Kia,기아 화성공장,KR,ko,본넷래치(SL-FEM-33581) 부품에서 기능불량 발생. Kia 기아 화성공장에서 확인됨.,SL 성서공장,KR,Front End Module,본넷래치,Bonnet Latch,SL-FEM-33581,2025-07-02,2025-07-10,2025-07-18,2025-07-20,2025-08-27,확정,기능불량,Functional Failure,Minor,2,11.41,18.71
CLM-000692,GM,GM Brazil Gravataí,BR,pt,Material Defect detectado em Power Window Switch (SL-ELE-65359). Identificado na GM Brazil Gravataí.,SL Brazil,BR,Electrification,파워윈도우스위치,Power Window Switch,SL-ELE-65359,2024-10-06,2024-10-21,2024-12-26,2025-01-07,2025-01-28,확정,소재불량,Material Defect,Minor,12,50.38,755.7
CLM-000693,BMW,BMW Leipzig Plant,DE,de,Functional Failure bei Fog Lamp (SL-LMP-68837) festgestellt. Erkannt bei BMW Leipzig Plant.,SL 대구공장,KR,Lamp Systems,안개등,Fog Lamp,SL-LMP-68837,2024-05-12,2024-05-29,2025-04-17,2025-04-29,2025-05-20,보상완료,기능불량,Functional Failure,Minor,3,72.67,252.89
CLM-000694,BMW,BMW Leipzig Plant,DE,de,Surface & Plating Defect bei Radiator Support (SL-FEM-52000) festgestellt. Erkannt bei BMW Leipzig Plant.,SL Poland,PL,Front End Module,라디에이터서포트,Radiator Support,SL-FEM-52000,2025-02-27,2025-03-18,2025-06-17,2025-06-29,2025-07-08,확정,표면·도금불량,Surface & Plating Defect,Minor,8,21.32,139.86
CLM-000695,GM,SAIC-GM Shanghai,CN,zh,在Steering Knuckle（SL-CHS-51756）上发现Dimensional Out-of-Spec。由SAIC-GM Shanghai确认。,동풍삼립(우한),CN,Chassis Systems,너클,Steering Knuckle,SL-CHS-51756,2023-10-15,2023-10-19,2024-01-01,2024-01-15,2024-01-31,보상완료,치수불량,Dimensional Out-of-Spec,Minor,100,21.18,2626.32
CLM-000696,Kia,기아 광주공장,KR,ko,너클(SL-CHS-67529) 부품에서 소재불량 발생. Kia 기아 광주공장에서 확인됨.,SL 안산공장,KR,Chassis Systems,너클,Steering Knuckle,SL-CHS-67529,2023-12-26,2024-01-07,2024-04-03,2024-04-18,2024-05-29,확정,소재불량,Material Defect,Minor,5,33.99,147.86
CLM-000697,Hyundai,Beijing Hyundai Motor (BHMC),CN,zh,在Actuator Motor（SL-ELE-80756）上发现Surface & Plating Defect。由Beijing Hyundai Motor (BHMC)确认。,SL 진량공장,KR,Electrification,액추에이터모터,Actuator Motor,SL-ELE-80756,2024-01-13,2024-01-31,2024-02-04,2024-02-18,2024-03-15,보상완료,표면·도금불량,Surface & Plating Defect,Minor,8,52.38,456.75
CLM-000698,Ford,Ford Michigan Assembly,US,en,Material Defect detected on Head Lamp (SL-LMP-68249). Identified at Ford Michigan Assembly.,SL 옌타이,CN,Lamp Systems,전조등,Head Lamp,SL-LMP-68249,2024-09-13,2024-09-24,2025-06-04,2025-06-06,2025-06-26,보상완료,소재불량,Material Defect,Minor,12,77.24,1084.45
CLM-000699,Kia,기아 화성공장,KR,ko,범퍼빔(SL-FEM-51262) 부품에서 이물혼입 발생. Kia 기아 화성공장에서 확인됨.,SL 안산공장,KR,Front End Module,범퍼빔,Bumper Beam,SL-FEM-51262,2022-08-04,2022-08-10,2023-03-20,2023-04-04,2023-05-10,기각,이물혼입,Foreign Material Contamination,Minor,5,30.72,173.57
CLM-000700,Honda,Honda Marysville Auto Plant,US,en,Design Flaw detected on Outside Mirror (SL-MIR-86853). Identified at Honda Marysville Auto Plant.,SL 진량공장,KR,Mirror Systems,아웃사이드미러,Outside Mirror,SL-MIR-86853,2024-10-10,2024-10-19,2025-02-09,2025-02-14,2025-03-20,확정,설계결함,Design Flaw,Minor,50,34.13,1535.85
CLM-000701,Honda,Honda Marysville Auto Plant,US,en,Surface & Plating Defect detected on Wiring Harness (SL-ELE-33345). Identified at Honda Marysville Auto Plant.,SL Alabama,US,Electrification,와이어링하네스,Wiring Harness,SL-ELE-33345,2022-08-07,2022-08-18,2023-03-21,2023-03-31,2023-05-10,확정,표면·도금불량,Surface & Plating Defect,Major,500,25.69,13744.15
CLM-000702,Subaru,Subaru Gunma Oizumi Plant,JP,ja,Radiator Support（SL-FEM-92578）にSurface & Plating Defectを検出。Subaru Gunma Oizumi Plantにて確認。,SL 옌타이,CN,Front End Module,라디에이터서포트,Radiator Support,SL-FEM-92578,2024-04-27,2024-05-11,2025-03-14,2025-03-23,2025-04-01,확정,표면·도금불량,Surface & Plating Defect,Minor,2,34.0,85.0
CLM-000703,Ford,Changan Ford Chongqing,CN,zh,在Side Repeater Mirror（SL-MIR-65687）上发现Dimensional Out-of-Spec。由Changan Ford Chongqing确认。,동풍삼립(우한),CN,Mirror Systems,사이드리피터미러,Side Repeater Mirror,SL-MIR-65687,2023-05-10,2023-05-27,2023-08-26,2023-09-01,2023-09-26,기각,치수불량,Dimensional Out-of-Spec,Minor,3,58.68,183.08
CLM-000704,Stellantis,Stellantis Sterling Heights Assembly,US,en,Foreign Material Contamination detected on Steering Knuckle (SL-CHS-76517). Identified at Stellantis Sterling Heights Assembly.,SL Tennessee,US,Chassis Systems,너클,Steering Knuckle,SL-CHS-76517,2023-08-15,2023-08-19,2024-03-16,2024-03-25,2024-04-13,보상완료,이물혼입,Foreign Material Contamination,Minor,20,24.92,508.37
CLM-000705,Kia,기아 화성공장,KR,ko,안개등(SL-LMP-68672) 부품에서 소재불량 발생. Kia 기아 화성공장에서 확인됨.,SL 안산공장,KR,Lamp Systems,안개등,Fog Lamp,SL-LMP-68672,2024-12-18,2024-12-26,2025-04-19,2025-04-28,2025-06-10,확정,소재불량,Material Defect,Major,200,64.7,11128.4
CLM-000706,GM,GM Brazil Gravataí,BR,pt,Surface & Plating Defect detectado em Steering Knuckle (SL-CHS-82468). Identificado na GM Brazil Gravataí.,SL Brazil,BR,Chassis Systems,너클,Steering Knuckle,SL-CHS-82468,2022-06-04,2022-06-08,2023-05-10,2023-05-19,2023-06-25,확정,표면·도금불량,Surface & Plating Defect,Minor,3,39.66,118.98
CLM-000707,Ford,Ford-Werke Cologne,DE,de,Wiring & Electrical Defect bei Steering Knuckle (SL-CHS-38261) festgestellt. Erkannt bei Ford-Werke Cologne.,상해삼립,CN,Chassis Systems,너클,Steering Knuckle,SL-CHS-38261,2024-05-13,2024-05-17,2024-05-24,2024-06-07,,접수,배선·전장불량,Wiring & Electrical Defect,Minor,2,28.55,68.52
CLM-000708,Hyundai,HMMA (Hyundai Motor Manufacturing Alabama),US,en,Material Defect detected on Fog Lamp (SL-LMP-26206). Identified at HMMA (Hyundai Motor Manufacturing Alabama).,SL Tennessee,US,Lamp Systems,안개등,Fog Lamp,SL-LMP-26206,2024-02-27,2024-03-13,2025-02-12,2025-02-15,2025-03-07,보상완료,소재불량,Material Defect,Minor,2,29.8,69.14
CLM-000709,Ford,Changan Ford Chongqing,CN,zh,在Power Window Switch（SL-ELE-35465）上发现Crack & Breakage。由Changan Ford Chongqing确认。,북경삼립,CN,Electrification,파워윈도우스위치,Power Window Switch,SL-ELE-35465,2024-04-02,2024-04-18,2024-10-01,2024-10-10,2024-11-01,기각,크랙·파손,Crack & Breakage,Minor,50,19.12,889.08
CLM-000710,BMW,BMW Brilliance Shenyang,CN,zh,在Inside Mirror（SL-MIR-83530）上发现Surface & Plating Defect。由BMW Brilliance Shenyang确认。,북경삼립,CN,Mirror Systems,룸미러,Inside Mirror,SL-MIR-83530,2023-11-07,2023-11-19,2024-07-24,2024-08-08,2024-09-12,기각,표면·도금불량,Surface & Plating Defect,Minor,20,20.86,438.06
CLM-000711,Kia,기아 광주공장,KR,ko,본넷래치(SL-FEM-85743) 부품에서 소재불량 발생. Kia 기아 광주공장에서 확인됨.,SL 천안공장,KR,Front End Module,본넷래치,Bonnet Latch,SL-FEM-85743,2022-07-21,2022-07-31,2023-02-20,2023-02-28,2023-04-08,확정,소재불량,Material Defect,Major,500,16.39,7129.65
CLM-000712,BMW,BMW Leipzig Plant,DE,de,Surface & Plating Defect bei Bonnet Latch (SL-FEM-20995) festgestellt. Erkannt bei BMW Leipzig Plant.,SL Poland,PL,Front End Module,본넷래치,Bonnet Latch,SL-FEM-20995,2023-03-06,2023-03-24,2023-10-17,2023-10-26,2023-12-04,기각,표면·도금불량,Surface & Plating Defect,Minor,1,28.72,26.71
CLM-000713,Kia,기아 광주공장,KR,ko,스태빌라이저링크(SL-CHS-84096) 부품에서 기능불량 발생. Kia 기아 광주공장에서 확인됨.,SL 대구공장,KR,Chassis Systems,스태빌라이저링크,Stabilizer Link,SL-CHS-84096,2025-03-29,2025-04-09,2025-04-12,2025-04-24,2025-06-01,확정,기능불량,Functional Failure,Major,100,28.49,3646.72
CLM-000714,Kia,Kia Georgia Plant,US,en,Assembly Defect detected on Actuator Motor (SL-ELE-23768). Identified at Kia Georgia Plant.,SL Lumax (India),IN,Electrification,액추에이터모터,Actuator Motor,SL-ELE-23768,2024-05-22,2024-05-27,2025-05-21,2025-05-28,,조사중,조립불량,Assembly Defect,Minor,3,33.4,86.17
CLM-000715,Hyundai,현대자동차 울산공장,KR,ko,사이드리피터미러(SL-MIR-78758) 부품에서 소재불량 발생. Hyundai 현대자동차 울산공장에서 확인됨.,SL 천안공장,KR,Mirror Systems,사이드리피터미러,Side Repeater Mirror,SL-MIR-78758,2025-06-24,2025-07-14,2025-09-24,2025-10-01,2025-10-22,확정,소재불량,Material Defect,Minor,20,69.79,1619.13
CLM-000716,Honda,Honda Suzuka Factory,JP,ja,Outside Mirror（SL-MIR-48036）にWiring & Electrical Defectを検出。Honda Suzuka Factoryにて確認。,SL 성서공장,KR,Mirror Systems,아웃사이드미러,Outside Mirror,SL-MIR-48036,2024-12-12,2024-12-21,2025-12-07,2025-12-20,2025-12-31,확정,배선·전장불량,Wiring & Electrical Defect,Major,200,32.56,6707.36
CLM-000717,Subaru,Subaru of Indiana Automotive,US,en,Surface & Plating Defect detected on Steering Knuckle (SL-CHS-33491). Identified at Subaru of Indiana Automotive.,SL Tennessee,US,Chassis Systems,너클,Steering Knuckle,SL-CHS-33491,2023-03-03,2023-03-08,2023-11-04,2023-11-05,2023-11-20,확정,표면·도금불량,Surface & Plating Defect,Minor,2,29.75,57.71
CLM-000718,Hyundai,HMGMA (Hyundai Motor Group Metaplant America),US,en,Other detected on Wiring Harness (SL-ELE-55214). Identified at HMGMA (Hyundai Motor Group Metaplant America).,SL Alabama,US,Electrification,와이어링하네스,Wiring Harness,SL-ELE-55214,2022-10-11,2022-10-22,2023-01-29,2023-02-03,2023-03-05,보상완료,기타,Other,Minor,8,26.53,250.44
CLM-000719,Subaru,Subaru of Indiana Automotive,US,en,Dimensional Out-of-Spec detected on Inside Mirror (SL-MIR-33373). Identified at Subaru of Indiana Automotive.,SL Tennessee,US,Mirror Systems,룸미러,Inside Mirror,SL-MIR-33373,2023-09-01,2023-09-07,2024-06-22,2024-06-25,2024-08-04,보상완료,치수불량,Dimensional Out-of-Spec,Minor,12,48.78,719.99
CLM-000720,BMW,BMW Brilliance Shenyang,CN,zh,在Outside Mirror（SL-MIR-90599）上发现Material Defect。由BMW Brilliance Shenyang确认。,SL 옌타이,CN,Mirror Systems,아웃사이드미러,Outside Mirror,SL-MIR-90599,2023-08-07,2023-08-15,2023-10-28,2023-11-05,2023-11-28,보상완료,소재불량,Material Defect,Minor,1,26.85,32.22
CLM-000721,GM,GM Fort Wayne Assembly,US,en,Foreign Material Contamination detected on Power Window Switch (SL-ELE-59454). Identified at GM Fort Wayne Assembly.,SL Tennessee,US,Electrification,파워윈도우스위치,Power Window Switch,SL-ELE-59454,2024-02-14,2024-03-03,2025-02-28,2025-03-06,2025-04-11,확정,이물혼입,Foreign Material Contamination,Minor,100,13.52,1487.2
CLM-000722,Hyundai,현대자동차 아산공장,KR,ko,룸미러(SL-MIR-83464) 부품에서 치수불량 발생. Hyundai 현대자동차 아산공장에서 확인됨.,북경삼립,CN,Mirror Systems,룸미러,Inside Mirror,SL-MIR-83464,2024-10-04,2024-10-15,2025-06-23,2025-07-04,,조사중,치수불량,Dimensional Out-of-Spec,Critical,500,37.41,15151.05
CLM-000723,Kia,Kia Georgia Plant,US,en,Surface & Plating Defect detected on Bonnet Latch (SL-FEM-90868). Identified at Kia Georgia Plant.,상해삼립,CN,Front End Module,본넷래치,Bonnet Latch,SL-FEM-90868,2023-07-01,2023-07-15,2024-01-27,2024-01-30,2024-02-02,보상완료,표면·도금불량,Surface & Plating Defect,Minor,50,17.75,798.75
CLM-000724,BMW,BMW Spartanburg Plant,US,en,Crack & Breakage detected on Actuator Motor (SL-ELE-89531). Identified at BMW Spartanburg Plant.,SL Alabama,US,Electrification,액추에이터모터,Actuator Motor,SL-ELE-89531,2024-06-14,2024-06-25,2024-07-13,2024-07-24,2024-07-29,확정,크랙·파손,Crack & Breakage,Minor,8,38.14,393.6
CLM-000725,Stellantis,Stellantis Toluca Assembly,MX,es,Se detectó Design Flaw en Bonnet Latch (SL-FEM-72055). Identificado en Stellantis Toluca Assembly.,SL Mexico (SLP),MX,Front End Module,본넷래치,Bonnet Latch,SL-FEM-72055,2023-06-28,2023-07-12,2023-08-01,2023-08-02,2023-08-14,기각,설계결함,Design Flaw,Minor,3,10.24,37.48
CLM-000726,Hyundai,HMGMA (Hyundai Motor Group Metaplant America),US,en,Design Flaw detected on Rear Combination Lamp (SL-LMP-46369). Identified at HMGMA (Hyundai Motor Group Metaplant America).,SL Alabama,US,Lamp Systems,리어콤비램프,Rear Combination Lamp,SL-LMP-46369,2023-02-28,2023-03-03,2024-02-02,2024-02-08,2024-03-02,보상완료,설계결함,Design Flaw,Major,200,71.94,14100.24
CLM-000727,Hyundai,HMGMA (Hyundai Motor Group Metaplant America),US,en,Other detected on Side Repeater Mirror (SL-MIR-29334). Identified at HMGMA (Hyundai Motor Group Metaplant America).,SL Tennessee,US,Mirror Systems,사이드리피터미러,Side Repeater Mirror,SL-MIR-29334,2024-05-10,2024-05-18,2024-06-30,2024-07-08,,조사중,기타,Other,Minor,5,54.44,272.2
CLM-000728,BMW,BMW Leipzig Plant,DE,de,Material Defect bei Steering Knuckle (SL-CHS-84471) festgestellt. Erkannt bei BMW Leipzig Plant.,SL 진량공장,KR,Chassis Systems,너클,Steering Knuckle,SL-CHS-84471,2022-08-23,2022-09-09,2023-06-26,2023-06-28,,조사중,소재불량,Material Defect,Minor,3,36.08,96.33
CLM-000729,BMW,BMW Leipzig Plant,DE,de,Surface & Plating Defect bei Side Repeater Mirror (SL-MIR-59090) festgestellt. Erkannt bei BMW Leipzig Plant.,SL 진량공장,KR,Mirror Systems,사이드리피터미러,Side Repeater Mirror,SL-MIR-59090,2025-06-09,2025-06-19,2025-07-31,2025-08-05,2025-09-18,보상완료,표면·도금불량,Surface & Plating Defect,Minor,3,35.52,105.49
CLM-000730,Kia,기아 광주공장,KR,ko,아웃사이드미러(SL-MIR-45756) 부품에서 소재불량 발생. Kia 기아 광주공장에서 확인됨.,SL 천안공장,KR,Mirror Systems,아웃사이드미러,Outside Mirror,SL-MIR-45756,2023-11-02,2023-11-14,2024-02-13,2024-02-18,2024-03-08,기각,소재불량,Material Defect,Minor,50,37.76,1850.24
CLM-000731,Ford,Changan Ford Chongqing,CN,zh,在Rear Combination Lamp（SL-LMP-60551）上发现Crack & Breakage。由Changan Ford Chongqing确认。,SL 미러텍(시흥),KR,Lamp Systems,리어콤비램프,Rear Combination Lamp,SL-LMP-60551,2023-02-03,2023-02-12,2023-11-15,2023-11-27,2024-01-10,확정,크랙·파손,Crack & Breakage,Minor,5,47.24,302.34
CLM-000732,GM,GM Brazil Gravataí,BR,pt,Design Flaw detectado em Wiring Harness (SL-ELE-43844). Identificado na GM Brazil Gravataí.,SL 안산공장,KR,Electrification,와이어링하네스,Wiring Harness,SL-ELE-43844,2023-07-15,2023-07-26,2024-03-22,2024-03-23,2024-04-28,보상완료,설계결함,Design Flaw,Minor,50,16.29,887.81
CLM-000733,Kia,Kia Georgia Plant,US,en,Design Flaw detected on Fog Lamp (SL-LMP-11035). Identified at Kia Georgia Plant.,SL Alabama,US,Lamp Systems,안개등,Fog Lamp,SL-LMP-11035,2023-04-02,2023-04-20,2023-11-22,2023-11-28,2023-12-07,확정,설계결함,Design Flaw,Minor,12,44.91,555.09
CLM-000734,Hyundai,현대자동차 울산공장,KR,ko,파워윈도우스위치(SL-ELE-62341) 부품에서 기능불량 발생. Hyundai 현대자동차 울산공장에서 확인됨.,SL 성서공장,KR,Electrification,파워윈도우스위치,Power Window Switch,SL-ELE-62341,2025-04-13,2025-04-24,2025-08-27,2025-09-08,2025-10-02,확정,기능불량,Functional Failure,Major,500,28.05,11500.5
CLM-000735,Subaru,Subaru of Indiana Automotive,US,en,Wiring & Electrical Defect detected on Daytime Running Lamp (SL-LMP-65822). Identified at Subaru of Indiana Automotive.,SL Lumax (India),IN,Lamp Systems,주간주행등,Daytime Running Lamp,SL-LMP-65822,2023-08-29,2023-09-13,2024-07-05,2024-07-15,,접수,배선·전장불량,Wiring & Electrical Defect,Minor,3,84.95,316.01
CLM-000736,KGM,KGM 평택공장,KR,ko,사이드리피터미러(SL-MIR-53666) 부품에서 기능불량 발생. KGM 평택공장에서 확인됨.,SL 성서공장,KR,Mirror Systems,사이드리피터미러,Side Repeater Mirror,SL-MIR-53666,2023-02-21,2023-03-05,2023-04-21,2023-05-04,2023-05-29,보상완료,기능불량,Functional Failure,Minor,20,28.27,452.32
CLM-000737,Hyundai,현대자동차 아산공장,KR,ko,아웃사이드미러(SL-MIR-67219) 부품에서 조립불량 발생. Hyundai 현대자동차 아산공장에서 확인됨.,SL 대구공장,KR,Mirror Systems,아웃사이드미러,Outside Mirror,SL-MIR-67219,2022-06-18,2022-06-28,2023-07-04,2023-07-07,2023-08-02,기각,조립불량,Assembly Defect,Minor,50,27.97,1188.72
CLM-000738,GM,GM Fort Wayne Assembly,US,en,Foreign Material Contamination detected on Bonnet Latch (SL-FEM-22559). Identified at GM Fort Wayne Assembly.,SL Alabama,US,Front End Module,본넷래치,Bonnet Latch,SL-FEM-22559,2024-12-15,2024-12-28,2025-03-04,2025-03-17,2025-04-14,보상완료,이물혼입,Foreign Material Contamination,Minor,8,30.13,282.02
CLM-000739,GM,GM Fort Wayne Assembly,US,en,Assembly Defect detected on Actuator Motor (SL-ELE-39057). Identified at GM Fort Wayne Assembly.,SL Alabama,US,Electrification,액추에이터모터,Actuator Motor,SL-ELE-39057,2022-11-22,2022-12-02,2023-12-31,2024-01-06,2024-02-10,확정,조립불량,Assembly Defect,Major,200,36.96,7392.0
CLM-000740,Hyundai,현대자동차 아산공장,KR,ko,룸미러(SL-MIR-67068) 부품에서 크랙·파손 발생. Hyundai 현대자동차 아산공장에서 확인됨.,SL 진량공장,KR,Mirror Systems,룸미러,Inside Mirror,SL-MIR-67068,2023-01-02,2023-01-17,2023-07-10,2023-07-21,2023-08-02,확정,크랙·파손,Crack & Breakage,Minor,8,39.34,380.81
CLM-000741,Hyundai,HMGMA (Hyundai Motor Group Metaplant America),US,en,Foreign Material Contamination detected on Bumper Beam (SL-FEM-55388). Identified at HMGMA (Hyundai Motor Group Metaplant America).,SL Tennessee,US,Front End Module,범퍼빔,Bumper Beam,SL-FEM-55388,2022-08-10,2022-08-25,2023-07-27,2023-08-09,2023-08-22,보상완료,이물혼입,Foreign Material Contamination,Minor,3,23.52,69.85
CLM-000742,GM,GM Fort Wayne Assembly,US,en,Wiring & Electrical Defect detected on Fog Lamp (SL-LMP-65703). Identified at GM Fort Wayne Assembly.,SL Alabama,US,Lamp Systems,안개등,Fog Lamp,SL-LMP-65703,2023-05-24,2023-05-30,2024-06-13,2024-06-23,2024-07-24,보상완료,배선·전장불량,Wiring & Electrical Defect,Minor,12,75.77,1054.72
CLM-000743,Stellantis,Stellantis Sterling Heights Assembly,US,en,Crack & Breakage detected on Power Window Switch (SL-ELE-98436). Identified at Stellantis Sterling Heights Assembly.,SL Alabama,US,Electrification,파워윈도우스위치,Power Window Switch,SL-ELE-98436,2023-03-25,2023-03-28,2023-06-13,2023-06-19,2023-07-29,보상완료,크랙·파손,Crack & Breakage,Minor,5,33.17,184.09
CLM-000744,Honda,Honda Suzuka Factory,JP,ja,Daytime Running Lamp（SL-LMP-70325）にAssembly Defectを検出。Honda Suzuka Factoryにて確認。,SL 진량공장,KR,Lamp Systems,주간주행등,Daytime Running Lamp,SL-LMP-70325,2024-12-12,2024-12-26,2025-01-21,2025-01-26,2025-02-16,확정,조립불량,Assembly Defect,Major,100,42.37,4025.15
CLM-000745,Kia,Kia Georgia Plant,US,en,Wiring & Electrical Defect detected on Stabilizer Link (SL-CHS-14798). Identified at Kia Georgia Plant.,SL Tennessee,US,Chassis Systems,스태빌라이저링크,Stabilizer Link,SL-CHS-14798,2024-11-25,2024-12-10,2025-12-24,2025-12-28,,접수,배선·전장불량,Wiring & Electrical Defect,Minor,2,16.16,28.12
CLM-000746,GM,GM Spring Hill Assembly,US,en,Material Defect detected on Power Window Switch (SL-ELE-15326). Identified at GM Spring Hill Assembly.,SL Tennessee,US,Electrification,파워윈도우스위치,Power Window Switch,SL-ELE-15326,2022-12-06,2022-12-20,2023-06-06,2023-06-07,,조사중,소재불량,Material Defect,Minor,20,33.07,767.22
CLM-000747,Kia,기아 광주공장,KR,ko,스태빌라이저링크(SL-CHS-95576) 부품에서 크랙·파손 발생. Kia 기아 광주공장에서 확인됨.,SL 대구공장,KR,Chassis Systems,스태빌라이저링크,Stabilizer Link,SL-CHS-95576,2022-10-27,2022-11-02,2023-06-12,2023-06-25,2023-07-14,확정,크랙·파손,Crack & Breakage,Major,200,28.96,7124.16
CLM-000748,Kia,기아 화성공장,KR,ko,혼(SL-FEM-34341) 부품에서 크랙·파손 발생. Kia 기아 화성공장에서 확인됨.,SL 대구공장,KR,Front End Module,혼,Horn,SL-FEM-34341,2023-11-02,2023-11-06,2024-07-20,2024-07-30,2024-08-13,확정,크랙·파손,Crack & Breakage,Minor,8,8.14,58.61
CLM-000749,Stellantis,Stellantis Toluca Assembly,MX,es,Se detectó Other en Sensor Module (SL-ELE-22733). Identificado en Stellantis Toluca Assembly.,SL Mexico (SLP),MX,Electrification,센서모듈,Sensor Module,SL-ELE-22733,2023-12-01,2023-12-04,2024-03-29,2024-04-10,2024-04-17,확정,기타,Other,Minor,8,42.77,376.38
CLM-000750,GM,GM Fort Wayne Assembly,US,en,Functional Failure detected on Bumper Beam (SL-FEM-54951). Identified at GM Fort Wayne Assembly.,SL Alabama,US,Front End Module,범퍼빔,Bumper Beam,SL-FEM-54951,2024-06-03,2024-06-17,2024-11-28,2024-12-12,2025-01-13,확정,기능불량,Functional Failure,Minor,5,22.37,99.55
CLM-000751,Kia,Kia Georgia Plant,US,en,Functional Failure detected on Sensor Module (SL-ELE-20891). Identified at Kia Georgia Plant.,SL Alabama,US,Electrification,센서모듈,Sensor Module,SL-ELE-20891,2023-01-24,2023-02-12,2024-03-01,2024-03-07,2024-03-30,확정,기능불량,Functional Failure,Major,500,31.03,13653.2
CLM-000752,BMW,BMW Spartanburg Plant,US,en,Material Defect detected on Stabilizer Link (SL-CHS-74324). Identified at BMW Spartanburg Plant.,SL Tennessee,US,Chassis Systems,스태빌라이저링크,Stabilizer Link,SL-CHS-74324,2023-09-25,2023-10-15,2024-04-25,2024-04-28,2024-05-08,확정,소재불량,Material Defect,Minor,20,19.2,499.2
CLM-000753,GM,GM Korea 창원공장,KR,ko,파워윈도우스위치(SL-ELE-56140) 부품에서 소재불량 발생. GM Korea 창원공장에서 확인됨.,호북삼립,CN,Electrification,파워윈도우스위치,Power Window Switch,SL-ELE-56140,2023-08-08,2023-08-19,2024-03-21,2024-03-27,2024-05-09,보상완료,소재불량,Material Defect,Critical,500,49.81,31878.4
CLM-000754,Ford,Ford-Werke Cologne,DE,de,Crack & Breakage bei Radiator Support (SL-FEM-70806) festgestellt. Erkannt bei Ford-Werke Cologne.,SL 대구공장,KR,Front End Module,라디에이터서포트,Radiator Support,SL-FEM-70806,2023-12-14,2023-12-22,2024-08-09,2024-08-24,2024-09-21,보상완료,크랙·파손,Crack & Breakage,Minor,1,22.38,21.71
CLM-000755,GM,GM Korea 창원공장,KR,ko,파워윈도우스위치(SL-ELE-64823) 부품에서 기타 발생. GM Korea 창원공장에서 확인됨.,SL 천안공장,KR,Electrification,파워윈도우스위치,Power Window Switch,SL-ELE-64823,2025-01-10,2025-01-13,2025-04-20,2025-04-30,2025-06-11,확정,기타,Other,Major,100,54.95,6044.5
CLM-000756,Ford,Ford Kentucky Truck Plant,US,en,Dimensional Out-of-Spec detected on Power Window Switch (SL-ELE-99700). Identified at Ford Kentucky Truck Plant.,SL Tennessee,US,Electrification,파워윈도우스위치,Power Window Switch,SL-ELE-99700,2022-12-25,2022-12-28,2023-07-06,2023-07-18,2023-08-31,기각,치수불량,Dimensional Out-of-Spec,Minor,100,33.01,2970.9
CLM-000757,Honda,Honda Suzuka Factory,JP,ja,Bonnet Latch（SL-FEM-52300）にOtherを検出。Honda Suzuka Factoryにて確認。,SL 옌타이,CN,Front End Module,본넷래치,Bonnet Latch,SL-FEM-52300,2023-04-26,2023-05-01,2023-09-29,2023-10-14,,조사중,기타,Other,Minor,50,20.4,1162.8
CLM-000758,GM,GM Korea 창원공장,KR,ko,액추에이터모터(SL-ELE-89168) 부품에서 조립불량 발생. GM Korea 창원공장에서 확인됨.,SL Mexico (SLP),MX,Electrification,액추에이터모터,Actuator Motor,SL-ELE-89168,2024-08-09,2024-08-19,2024-11-09,2024-11-17,2024-11-24,기각,조립불량,Assembly Defect,Minor,1,40.69,40.69
CLM-000759,GM,GM Fort Wayne Assembly,US,en,Functional Failure detected on Horn (SL-FEM-80430). Identified at GM Fort Wayne Assembly.,SL 안산공장,KR,Front End Module,혼,Horn,SL-FEM-80430,2022-08-14,2022-09-03,2023-09-05,2023-09-17,,접수,기능불량,Functional Failure,Minor,1,15.91,15.91
CLM-000760,Stellantis,Stellantis Toledo Assembly,US,en,Foreign Material Contamination detected on Head Lamp (SL-LMP-29134). Identified at Stellantis Toledo Assembly.,SL Alabama,US,Lamp Systems,전조등,Head Lamp,SL-LMP-29134,2023-05-23,2023-05-29,2024-06-21,2024-07-03,2024-08-01,확정,이물혼입,Foreign Material Contamination,Minor,3,84.34,303.62
CLM-000761,Hyundai,현대자동차 울산공장,KR,ko,본넷래치(SL-FEM-44078) 부품에서 기타 발생. Hyundai 현대자동차 울산공장에서 확인됨.,SL 천안공장,KR,Front End Module,본넷래치,Bonnet Latch,SL-FEM-44078,2024-06-16,2024-07-03,2024-12-02,2024-12-08,2024-12-27,보상완료,기타,Other,Minor,8,24.05,227.03
CLM-000762,Hyundai,HMMA (Hyundai Motor Manufacturing Alabama),US,en,Design Flaw detected on Steering Knuckle (SL-CHS-30749). Identified at HMMA (Hyundai Motor Manufacturing Alabama).,SL Alabama,US,Chassis Systems,너클,Steering Knuckle,SL-CHS-30749,2023-12-30,2024-01-16,2024-09-16,2024-09-27,2024-10-08,확정,설계결함,Design Flaw,Major,200,21.65,4286.7
CLM-000763,BMW,BMW Leipzig Plant,DE,de,Dimensional Out-of-Spec bei Side Repeater Mirror (SL-MIR-11581) festgestellt. Erkannt bei BMW Leipzig Plant.,SL 옌타이,CN,Mirror Systems,사이드리피터미러,Side Repeater Mirror,SL-MIR-11581,2023-11-22,2023-12-11,2024-06-15,2024-06-27,2024-08-02,보상완료,치수불량,Dimensional Out-of-Spec,Minor,50,50.92,2265.94
CLM-000764,Kia,기아 광명공장,KR,ko,너클(SL-CHS-73602) 부품에서 조립불량 발생. Kia 기아 광명공장에서 확인됨.,SL 성서공장,KR,Chassis Systems,너클,Steering Knuckle,SL-CHS-73602,2023-03-01,2023-03-19,2023-12-13,2023-12-16,2024-01-12,확정,조립불량,Assembly Defect,Critical,500,43.25,20976.25
CLM-000765,Kia,기아 광명공장,KR,ko,룸미러(SL-MIR-75377) 부품에서 표면·도금불량 발생. Kia 기아 광명공장에서 확인됨.,SL 미러텍(시흥),KR,Mirror Systems,룸미러,Inside Mirror,SL-MIR-75377,2024-10-07,2024-10-10,2025-07-29,2025-08-12,2025-09-17,기각,표면·도금불량,Surface & Plating Defect,Minor,5,38.18,156.54
CLM-000766,BMW,BMW Spartanburg Plant,US,en,Surface & Plating Defect detected on Daytime Running Lamp (SL-LMP-84278). Identified at BMW Spartanburg Plant.,SL Tennessee,US,Lamp Systems,주간주행등,Daytime Running Lamp,SL-LMP-84278,2025-07-22,2025-08-01,2025-12-06,2025-12-11,2025-12-25,확정,표면·도금불량,Surface & Plating Defect,Minor,5,69.83,359.62
CLM-000767,Hyundai,Beijing Hyundai Motor (BHMC),CN,zh,在Side Repeater Mirror（SL-MIR-18345）上发现Other。由Beijing Hyundai Motor (BHMC)确认。,북경삼립,CN,Mirror Systems,사이드리피터미러,Side Repeater Mirror,SL-MIR-18345,2022-12-23,2023-01-04,2023-09-29,2023-09-30,2023-10-18,확정,기타,Other,Major,200,43.86,7456.2
CLM-000768,Honda,Honda Marysville Auto Plant,US,en,Other detected on Bumper Beam (SL-FEM-67920). Identified at Honda Marysville Auto Plant.,SL Tennessee,US,Front End Module,범퍼빔,Bumper Beam,SL-FEM-67920,2022-10-10,2022-10-19,2023-06-20,2023-06-22,2023-07-08,확정,기타,Other,Minor,50,16.1,644.0
CLM-000769,GM,GM Korea 부평공장,KR,ko,사이드리피터미러(SL-MIR-93221) 부품에서 기능불량 발생. GM Korea 부평공장에서 확인됨.,SL Mexico (SLP),MX,Mirror Systems,사이드리피터미러,Side Repeater Mirror,SL-MIR-93221,2025-07-11,2025-07-22,2025-07-23,2025-08-05,2025-08-25,확정,기능불량,Functional Failure,Critical,500,28.83,15135.75
CLM-000770,GM,GM Brazil Gravataí,BR,pt,Functional Failure detectado em Stabilizer Link (SL-CHS-83566). Identificado na GM Brazil Gravataí.,SL Brazil,BR,Chassis Systems,스태빌라이저링크,Stabilizer Link,SL-CHS-83566,2025-05-04,2025-05-21,2025-10-27,2025-10-29,2025-11-12,보상완료,기능불량,Functional Failure,Minor,1,22.53,29.06
CLM-000771,GM,GM Korea 창원공장,KR,ko,로어암(SL-CHS-68090) 부품에서 표면·도금불량 발생. GM Korea 창원공장에서 확인됨.,SL 미러텍(시흥),KR,Chassis Systems,로어암,Lower Control Arm,SL-CHS-68090,2023-12-21,2024-01-10,2024-12-02,2024-12-16,2024-12-25,확정,표면·도금불량,Surface & Plating Defect,Minor,5,22.14,105.16
CLM-000772,Ford,Changan Ford Chongqing,CN,zh,在Side Repeater Mirror（SL-MIR-98065）上发现Design Flaw。由Changan Ford Chongqing确认。,호북삼립,CN,Mirror Systems,사이드리피터미러,Side Repeater Mirror,SL-MIR-98065,2023-05-23,2023-05-31,2023-11-13,2023-11-17,2023-11-30,보상완료,설계결함,Design Flaw,Major,200,53.13,10200.96
CLM-000773,GM,GM Fort Wayne Assembly,US,en,Foreign Material Contamination detected on Inside Mirror (SL-MIR-71863). Identified at GM Fort Wayne Assembly.,SL Alabama,US,Mirror Systems,룸미러,Inside Mirror,SL-MIR-71863,2024-02-29,2024-03-07,2024-09-13,2024-09-18,2024-10-13,확정,이물혼입,Foreign Material Contamination,Minor,50,35.4,1911.6
CLM-000774,Ford,Ford Kentucky Truck Plant,US,en,Surface & Plating Defect detected on Daytime Running Lamp (SL-LMP-56348). Identified at Ford Kentucky Truck Plant.,호북삼립,CN,Lamp Systems,주간주행등,Daytime Running Lamp,SL-LMP-56348,2023-02-11,2023-02-22,2023-10-14,2023-10-15,2023-10-30,보상완료,표면·도금불량,Surface & Plating Defect,Critical,500,71.58,34000.5
CLM-000775,Kia,기아 광주공장,KR,ko,와이어링하네스(SL-ELE-38177) 부품에서 설계결함 발생. Kia 기아 광주공장에서 확인됨.,SL 안산공장,KR,Electrification,와이어링하네스,Wiring Harness,SL-ELE-38177,2025-03-04,2025-03-15,2025-10-27,2025-10-29,,조사중,설계결함,Design Flaw,Minor,12,42.53,648.16
CLM-000776,BMW,BMW Leipzig Plant,DE,de,Wiring & Electrical Defect bei Bonnet Latch (SL-FEM-46718) festgestellt. Erkannt bei BMW Leipzig Plant.,호북삼립,CN,Front End Module,본넷래치,Bonnet Latch,SL-FEM-46718,2025-01-01,2025-01-07,2025-02-07,2025-02-08,2025-02-28,기각,배선·전장불량,Wiring & Electrical Defect,Minor,12,19.83,223.68
CLM-000777,GM,GM Brazil Gravataí,BR,pt,Wiring & Electrical Defect detectado em Side Repeater Mirror (SL-MIR-49171). Identificado na GM Brazil Gravataí.,SL Brazil,BR,Mirror Systems,사이드리피터미러,Side Repeater Mirror,SL-MIR-49171,2023-04-27,2023-05-02,2024-02-14,2024-02-22,2024-04-01,확정,배선·전장불량,Wiring & Electrical Defect,Critical,500,33.04,17676.4
CLM-000778,Kia,기아 화성공장,KR,ko,너클(SL-CHS-68437) 부품에서 이물혼입 발생. Kia 기아 화성공장에서 확인됨.,SL 미러텍(시흥),KR,Chassis Systems,너클,Steering Knuckle,SL-CHS-68437,2023-11-28,2023-12-11,2024-03-15,2024-03-23,2024-04-18,확정,이물혼입,Foreign Material Contamination,Minor,5,34.36,197.57
CLM-000779,Kia,기아 화성공장,KR,ko,라디에이터서포트(SL-FEM-16295) 부품에서 치수불량 발생. Kia 기아 화성공장에서 확인됨.,SL 천안공장,KR,Front End Module,라디에이터서포트,Radiator Support,SL-FEM-16295,2025-10-29,2025-11-17,2025-12-18,2025-12-24,,접수,치수불량,Dimensional Out-of-Spec,Minor,1,33.91,42.05
CLM-000780,Kia,Kia India (Anantapur),IN,en,Other detected on Rear Combination Lamp (SL-LMP-22077). Identified at Kia India (Anantapur).,SL Lumax (India),IN,Lamp Systems,리어콤비램프,Rear Combination Lamp,SL-LMP-22077,2022-11-11,2022-11-19,2023-08-19,2023-09-01,2023-09-09,확정,기타,Other,Major,50,64.65,4202.25
CLM-000781,Ford,Changan Ford Chongqing,CN,zh,在Bonnet Latch（SL-FEM-95254）上发现Wiring & Electrical Defect。由Changan Ford Chongqing确认。,SL Mexico (SLP),MX,Front End Module,본넷래치,Bonnet Latch,SL-FEM-95254,2024-09-22,2024-09-30,2024-11-07,2024-11-18,2024-12-20,확정,배선·전장불량,Wiring & Electrical Defect,Minor,20,32.01,640.2
CLM-000782,Kia,Kia India (Anantapur),IN,en,Wiring & Electrical Defect detected on Tail Lamp (SL-LMP-52255). Identified at Kia India (Anantapur).,SL 진량공장,KR,Lamp Systems,후미등,Tail Lamp,SL-LMP-52255,2025-02-24,2025-03-07,2025-05-24,2025-06-07,2025-06-30,확정,배선·전장불량,Wiring & Electrical Defect,Major,50,67.48,3036.6
CLM-000783,Stellantis,Stellantis Sterling Heights Assembly,US,en,Design Flaw detected on Outside Mirror (SL-MIR-37019). Identified at Stellantis Sterling Heights Assembly.,SL 성서공장,KR,Mirror Systems,아웃사이드미러,Outside Mirror,SL-MIR-37019,2024-06-16,2024-06-22,2024-09-23,2024-09-24,2024-09-29,확정,설계결함,Design Flaw,Major,100,37.43,3106.69
CLM-000784,Honda,Honda Marysville Auto Plant,US,en,Functional Failure detected on Inside Mirror (SL-MIR-45530). Identified at Honda Marysville Auto Plant.,SL Alabama,US,Mirror Systems,룸미러,Inside Mirror,SL-MIR-45530,2023-12-18,2024-01-01,2024-04-22,2024-04-23,,조사중,기능불량,Functional Failure,Minor,2,61.71,122.19
CLM-000785,GM,GM Brazil Gravataí,BR,pt,Material Defect detectado em Bumper Beam (SL-FEM-68564). Identificado na GM Brazil Gravataí.,SL Tennessee,US,Front End Module,범퍼빔,Bumper Beam,SL-FEM-68564,2024-11-15,2024-11-24,2025-06-17,2025-06-21,2025-07-31,보상완료,소재불량,Material Defect,Minor,2,34.17,71.76
CLM-000786,GM,SAIC-GM Shanghai,CN,zh,在Horn（SL-FEM-51534）上发现Functional Failure。由SAIC-GM Shanghai确认。,북경삼립,CN,Front End Module,혼,Horn,SL-FEM-51534,2025-01-13,2025-01-22,2025-04-30,2025-05-02,2025-05-28,보상완료,기능불량,Functional Failure,Minor,8,21.74,220.88
CLM-000787,Hyundai,HMGMA (Hyundai Motor Group Metaplant America),US,en,Material Defect detected on Fog Lamp (SL-LMP-57237). Identified at HMGMA (Hyundai Motor Group Metaplant America).,호북삼립,CN,Lamp Systems,안개등,Fog Lamp,SL-LMP-57237,2024-08-07,2024-08-23,2024-09-26,2024-10-10,2024-10-27,기각,소재불량,Material Defect,Critical,500,66.83,33080.85
CLM-000788,GM,GM Spring Hill Assembly,US,en,Functional Failure detected on Tail Lamp (SL-LMP-42636). Identified at GM Spring Hill Assembly.,동풍삼립(우한),CN,Lamp Systems,후미등,Tail Lamp,SL-LMP-42636,2023-03-12,2023-03-15,2023-12-30,2024-01-02,2024-01-13,확정,기능불량,Functional Failure,Minor,1,28.98,34.78
CLM-000789,Honda,Honda Suzuka Factory,JP,ja,Bonnet Latch（SL-FEM-32890）にDesign Flawを検出。Honda Suzuka Factoryにて確認。,SL 대구공장,KR,Front End Module,본넷래치,Bonnet Latch,SL-FEM-32890,2025-09-03,2025-09-11,2025-11-28,2025-12-04,2025-12-14,기각,설계결함,Design Flaw,Minor,1,21.43,20.36
CLM-000790,BMW,BMW Spartanburg Plant,US,en,Dimensional Out-of-Spec detected on Lower Control Arm (SL-CHS-71669). Identified at BMW Spartanburg Plant.,SL Tennessee,US,Chassis Systems,로어암,Lower Control Arm,SL-CHS-71669,2022-02-21,2022-02-28,2023-03-12,2023-03-27,2023-05-03,확정,치수불량,Dimensional Out-of-Spec,Major,200,35.84,6307.84
CLM-000791,Hyundai,HMMA (Hyundai Motor Manufacturing Alabama),US,en,Design Flaw detected on Bumper Beam (SL-FEM-24733). Identified at HMMA (Hyundai Motor Manufacturing Alabama).,SL 안산공장,KR,Front End Module,범퍼빔,Bumper Beam,SL-FEM-24733,2024-12-21,2025-01-06,2025-09-01,2025-09-15,2025-10-16,보상완료,설계결함,Design Flaw,Major,200,29.85,4776.0
CLM-000792,GM,GM Spring Hill Assembly,US,en,Design Flaw detected on Radiator Support (SL-FEM-84873). Identified at GM Spring Hill Assembly.,SL Tennessee,US,Front End Module,라디에이터서포트,Radiator Support,SL-FEM-84873,2023-11-23,2023-12-03,2024-02-06,2024-02-15,,조사중,설계결함,Design Flaw,Minor,5,25.8,150.93
CLM-000793,Ford,Ford-Werke Cologne,DE,de,Other bei Outside Mirror (SL-MIR-42855) festgestellt. Erkannt bei Ford-Werke Cologne.,SL 천안공장,KR,Mirror Systems,아웃사이드미러,Outside Mirror,SL-MIR-42855,2022-12-24,2023-01-05,2024-01-14,2024-01-20,2024-02-21,기각,기타,Other,Major,100,45.85,5914.65
CLM-000794,Kia,기아 광명공장,KR,ko,사이드리피터미러(SL-MIR-14485) 부품에서 조립불량 발생. Kia 기아 광명공장에서 확인됨.,SL 미러텍(시흥),KR,Mirror Systems,사이드리피터미러,Side Repeater Mirror,SL-MIR-14485,2024-04-05,2024-04-09,2025-02-27,2025-03-12,2025-03-26,확정,조립불량,Assembly Defect,Minor,3,51.73,189.33
CLM-000795,Kia,Kia Georgia Plant,US,en,Functional Failure detected on Lower Control Arm (SL-CHS-92406). Identified at Kia Georgia Plant.,SL Alabama,US,Chassis Systems,로어암,Lower Control Arm,SL-CHS-92406,2024-08-12,2024-08-21,2025-04-10,2025-04-18,2025-05-25,기각,기능불량,Functional Failure,Minor,2,36.58,82.67
CLM-000796,GM,GM Spring Hill Assembly,US,en,Crack & Breakage detected on Steering Knuckle (SL-CHS-81945). Identified at GM Spring Hill Assembly.,SL Alabama,US,Chassis Systems,너클,Steering Knuckle,SL-CHS-81945,2024-08-11,2024-08-17,2025-07-23,2025-08-03,2025-09-08,보상완료,크랙·파손,Crack & Breakage,Minor,2,37.8,76.36
CLM-000797,Hyundai,Beijing Hyundai Motor (BHMC),CN,zh,在Head Lamp（SL-LMP-82150）上发现Material Defect。由Beijing Hyundai Motor (BHMC)确认。,상해삼립,CN,Lamp Systems,전조등,Head Lamp,SL-LMP-82150,2024-06-10,2024-06-24,2024-08-28,2024-09-02,2024-10-10,확정,소재불량,Material Defect,Major,100,36.87,4461.27
CLM-000798,Honda,Honda Marysville Auto Plant,US,en,Wiring & Electrical Defect detected on Side Repeater Mirror (SL-MIR-56391). Identified at Honda Marysville Auto Plant.,SL Tennessee,US,Mirror Systems,사이드리피터미러,Side Repeater Mirror,SL-MIR-56391,2025-01-31,2025-02-07,2025-12-12,2025-12-22,,조사중,배선·전장불량,Wiring & Electrical Defect,Minor,1,60.01,58.81
CLM-000799,Kia,Kia India (Anantapur),IN,en,Dimensional Out-of-Spec detected on Side Repeater Mirror (SL-MIR-93140). Identified at Kia India (Anantapur).,SL Lumax (India),IN,Mirror Systems,사이드리피터미러,Side Repeater Mirror,SL-MIR-93140,2023-03-13,2023-03-20,2024-04-08,2024-04-17,2024-05-29,보상완료,치수불량,Dimensional Out-of-Spec,Minor,5,33.92,217.09
CLM-000800,Subaru,Subaru Gunma Oizumi Plant,JP,ja,Horn（SL-FEM-27841）にCrack & Breakageを検出。Subaru Gunma Oizumi Plantにて確認。,SL 천안공장,KR,Front End Module,혼,Horn,SL-FEM-27841,2024-08-31,2024-09-05,2024-09-06,2024-09-11,2024-10-26,기각,크랙·파손,Crack & Breakage,Minor,5,32.92,182.71
CLM-000801,Subaru,Subaru of Indiana Automotive,US,en,Surface & Plating Defect detected on Inside Mirror (SL-MIR-31004). Identified at Subaru of Indiana Automotive.,SL 성서공장,KR,Mirror Systems,룸미러,Inside Mirror,SL-MIR-31004,2023-10-15,2023-10-23,2024-05-11,2024-05-22,2024-07-01,확정,표면·도금불량,Surface & Plating Defect,Minor,5,61.72,259.22
CLM-000802,KGM,KGM 평택공장,KR,ko,와이어링하네스(SL-ELE-36978) 부품에서 소재불량 발생. KGM 평택공장에서 확인됨.,SL 진량공장,KR,Electrification,와이어링하네스,Wiring Harness,SL-ELE-36978,2025-04-04,2025-04-15,2025-06-27,2025-07-10,2025-08-22,확정,소재불량,Material Defect,Minor,100,24.0,2040.0
CLM-000803,BMW,BMW Brilliance Shenyang,CN,zh,在Rear Combination Lamp（SL-LMP-89958）上发现Crack & Breakage。由BMW Brilliance Shenyang确认。,동풍삼립(우한),CN,Lamp Systems,리어콤비램프,Rear Combination Lamp,SL-LMP-89958,2025-04-26,2025-05-01,2025-07-19,2025-08-03,2025-08-27,보상완료,크랙·파손,Crack & Breakage,Minor,1,49.8,62.25
CLM-000804,Hyundai,HMGMA (Hyundai Motor Group Metaplant America),US,en,Functional Failure detected on Lower Control Arm (SL-CHS-78529). Identified at HMGMA (Hyundai Motor Group Metaplant America).,SL Alabama,US,Chassis Systems,로어암,Lower Control Arm,SL-CHS-78529,2023-06-01,2023-06-15,2023-07-31,2023-08-04,2023-09-18,보상완료,기능불량,Functional Failure,Minor,20,25.92,580.61
CLM-000805,Honda,Honda Suzuka Factory,JP,ja,Stabilizer Link（SL-CHS-76561）にMaterial Defectを検出。Honda Suzuka Factoryにて確認。,북경삼립,CN,Chassis Systems,스태빌라이저링크,Stabilizer Link,SL-CHS-76561,2024-03-23,2024-04-03,2024-11-04,2024-11-10,,조사중,소재불량,Material Defect,Minor,50,20.01,1050.53
CLM-000806,BMW,BMW Spartanburg Plant,US,en,Surface & Plating Defect detected on Power Window Switch (SL-ELE-15518). Identified at BMW Spartanburg Plant.,SL Alabama,US,Electrification,파워윈도우스위치,Power Window Switch,SL-ELE-15518,2022-10-04,2022-10-10,2023-08-09,2023-08-19,,조사중,표면·도금불량,Surface & Plating Defect,Minor,12,36.11,498.32
CLM-000807,BMW,BMW Brilliance Shenyang,CN,zh,在Stabilizer Link（SL-CHS-67703）上发现Dimensional Out-of-Spec。由BMW Brilliance Shenyang确认。,SL 대구공장,KR,Chassis Systems,스태빌라이저링크,Stabilizer Link,SL-CHS-67703,2024-09-22,2024-10-11,2025-08-01,2025-08-02,2025-09-14,보상완료,치수불량,Dimensional Out-of-Spec,Critical,500,41.97,19096.35
CLM-000808,Hyundai,HMMA (Hyundai Motor Manufacturing Alabama),US,en,Foreign Material Contamination detected on Horn (SL-FEM-57000). Identified at HMMA (Hyundai Motor Manufacturing Alabama).,SL Tennessee,US,Front End Module,혼,Horn,SL-FEM-57000,2024-05-28,2024-06-07,2024-12-05,2024-12-10,2024-12-16,확정,이물혼입,Foreign Material Contamination,Minor,50,26.88,1505.28
CLM-000809,Ford,Ford Michigan Assembly,US,en,Foreign Material Contamination detected on Lower Control Arm (SL-CHS-75514). Identified at Ford Michigan Assembly.,SL Alabama,US,Chassis Systems,로어암,Lower Control Arm,SL-CHS-75514,2022-12-29,2023-01-12,2023-07-02,2023-07-12,2023-07-29,확정,이물혼입,Foreign Material Contamination,Minor,8,15.34,142.36
CLM-000810,BMW,BMW Spartanburg Plant,US,en,Design Flaw detected on Inside Mirror (SL-MIR-73627). Identified at BMW Spartanburg Plant.,SL Alabama,US,Mirror Systems,룸미러,Inside Mirror,SL-MIR-73627,2024-06-12,2024-06-29,2024-12-19,2025-01-03,2025-01-16,확정,설계결함,Design Flaw,Minor,12,20.8,222.14
CLM-000811,Kia,Kia India (Anantapur),IN,en,Dimensional Out-of-Spec detected on Wiring Harness (SL-ELE-62162). Identified at Kia India (Anantapur).,SL 옌타이,CN,Electrification,와이어링하네스,Wiring Harness,SL-ELE-62162,2023-02-18,2023-02-23,2023-06-05,2023-06-07,2023-07-22,기각,치수불량,Dimensional Out-of-Spec,Minor,8,16.56,128.51
CLM-000812,Kia,기아 광명공장,KR,ko,스태빌라이저링크(SL-CHS-84725) 부품에서 배선·전장불량 발생. Kia 기아 광명공장에서 확인됨.,SL 천안공장,KR,Chassis Systems,스태빌라이저링크,Stabilizer Link,SL-CHS-84725,2022-12-24,2023-01-03,2023-06-18,2023-06-26,2023-07-14,보상완료,배선·전장불량,Wiring & Electrical Defect,Minor,3,34.03,95.96
CLM-000813,GM,GM Brazil Gravataí,BR,pt,Other detectado em Inside Mirror (SL-MIR-94920). Identificado na GM Brazil Gravataí.,SL Alabama,US,Mirror Systems,룸미러,Inside Mirror,SL-MIR-94920,2023-12-31,2024-01-03,2024-03-18,2024-03-23,2024-03-27,확정,기타,Other,Major,50,61.9,3125.95
CLM-000814,GM,SAIC-GM Shanghai,CN,zh,在Power Window Switch（SL-ELE-92215）上发现Crack & Breakage。由SAIC-GM Shanghai确认。,호북삼립,CN,Electrification,파워윈도우스위치,Power Window Switch,SL-ELE-92215,2024-02-03,2024-02-14,2025-03-03,2025-03-15,2025-04-10,보상완료,크랙·파손,Crack & Breakage,Minor,20,26.66,666.5
CLM-000815,Subaru,Subaru Gunma Oizumi Plant,JP,ja,Stabilizer Link（SL-CHS-42361）にMaterial Defectを検出。Subaru Gunma Oizumi Plantにて確認。,SL 옌타이,CN,Chassis Systems,스태빌라이저링크,Stabilizer Link,SL-CHS-42361,2023-07-14,2023-08-02,2023-09-21,2023-10-03,2023-10-26,확정,소재불량,Material Defect,Major,200,19.52,3786.88
CLM-000816,Ford,Ford Michigan Assembly,US,en,Assembly Defect detected on Power Window Switch (SL-ELE-75160). Identified at Ford Michigan Assembly.,SL Alabama,US,Electrification,파워윈도우스위치,Power Window Switch,SL-ELE-75160,2025-05-01,2025-05-09,2025-06-12,2025-06-13,2025-07-21,확정,조립불량,Assembly Defect,Minor,12,31.45,434.01
CLM-000817,Hyundai,HMMA (Hyundai Motor Manufacturing Alabama),US,en,Crack & Breakage detected on Rear Combination Lamp (SL-LMP-74331). Identified at HMMA (Hyundai Motor Manufacturing Alabama).,SL Alabama,US,Lamp Systems,리어콤비램프,Rear Combination Lamp,SL-LMP-74331,2024-05-29,2024-06-05,2025-06-01,2025-06-08,2025-07-09,확정,크랙·파손,Crack & Breakage,Major,100,70.32,6680.4
CLM-000818,Kia,Kia India (Anantapur),IN,en,Material Defect detected on Sensor Module (SL-ELE-10888). Identified at Kia India (Anantapur).,SL 성서공장,KR,Electrification,센서모듈,Sensor Module,SL-ELE-10888,2022-04-05,2022-04-19,2023-04-19,2023-04-29,,조사중,소재불량,Material Defect,Minor,200,12.86,2597.72
CLM-000819,Hyundai,현대자동차 아산공장,KR,ko,주간주행등(SL-LMP-25663) 부품에서 치수불량 발생. Hyundai 현대자동차 아산공장에서 확인됨.,SL 대구공장,KR,Lamp Systems,주간주행등,Daytime Running Lamp,SL-LMP-25663,2024-09-19,2024-09-25,2024-11-10,2024-11-17,2024-12-14,확정,치수불량,Dimensional Out-of-Spec,Minor,20,70.27,1222.7
CLM-000820,Kia,기아 화성공장,KR,ko,혼(SL-FEM-75494) 부품에서 소재불량 발생. Kia 기아 화성공장에서 확인됨.,SL 미러텍(시흥),KR,Front End Module,혼,Horn,SL-FEM-75494,2023-03-21,2023-04-01,2023-07-05,2023-07-12,2023-08-06,확정,소재불량,Material Defect,Minor,12,20.2,206.04
CLM-000821,Kia,Kia India (Anantapur),IN,en,Assembly Defect detected on Tail Lamp (SL-LMP-10226). Identified at Kia India (Anantapur).,SL Lumax (India),IN,Lamp Systems,후미등,Tail Lamp,SL-LMP-10226,2025-12-09,2025-12-12,2025-12-19,2025-12-25,,접수,조립불량,Assembly Defect,Critical,200,61.62,15158.52
CLM-000822,Subaru,Subaru of Indiana Automotive,US,en,Functional Failure detected on Wiring Harness (SL-ELE-55252). Identified at Subaru of Indiana Automotive.,SL Tennessee,US,Electrification,와이어링하네스,Wiring Harness,SL-ELE-55252,2022-07-26,2022-08-02,2023-07-18,2023-07-28,2023-08-11,확정,기능불량,Functional Failure,Minor,3,32.83,119.17
CLM-000823,GM,SAIC-GM Shanghai,CN,zh,在Lower Control Arm（SL-CHS-55751）上发现Surface & Plating Defect。由SAIC-GM Shanghai确认。,동풍삼립(우한),CN,Chassis Systems,로어암,Lower Control Arm,SL-CHS-55751,2023-02-17,2023-03-08,2024-01-05,2024-01-08,2024-02-11,보상완료,표면·도금불량,Surface & Plating Defect,Major,200,17.12,3800.64
CLM-000824,Kia,Kia Georgia Plant,US,en,Functional Failure detected on Bumper Beam (SL-FEM-97648). Identified at Kia Georgia Plant.,호북삼립,CN,Front End Module,범퍼빔,Bumper Beam,SL-FEM-97648,2022-11-12,2022-11-22,2023-05-15,2023-05-21,,조사중,기능불량,Functional Failure,Minor,5,29.44,120.7
CLM-000825,Hyundai,HMGMA (Hyundai Motor Group Metaplant America),US,en,Surface & Plating Defect detected on Actuator Motor (SL-ELE-96967). Identified at HMGMA (Hyundai Motor Group Metaplant America).,SL 천안공장,KR,Electrification,액추에이터모터,Actuator Motor,SL-ELE-96967,2024-01-02,2024-01-22,2024-10-18,2024-10-27,2024-12-03,확정,표면·도금불량,Surface & Plating Defect,Minor,8,24.41,199.19
CLM-000826,Hyundai,HMGMA (Hyundai Motor Group Metaplant America),US,en,Functional Failure detected on Bumper Beam (SL-FEM-74387). Identified at HMGMA (Hyundai Motor Group Metaplant America).,SL Tennessee,US,Front End Module,범퍼빔,Bumper Beam,SL-FEM-74387,2023-01-29,2023-02-18,2023-08-02,2023-08-10,2023-09-01,기각,기능불량,Functional Failure,Minor,8,28.81,265.05
CLM-000827,GM,GM Korea 부평공장,KR,ko,와이어링하네스(SL-ELE-94008) 부품에서 크랙·파손 발생. GM Korea 부평공장에서 확인됨.,SL 안산공장,KR,Electrification,와이어링하네스,Wiring Harness,SL-ELE-94008,2023-09-17,2023-09-21,2024-10-04,2024-10-13,,접수,크랙·파손,Crack & Breakage,Minor,20,18.47,472.83
CLM-000828,Hyundai,HMGMA (Hyundai Motor Group Metaplant America),US,en,Foreign Material Contamination detected on Side Repeater Mirror (SL-MIR-58604). Identified at HMGMA (Hyundai Motor Group Metaplant America).,SL Lumax (India),IN,Mirror Systems,사이드리피터미러,Side Repeater Mirror,SL-MIR-58604,2022-12-07,2022-12-13,2023-04-02,2023-04-10,2023-04-27,보상완료,이물혼입,Foreign Material Contamination,Minor,2,55.7,116.97
CLM-000829,GM,SAIC-GM Shanghai,CN,zh,在Fog Lamp（SL-LMP-10621）上发现Foreign Material Contamination。由SAIC-GM Shanghai确认。,SL 옌타이,CN,Lamp Systems,안개등,Fog Lamp,SL-LMP-10621,2023-05-22,2023-06-04,2024-05-07,2024-05-10,2024-05-27,보상완료,이물혼입,Foreign Material Contamination,Minor,20,27.91,485.63
CLM-000830,Kia,기아 광주공장,KR,ko,센서모듈(SL-ELE-36853) 부품에서 크랙·파손 발생. Kia 기아 광주공장에서 확인됨.,SL Brazil,BR,Electrification,센서모듈,Sensor Module,SL-ELE-36853,2023-12-12,2023-12-15,2024-07-12,2024-07-19,2024-08-15,보상완료,크랙·파손,Crack & Breakage,Minor,5,46.75,243.1
CLM-000831,BMW,BMW Brilliance Shenyang,CN,zh,在Outside Mirror（SL-MIR-93571）上发现Design Flaw。由BMW Brilliance Shenyang确认。,SL 옌타이,CN,Mirror Systems,아웃사이드미러,Outside Mirror,SL-MIR-93571,2023-06-16,2023-06-24,2023-08-23,2023-09-07,2023-09-14,보상완료,설계결함,Design Flaw,Major,100,36.37,4618.99
CLM-000832,Kia,Kia Georgia Plant,US,en,Surface & Plating Defect detected on Sensor Module (SL-ELE-24220). Identified at Kia Georgia Plant.,SL Alabama,US,Electrification,센서모듈,Sensor Module,SL-ELE-24220,2023-02-02,2023-02-11,2023-09-02,2023-09-04,2023-10-08,확정,표면·도금불량,Surface & Plating Defect,Minor,3,33.32,81.97
CLM-000833,GM,GM Korea 부평공장,KR,ko,전조등(SL-LMP-41686) 부품에서 기타 발생. GM Korea 부평공장에서 확인됨.,SL 대구공장,KR,Lamp Systems,전조등,Head Lamp,SL-LMP-41686,2024-07-16,2024-07-30,2025-06-11,2025-06-19,2025-07-20,기각,기타,Other,Minor,1,68.09,71.49
CLM-000834,KGM,KGM 평택공장,KR,ko,액추에이터모터(SL-ELE-30016) 부품에서 조립불량 발생. KGM 평택공장에서 확인됨.,SL 대구공장,KR,Electrification,액추에이터모터,Actuator Motor,SL-ELE-30016,2024-07-16,2024-07-24,2024-11-30,2024-12-06,2025-01-19,확정,조립불량,Assembly Defect,Minor,20,27.1,688.34
CLM-000835,GM,GM Korea 창원공장,KR,ko,범퍼빔(SL-FEM-67741) 부품에서 배선·전장불량 발생. GM Korea 창원공장에서 확인됨.,SL 안산공장,KR,Front End Module,범퍼빔,Bumper Beam,SL-FEM-67741,2022-12-29,2023-01-17,2023-05-23,2023-05-28,2023-06-09,확정,배선·전장불량,Wiring & Electrical Defect,Minor,12,9.53,130.37
CLM-000836,Kia,Kia India (Anantapur),IN,en,Assembly Defect detected on Lower Control Arm (SL-CHS-28807). Identified at Kia India (Anantapur).,SL Lumax (India),IN,Chassis Systems,로어암,Lower Control Arm,SL-CHS-28807,2022-08-05,2022-08-15,2023-08-01,2023-08-02,2023-09-10,확정,조립불량,Assembly Defect,Minor,20,37.37,642.76
CLM-000837,Kia,기아 화성공장,KR,ko,라디에이터서포트(SL-FEM-47023) 부품에서 이물혼입 발생. Kia 기아 화성공장에서 확인됨.,SL 진량공장,KR,Front End Module,라디에이터서포트,Radiator Support,SL-FEM-47023,2024-07-05,2024-07-15,2025-03-03,2025-03-14,2025-04-02,확정,이물혼입,Foreign Material Contamination,Major,500,20.28,12776.4
CLM-000838,Hyundai,Beijing Hyundai Motor (BHMC),CN,zh,在Inside Mirror（SL-MIR-93505）上发现Dimensional Out-of-Spec。由Beijing Hyundai Motor (BHMC)确认。,SL Alabama,US,Mirror Systems,룸미러,Inside Mirror,SL-MIR-93505,2023-05-28,2023-06-08,2023-12-24,2024-01-08,2024-01-12,확정,치수불량,Dimensional Out-of-Spec,Minor,8,27.2,224.13
CLM-000839,Ford,Ford Michigan Assembly,US,en,Functional Failure detected on Lower Control Arm (SL-CHS-63188). Identified at Ford Michigan Assembly.,SL 성서공장,KR,Chassis Systems,로어암,Lower Control Arm,SL-CHS-63188,2024-09-23,2024-10-10,2025-05-12,2025-05-24,2025-06-20,확정,기능불량,Functional Failure,Minor,12,23.15,313.91
CLM-000840,Hyundai,Beijing Hyundai Motor (BHMC),CN,zh,在Wiring Harness（SL-ELE-96419）上发现Foreign Material Contamination。由Beijing Hyundai Motor (BHMC)确认。,SL 옌타이,CN,Electrification,와이어링하네스,Wiring Harness,SL-ELE-96419,2024-05-01,2024-05-21,2025-01-14,2025-01-28,2025-02-26,보상완료,이물혼입,Foreign Material Contamination,Major,500,23.81,11905.0
CLM-000841,GM,SAIC-GM Shanghai,CN,zh,在Bumper Beam（SL-FEM-36137）上发现Wiring & Electrical Defect。由SAIC-GM Shanghai确认。,호북삼립,CN,Front End Module,범퍼빔,Bumper Beam,SL-FEM-36137,2023-09-09,2023-09-29,2024-03-20,2024-04-04,2024-05-01,확정,배선·전장불량,Wiring & Electrical Defect,Minor,20,12.87,262.55
CLM-000842,Ford,Changan Ford Chongqing,CN,zh,在Wiring Harness（SL-ELE-94048）上发现Surface & Plating Defect。由Changan Ford Chongqing确认。,동풍삼립(우한),CN,Electrification,와이어링하네스,Wiring Harness,SL-ELE-94048,2024-06-03,2024-06-12,2025-04-03,2025-04-06,2025-05-08,확정,표면·도금불량,Surface & Plating Defect,Minor,3,44.32,138.28
CLM-000843,BMW,BMW Leipzig Plant,DE,de,Design Flaw bei Head Lamp (SL-LMP-16914) festgestellt. Erkannt bei BMW Leipzig Plant.,SL Poland,PL,Lamp Systems,전조등,Head Lamp,SL-LMP-16914,2024-09-10,2024-09-23,2024-11-09,2024-11-24,2024-12-09,보상완료,설계결함,Design Flaw,Minor,5,44.99,186.71
CLM-000844,BMW,BMW Spartanburg Plant,US,en,Design Flaw detected on Stabilizer Link (SL-CHS-32966). Identified at BMW Spartanburg Plant.,SL Alabama,US,Chassis Systems,스태빌라이저링크,Stabilizer Link,SL-CHS-32966,2024-03-07,2024-03-13,2024-08-16,2024-08-29,2024-09-10,확정,설계결함,Design Flaw,Minor,20,15.91,400.93
CLM-000845,Kia,Kia India (Anantapur),IN,en,Dimensional Out-of-Spec detected on Outside Mirror (SL-MIR-97014). Identified at Kia India (Anantapur).,SL Lumax (India),IN,Mirror Systems,아웃사이드미러,Outside Mirror,SL-MIR-97014,2023-03-08,2023-03-14,2023-10-28,2023-11-10,,조사중,치수불량,Dimensional Out-of-Spec,Minor,50,38.97,1734.16
CLM-000846,Hyundai,HMMA (Hyundai Motor Manufacturing Alabama),US,en,Design Flaw detected on Bumper Beam (SL-FEM-74456). Identified at HMMA (Hyundai Motor Manufacturing Alabama).,SL 미러텍(시흥),KR,Front End Module,범퍼빔,Bumper Beam,SL-FEM-74456,2024-06-09,2024-06-14,2024-12-05,2024-12-20,2025-01-03,확정,설계결함,Design Flaw,Major,200,16.1,3220.0
CLM-000847,Hyundai,현대자동차 아산공장,KR,ko,스태빌라이저링크(SL-CHS-20888) 부품에서 치수불량 발생. Hyundai 현대자동차 아산공장에서 확인됨.,동풍삼립(우한),CN,Chassis Systems,스태빌라이저링크,Stabilizer Link,SL-CHS-20888,2024-02-04,2024-02-22,2024-12-27,2024-12-28,2025-02-06,기각,치수불량,Dimensional Out-of-Spec,Minor,3,24.05,67.1
CLM-000848,GM,SAIC-GM Shanghai,CN,zh,在Horn（SL-FEM-31873）上发现Dimensional Out-of-Spec。由SAIC-GM Shanghai确认。,SL 진량공장,KR,Front End Module,혼,Horn,SL-FEM-31873,2022-05-09,2022-05-19,2023-04-17,2023-04-29,2023-05-30,확정,치수불량,Dimensional Out-of-Spec,Minor,12,9.09,127.62
CLM-000849,Ford,Changan Ford Chongqing,CN,zh,在Tail Lamp（SL-LMP-91811）上发现Dimensional Out-of-Spec。由Changan Ford Chongqing确认。,호북삼립,CN,Lamp Systems,후미등,Tail Lamp,SL-LMP-91811,2022-01-07,2022-01-10,2023-01-22,2023-01-27,2023-03-01,확정,치수불량,Dimensional Out-of-Spec,Minor,20,27.34,623.35
CLM-000850,Ford,Ford-Werke Cologne,DE,de,Functional Failure bei Lower Control Arm (SL-CHS-55382) festgestellt. Erkannt bei Ford-Werke Cologne.,SL 천안공장,KR,Chassis Systems,로어암,Lower Control Arm,SL-CHS-55382,2023-09-01,2023-09-10,2024-06-19,2024-06-27,2024-07-05,확정,기능불량,Functional Failure,Major,500,14.8,8362.0
CLM-000851,Kia,Kia India (Anantapur),IN,en,Material Defect detected on Outside Mirror (SL-MIR-41845). Identified at Kia India (Anantapur).,SL 진량공장,KR,Mirror Systems,아웃사이드미러,Outside Mirror,SL-MIR-41845,2023-02-17,2023-03-03,2023-06-02,2023-06-04,2023-06-22,확정,소재불량,Material Defect,Minor,2,20.48,33.18
CLM-000852,Stellantis,Stellantis Toluca Assembly,MX,es,Se detectó Design Flaw en Rear Combination Lamp (SL-LMP-25987). Identificado en Stellantis Toluca Assembly.,SL Mexico (SLP),MX,Lamp Systems,리어콤비램프,Rear Combination Lamp,SL-LMP-25987,2022-04-23,2022-04-30,2023-04-26,2023-04-30,2023-05-08,보상완료,설계결함,Design Flaw,Minor,2,71.69,121.87
CLM-000853,GM,GM Brazil Gravataí,BR,pt,Functional Failure detectado em Horn (SL-FEM-91979). Identificado na GM Brazil Gravataí.,SL Brazil,BR,Front End Module,혼,Horn,SL-FEM-91979,2025-08-25,2025-09-12,2025-12-20,2025-12-31,,접수,기능불량,Functional Failure,Major,200,27.07,5576.42
CLM-000854,Ford,Ford Kentucky Truck Plant,US,en,Material Defect detected on Outside Mirror (SL-MIR-44506). Identified at Ford Kentucky Truck Plant.,SL Tennessee,US,Mirror Systems,아웃사이드미러,Outside Mirror,SL-MIR-44506,2023-01-08,2023-01-17,2023-10-22,2023-11-03,,조사중,소재불량,Material Defect,Minor,5,29.35,140.88
CLM-000855,KGM,KGM 평택공장,KR,ko,혼(SL-FEM-38607) 부품에서 크랙·파손 발생. KGM 평택공장에서 확인됨.,SL 성서공장,KR,Front End Module,혼,Horn,SL-FEM-38607,2024-12-31,2025-01-14,2025-05-23,2025-06-04,2025-06-07,확정,크랙·파손,Crack & Breakage,Minor,8,28.37,188.38
CLM-000856,Hyundai,HMMA (Hyundai Motor Manufacturing Alabama),US,en,Other detected on Power Window Switch (SL-ELE-20479). Identified at HMMA (Hyundai Motor Manufacturing Alabama).,SL 대구공장,KR,Electrification,파워윈도우스위치,Power Window Switch,SL-ELE-20479,2025-06-20,2025-06-25,2025-07-02,2025-07-08,2025-08-03,확정,기타,Other,Critical,500,53.17,28711.8
CLM-000857,Ford,Ford-Werke Cologne,DE,de,Foreign Material Contamination bei Horn (SL-FEM-74105) festgestellt. Erkannt bei Ford-Werke Cologne.,SL 안산공장,KR,Front End Module,혼,Horn,SL-FEM-74105,2023-12-19,2023-12-28,2024-10-03,2024-10-07,2024-10-12,확정,이물혼입,Foreign Material Contamination,Minor,20,20.55,423.33
CLM-000858,Subaru,Subaru Gunma Oizumi Plant,JP,ja,Outside Mirror（SL-MIR-60536）にDesign Flawを検出。Subaru Gunma Oizumi Plantにて確認。,SL 천안공장,KR,Mirror Systems,아웃사이드미러,Outside Mirror,SL-MIR-60536,2025-04-19,2025-04-26,2025-05-09,2025-05-22,2025-07-04,확정,설계결함,Design Flaw,Minor,20,38.29,781.12
CLM-000859,Stellantis,Stellantis Toledo Assembly,US,en,Dimensional Out-of-Spec detected on Head Lamp (SL-LMP-61287). Identified at Stellantis Toledo Assembly.,SL Tennessee,US,Lamp Systems,전조등,Head Lamp,SL-LMP-61287,2025-05-29,2025-06-09,2025-08-25,2025-08-31,2025-10-04,확정,치수불량,Dimensional Out-of-Spec,Minor,3,44.73,171.76
CLM-000860,GM,GM Korea 창원공장,KR,ko,본넷래치(SL-FEM-73876) 부품에서 기타 발생. GM Korea 창원공장에서 확인됨.,SL 천안공장,KR,Front End Module,본넷래치,Bonnet Latch,SL-FEM-73876,2022-10-28,2022-11-03,2023-05-03,2023-05-05,2023-06-07,보상완료,기타,Other,Minor,8,11.82,100.23
CLM-000861,GM,GM Korea 창원공장,KR,ko,룸미러(SL-MIR-92635) 부품에서 설계결함 발생. GM Korea 창원공장에서 확인됨.,SL 안산공장,KR,Mirror Systems,룸미러,Inside Mirror,SL-MIR-92635,2023-09-27,2023-10-13,2024-09-28,2024-10-08,,조사중,설계결함,Design Flaw,Major,100,34.09,3954.44
CLM-000862,Stellantis,Stellantis Toledo Assembly,US,en,Functional Failure detected on Daytime Running Lamp (SL-LMP-58497). Identified at Stellantis Toledo Assembly.,SL Tennessee,US,Lamp Systems,주간주행등,Daytime Running Lamp,SL-LMP-58497,2024-12-19,2024-12-28,2025-05-04,2025-05-10,2025-06-02,기각,기능불량,Functional Failure,Minor,8,61.07,532.53
CLM-000863,Kia,기아 광명공장,KR,ko,와이어링하네스(SL-ELE-87704) 부품에서 이물혼입 발생. Kia 기아 광명공장에서 확인됨.,동풍삼립(우한),CN,Electrification,와이어링하네스,Wiring Harness,SL-ELE-87704,2023-12-06,2023-12-24,2024-04-30,2024-05-10,2024-05-14,확정,이물혼입,Foreign Material Contamination,Major,100,49.63,4913.37
CLM-000864,Hyundai,HMMA (Hyundai Motor Manufacturing Alabama),US,en,Foreign Material Contamination detected on Sensor Module (SL-ELE-18772). Identified at HMMA (Hyundai Motor Manufacturing Alabama).,SL Alabama,US,Electrification,센서모듈,Sensor Module,SL-ELE-18772,2024-12-12,2024-12-21,2025-07-09,2025-07-22,2025-08-03,보상완료,이물혼입,Foreign Material Contamination,Minor,1,31.32,28.5
CLM-000865,Hyundai,HMMA (Hyundai Motor Manufacturing Alabama),US,en,Surface & Plating Defect detected on Wiring Harness (SL-ELE-45750). Identified at HMMA (Hyundai Motor Manufacturing Alabama).,SL Poland,PL,Electrification,와이어링하네스,Wiring Harness,SL-ELE-45750,2024-01-29,2024-02-11,2024-10-17,2024-10-27,2024-11-11,보상완료,표면·도금불량,Surface & Plating Defect,Major,200,37.23,7073.7
CLM-000866,Hyundai,현대자동차 아산공장,KR,ko,라디에이터서포트(SL-FEM-11430) 부품에서 치수불량 발생. Hyundai 현대자동차 아산공장에서 확인됨.,SL 대구공장,KR,Front End Module,라디에이터서포트,Radiator Support,SL-FEM-11430,2024-04-12,2024-04-21,2024-09-02,2024-09-05,2024-09-09,확정,치수불량,Dimensional Out-of-Spec,Minor,2,17.95,42.72
CLM-000867,KGM,KGM 평택공장,KR,ko,혼(SL-FEM-24122) 부품에서 크랙·파손 발생. KGM 평택공장에서 확인됨.,SL 성서공장,KR,Front End Module,혼,Horn,SL-FEM-24122,2023-11-12,2023-11-23,2024-07-14,2024-07-18,2024-08-19,기각,크랙·파손,Crack & Breakage,Minor,3,23.83,68.63
CLM-000868,Hyundai,현대자동차 울산공장,KR,ko,로어암(SL-CHS-51322) 부품에서 치수불량 발생. Hyundai 현대자동차 울산공장에서 확인됨.,SL Poland,PL,Chassis Systems,로어암,Lower Control Arm,SL-CHS-51322,2024-04-28,2024-05-01,2025-02-07,2025-02-18,2025-03-13,확정,치수불량,Dimensional Out-of-Spec,Minor,3,22.78,83.37
CLM-000869,Hyundai,HMMA (Hyundai Motor Manufacturing Alabama),US,en,Material Defect detected on Inside Mirror (SL-MIR-18372). Identified at HMMA (Hyundai Motor Manufacturing Alabama).,SL Tennessee,US,Mirror Systems,룸미러,Inside Mirror,SL-MIR-18372,2023-03-02,2023-03-09,2023-05-20,2023-05-22,2023-06-09,확정,소재불량,Material Defect,Minor,12,68.62,798.74
CLM-000870,Kia,기아 화성공장,KR,ko,라디에이터서포트(SL-FEM-30314) 부품에서 크랙·파손 발생. Kia 기아 화성공장에서 확인됨.,SL 성서공장,KR,Front End Module,라디에이터서포트,Radiator Support,SL-FEM-30314,2023-03-01,2023-03-18,2023-07-03,2023-07-06,,조사중,크랙·파손,Crack & Breakage,Minor,5,14.46,80.98
CLM-000871,GM,GM Korea 부평공장,KR,ko,전조등(SL-LMP-38704) 부품에서 치수불량 발생. GM Korea 부평공장에서 확인됨.,SL 천안공장,KR,Lamp Systems,전조등,Head Lamp,SL-LMP-38704,2024-01-26,2024-02-02,2024-04-21,2024-04-30,2024-05-27,확정,치수불량,Dimensional Out-of-Spec,Minor,1,58.17,54.68
CLM-000872,Hyundai,HMGMA (Hyundai Motor Group Metaplant America),US,en,Other detected on Actuator Motor (SL-ELE-37372). Identified at HMGMA (Hyundai Motor Group Metaplant America).,SL Tennessee,US,Electrification,액추에이터모터,Actuator Motor,SL-ELE-37372,2023-06-03,2023-06-21,2024-04-15,2024-04-16,2024-04-24,확정,기타,Other,Minor,12,32.91,477.85
CLM-000873,Kia,기아 광명공장,KR,ko,센서모듈(SL-ELE-76962) 부품에서 표면·도금불량 발생. Kia 기아 광명공장에서 확인됨.,SL 안산공장,KR,Electrification,센서모듈,Sensor Module,SL-ELE-76962,2024-12-05,2024-12-14,2025-03-06,2025-03-19,2025-04-12,기각,표면·도금불량,Surface & Plating Defect,Minor,12,50.41,604.92
CLM-000874,BMW,BMW Brilliance Shenyang,CN,zh,在Outside Mirror（SL-MIR-15460）上发现Surface & Plating Defect。由BMW Brilliance Shenyang确认。,SL 옌타이,CN,Mirror Systems,아웃사이드미러,Outside Mirror,SL-MIR-15460,2024-12-30,2025-01-08,2025-03-04,2025-03-08,2025-03-30,보상완료,표면·도금불량,Surface & Plating Defect,Major,200,60.89,11934.44
CLM-000875,Hyundai,현대자동차 아산공장,KR,ko,액추에이터모터(SL-ELE-50619) 부품에서 치수불량 발생. Hyundai 현대자동차 아산공장에서 확인됨.,SL 대구공장,KR,Electrification,액추에이터모터,Actuator Motor,SL-ELE-50619,2022-09-29,2022-10-07,2023-01-26,2023-02-09,2023-03-15,확정,치수불량,Dimensional Out-of-Spec,Minor,12,30.6,367.2
CLM-000876,Ford,Changan Ford Chongqing,CN,zh,在Rear Combination Lamp（SL-LMP-24058）上发现Crack & Breakage。由Changan Ford Chongqing确认。,SL 옌타이,CN,Lamp Systems,리어콤비램프,Rear Combination Lamp,SL-LMP-24058,2022-12-12,2022-12-16,2023-01-01,2023-01-15,,접수,크랙·파손,Crack & Breakage,Minor,1,44.72,44.27
CLM-000877,GM,GM Korea 창원공장,KR,ko,룸미러(SL-MIR-58866) 부품에서 조립불량 발생. GM Korea 창원공장에서 확인됨.,SL 대구공장,KR,Mirror Systems,룸미러,Inside Mirror,SL-MIR-58866,2022-12-27,2023-01-12,2023-06-05,2023-06-16,,접수,조립불량,Assembly Defect,Minor,2,35.1,65.29
CLM-000878,Subaru,Subaru of Indiana Automotive,US,en,Wiring & Electrical Defect detected on Outside Mirror (SL-MIR-24756). Identified at Subaru of Indiana Automotive.,SL Alabama,US,Mirror Systems,아웃사이드미러,Outside Mirror,SL-MIR-24756,2022-06-09,2022-06-19,2023-06-26,2023-07-04,2023-08-13,보상완료,배선·전장불량,Wiring & Electrical Defect,Minor,8,33.5,308.2
CLM-000879,GM,GM Brazil Gravataí,BR,pt,Assembly Defect detectado em Radiator Support (SL-FEM-13918). Identificado na GM Brazil Gravataí.,SL Brazil,BR,Front End Module,라디에이터서포트,Radiator Support,SL-FEM-13918,2022-06-20,2022-07-06,2023-03-18,2023-04-01,2023-04-15,확정,조립불량,Assembly Defect,Major,200,32.23,7283.98
CLM-000880,Subaru,Subaru Gunma Oizumi Plant,JP,ja,Inside Mirror（SL-MIR-13199）にAssembly Defectを検出。Subaru Gunma Oizumi Plantにて確認。,SL Poland,PL,Mirror Systems,룸미러,Inside Mirror,SL-MIR-13199,2024-03-25,2024-04-04,2024-07-10,2024-07-22,2024-07-25,확정,조립불량,Assembly Defect,Major,200,61.77,12601.08
CLM-000881,Subaru,Subaru Gunma Oizumi Plant,JP,ja,Steering Knuckle（SL-CHS-21588）にForeign Material Contaminationを検出。Subaru Gunma Oizumi Plantにて確認。,SL 대구공장,KR,Chassis Systems,너클,Steering Knuckle,SL-CHS-21588,2024-05-15,2024-06-02,2025-01-22,2025-01-31,2025-03-17,확정,이물혼입,Foreign Material Contamination,Minor,100,29.85,2865.6
CLM-000882,BMW,BMW Brilliance Shenyang,CN,zh,在Horn（SL-FEM-48331）上发现Dimensional Out-of-Spec。由BMW Brilliance Shenyang确认。,동풍삼립(우한),CN,Front End Module,혼,Horn,SL-FEM-48331,2022-11-01,2022-11-19,2023-10-30,2023-11-10,2023-12-06,확정,치수불량,Dimensional Out-of-Spec,Minor,2,24.26,60.16
CLM-000883,Kia,기아 광주공장,KR,ko,아웃사이드미러(SL-MIR-55017) 부품에서 설계결함 발생. Kia 기아 광주공장에서 확인됨.,SL 성서공장,KR,Mirror Systems,아웃사이드미러,Outside Mirror,SL-MIR-55017,2024-12-10,2024-12-17,2025-11-03,2025-11-13,,조사중,설계결함,Design Flaw,Major,200,26.98,6529.16
CLM-000884,Hyundai,HMGMA (Hyundai Motor Group Metaplant America),US,en,Design Flaw detected on Actuator Motor (SL-ELE-78100). Identified at HMGMA (Hyundai Motor Group Metaplant America).,SL Tennessee,US,Electrification,액추에이터모터,Actuator Motor,SL-ELE-78100,2022-10-07,2022-10-10,2023-08-01,2023-08-06,2023-09-20,보상완료,설계결함,Design Flaw,Minor,5,40.78,242.64
CLM-000885,GM,GM Spring Hill Assembly,US,en,Surface & Plating Defect detected on Power Window Switch (SL-ELE-78566). Identified at GM Spring Hill Assembly.,상해삼립,CN,Electrification,파워윈도우스위치,Power Window Switch,SL-ELE-78566,2024-11-08,2024-11-22,2025-03-15,2025-03-27,2025-04-05,확정,표면·도금불량,Surface & Plating Defect,Critical,500,38.98,17151.2
CLM-000886,Ford,Ford Michigan Assembly,US,en,Surface & Plating Defect detected on Daytime Running Lamp (SL-LMP-28920). Identified at Ford Michigan Assembly.,SL Lumax (India),IN,Lamp Systems,주간주행등,Daytime Running Lamp,SL-LMP-28920,2022-05-25,2022-06-06,2023-05-28,2023-06-01,2023-06-23,보상완료,표면·도금불량,Surface & Plating Defect,Major,100,66.49,8510.72
CLM-000887,Hyundai,현대자동차 울산공장,KR,ko,사이드리피터미러(SL-MIR-19350) 부품에서 치수불량 발생. Hyundai 현대자동차 울산공장에서 확인됨.,SL 대구공장,KR,Mirror Systems,사이드리피터미러,Side Repeater Mirror,SL-MIR-19350,2022-12-22,2023-01-08,2023-05-18,2023-05-20,2023-06-14,확정,치수불량,Dimensional Out-of-Spec,Minor,1,54.89,52.15
CLM-000888,Kia,기아 광명공장,KR,ko,액추에이터모터(SL-ELE-99013) 부품에서 기능불량 발생. Kia 기아 광명공장에서 확인됨.,SL 미러텍(시흥),KR,Electrification,액추에이터모터,Actuator Motor,SL-ELE-99013,2025-08-29,2025-09-16,2025-10-03,2025-10-09,2025-10-28,확정,기능불량,Functional Failure,Minor,20,43.88,1035.57
CLM-000889,GM,SAIC-GM Shanghai,CN,zh,在Daytime Running Lamp（SL-LMP-15068）上发现Material Defect。由SAIC-GM Shanghai确认。,상해삼립,CN,Lamp Systems,주간주행등,Daytime Running Lamp,SL-LMP-15068,2024-08-27,2024-09-01,2025-09-25,2025-10-03,2025-10-11,확정,소재불량,Material Defect,Minor,5,72.08,418.06
CLM-000890,Subaru,Subaru Gunma Oizumi Plant,JP,ja,Power Window Switch（SL-ELE-14501）にSurface & Plating Defectを検出。Subaru Gunma Oizumi Plantにて確認。,SL 대구공장,KR,Electrification,파워윈도우스위치,Power Window Switch,SL-ELE-14501,2024-04-27,2024-05-17,2024-10-23,2024-11-05,2024-12-06,기각,표면·도금불량,Surface & Plating Defect,Major,200,28.48,4613.76
CLM-000891,Hyundai,현대자동차 울산공장,KR,ko,리어콤비램프(SL-LMP-33754) 부품에서 조립불량 발생. Hyundai 현대자동차 울산공장에서 확인됨.,SL Mexico (SLP),MX,Lamp Systems,리어콤비램프,Rear Combination Lamp,SL-LMP-33754,2025-03-03,2025-03-18,2025-08-06,2025-08-19,2025-10-02,보상완료,조립불량,Assembly Defect,Minor,8,63.07,580.24
CLM-000892,GM,GM Fort Wayne Assembly,US,en,Functional Failure detected on Stabilizer Link (SL-CHS-53439). Identified at GM Fort Wayne Assembly.,SL Tennessee,US,Chassis Systems,스태빌라이저링크,Stabilizer Link,SL-CHS-53439,2025-03-20,2025-03-27,2025-05-23,2025-06-06,,조사중,기능불량,Functional Failure,Minor,50,20.22,1000.89
CLM-000893,Ford,Ford Michigan Assembly,US,en,Material Defect detected on Lower Control Arm (SL-CHS-39284). Identified at Ford Michigan Assembly.,SL 대구공장,KR,Chassis Systems,로어암,Lower Control Arm,SL-CHS-39284,2023-11-25,2023-12-13,2024-11-27,2024-12-01,2024-12-11,기각,소재불량,Material Defect,Minor,3,16.59,58.23
CLM-000894,Subaru,Subaru of Indiana Automotive,US,en,Dimensional Out-of-Spec detected on Rear Combination Lamp (SL-LMP-58272). Identified at Subaru of Indiana Automotive.,SL Alabama,US,Lamp Systems,리어콤비램프,Rear Combination Lamp,SL-LMP-58272,2022-12-16,2023-01-03,2023-08-06,2023-08-07,2023-09-14,확정,치수불량,Dimensional Out-of-Spec,Minor,2,29.24,54.39
CLM-000895,Subaru,Subaru Gunma Oizumi Plant,JP,ja,Head Lamp（SL-LMP-31233）にWiring & Electrical Defectを検出。Subaru Gunma Oizumi Plantにて確認。,SL 옌타이,CN,Lamp Systems,전조등,Head Lamp,SL-LMP-31233,2022-08-29,2022-09-06,2023-06-26,2023-07-07,2023-08-21,확정,배선·전장불량,Wiring & Electrical Defect,Minor,12,61.23,764.15
CLM-000896,KGM,KGM 평택공장,KR,ko,후미등(SL-LMP-36535) 부품에서 이물혼입 발생. KGM 평택공장에서 확인됨.,SL 성서공장,KR,Lamp Systems,후미등,Tail Lamp,SL-LMP-36535,2023-05-21,2023-05-28,2023-10-29,2023-11-10,2023-11-13,기각,이물혼입,Foreign Material Contamination,Minor,1,58.16,47.11
CLM-000897,GM,GM Spring Hill Assembly,US,en,Surface & Plating Defect detected on Inside Mirror (SL-MIR-41939). Identified at GM Spring Hill Assembly.,SL Alabama,US,Mirror Systems,룸미러,Inside Mirror,SL-MIR-41939,2025-05-14,2025-05-23,2025-09-10,2025-09-21,2025-10-24,확정,표면·도금불량,Surface & Plating Defect,Minor,2,28.62,61.82
CLM-000898,BMW,BMW Leipzig Plant,DE,de,Foreign Material Contamination bei Daytime Running Lamp (SL-LMP-77290) festgestellt. Erkannt bei BMW Leipzig Plant.,SL Poland,PL,Lamp Systems,주간주행등,Daytime Running Lamp,SL-LMP-77290,2022-08-04,2022-08-12,2023-05-29,2023-06-02,2023-07-01,기각,이물혼입,Foreign Material Contamination,Minor,5,78.82,394.1
CLM-000899,Ford,Ford Kentucky Truck Plant,US,en,Design Flaw detected on Tail Lamp (SL-LMP-98035). Identified at Ford Kentucky Truck Plant.,호북삼립,CN,Lamp Systems,후미등,Tail Lamp,SL-LMP-98035,2024-07-01,2024-07-18,2025-02-04,2025-02-14,2025-03-03,보상완료,설계결함,Design Flaw,Major,50,64.97,3898.2
CLM-000900,Honda,Honda Marysville Auto Plant,US,en,Design Flaw detected on Daytime Running Lamp (SL-LMP-88619). Identified at Honda Marysville Auto Plant.,SL Alabama,US,Lamp Systems,주간주행등,Daytime Running Lamp,SL-LMP-88619,2022-07-29,2022-08-03,2023-03-05,2023-03-14,,조사중,설계결함,Design Flaw,Major,500,27.6,12972.0
CLM-000901,Kia,기아 광주공장,KR,ko,라디에이터서포트(SL-FEM-60606) 부품에서 배선·전장불량 발생. Kia 기아 광주공장에서 확인됨.,SL 안산공장,KR,Front End Module,라디에이터서포트,Radiator Support,SL-FEM-60606,2023-01-28,2023-02-10,2023-10-09,2023-10-11,2023-11-04,기각,배선·전장불량,Wiring & Electrical Defect,Minor,100,24.64,2045.12
CLM-000902,BMW,BMW Spartanburg Plant,US,en,Foreign Material Contamination detected on Inside Mirror (SL-MIR-52488). Identified at BMW Spartanburg Plant.,SL Lumax (India),IN,Mirror Systems,룸미러,Inside Mirror,SL-MIR-52488,2023-07-11,2023-07-20,2024-05-05,2024-05-11,2024-05-26,보상완료,이물혼입,Foreign Material Contamination,Major,100,53.81,5058.14
CLM-000903,BMW,BMW Munich Plant,DE,de,Other bei Lower Control Arm (SL-CHS-99912) festgestellt. Erkannt bei BMW Munich Plant.,SL 성서공장,KR,Chassis Systems,로어암,Lower Control Arm,SL-CHS-99912,2023-12-22,2024-01-11,2025-01-10,2025-01-19,2025-02-20,확정,기타,Other,Minor,100,17.72,2055.52
CLM-000904,Honda,Honda Marysville Auto Plant,US,en,Foreign Material Contamination detected on Horn (SL-FEM-42195). Identified at Honda Marysville Auto Plant.,SL Tennessee,US,Front End Module,혼,Horn,SL-FEM-42195,2024-06-27,2024-07-08,2025-03-13,2025-03-28,2025-05-04,확정,이물혼입,Foreign Material Contamination,Minor,3,14.88,37.5
CLM-000905,Hyundai,HMGMA (Hyundai Motor Group Metaplant America),US,en,Crack & Breakage detected on Head Lamp (SL-LMP-34763). Identified at HMGMA (Hyundai Motor Group Metaplant America).,호북삼립,CN,Lamp Systems,전조등,Head Lamp,SL-LMP-34763,2023-09-08,2023-09-25,2024-06-05,2024-06-20,2024-07-30,보상완료,크랙·파손,Crack & Breakage,Major,100,61.88,5569.2
CLM-000906,Hyundai,HMGMA (Hyundai Motor Group Metaplant America),US,en,Assembly Defect detected on Radiator Support (SL-FEM-60709). Identified at HMGMA (Hyundai Motor Group Metaplant America).,SL Tennessee,US,Front End Module,라디에이터서포트,Radiator Support,SL-FEM-60709,2024-07-26,2024-08-02,2024-10-03,2024-10-06,,조사중,조립불량,Assembly Defect,Minor,1,30.87,29.02
CLM-000907,GM,GM Spring Hill Assembly,US,en,Crack & Breakage detected on Outside Mirror (SL-MIR-96546). Identified at GM Spring Hill Assembly.,SL Alabama,US,Mirror Systems,아웃사이드미러,Outside Mirror,SL-MIR-96546,2023-04-21,2023-04-27,2023-05-03,2023-05-09,2023-05-29,보상완료,크랙·파손,Crack & Breakage,Minor,20,32.03,582.95
CLM-000908,BMW,BMW Spartanburg Plant,US,en,Surface & Plating Defect detected on Outside Mirror (SL-MIR-13008). Identified at BMW Spartanburg Plant.,상해삼립,CN,Mirror Systems,아웃사이드미러,Outside Mirror,SL-MIR-13008,2023-09-05,2023-09-15,2024-10-10,2024-10-13,2024-11-09,보상완료,표면·도금불량,Surface & Plating Defect,Major,100,50.81,6503.68
CLM-000909,Hyundai,Beijing Hyundai Motor (BHMC),CN,zh,在Bumper Beam（SL-FEM-22541）上发现Design Flaw。由Beijing Hyundai Motor (BHMC)确认。,북경삼립,CN,Front End Module,범퍼빔,Bumper Beam,SL-FEM-22541,2023-10-13,2023-10-23,2024-05-19,2024-05-23,2024-06-05,확정,설계결함,Design Flaw,Minor,5,15.55,62.2
CLM-000910,BMW,BMW Brilliance Shenyang,CN,zh,在Outside Mirror（SL-MIR-23155）上发现Other。由BMW Brilliance Shenyang确认。,상해삼립,CN,Mirror Systems,아웃사이드미러,Outside Mirror,SL-MIR-23155,2022-11-02,2022-11-19,2023-06-17,2023-06-25,2023-07-22,확정,기타,Other,Minor,20,21.15,499.14
CLM-000911,Hyundai,HMGMA (Hyundai Motor Group Metaplant America),US,en,Material Defect detected on Daytime Running Lamp (SL-LMP-76526). Identified at HMGMA (Hyundai Motor Group Metaplant America).,SL Alabama,US,Lamp Systems,주간주행등,Daytime Running Lamp,SL-LMP-76526,2024-07-12,2024-07-21,2025-03-05,2025-03-11,,조사중,소재불량,Material Defect,Critical,200,79.4,18103.2
CLM-000912,Hyundai,HMGMA (Hyundai Motor Group Metaplant America),US,en,Other detected on Horn (SL-FEM-42606). Identified at HMGMA (Hyundai Motor Group Metaplant America).,SL Alabama,US,Front End Module,혼,Horn,SL-FEM-42606,2024-04-06,2024-04-21,2024-08-18,2024-08-28,2024-09-01,보상완료,기타,Other,Minor,5,25.43,105.53
CLM-000913,Ford,Ford Kentucky Truck Plant,US,en,Crack & Breakage detected on Bumper Beam (SL-FEM-74350). Identified at Ford Kentucky Truck Plant.,SL Alabama,US,Front End Module,범퍼빔,Bumper Beam,SL-FEM-74350,2024-05-20,2024-06-06,2025-06-12,2025-06-27,2025-07-27,확정,크랙·파손,Crack & Breakage,Minor,12,14.17,166.64
CLM-000914,KGM,KGM 평택공장,KR,ko,와이어링하네스(SL-ELE-14757) 부품에서 소재불량 발생. KGM 평택공장에서 확인됨.,SL 성서공장,KR,Electrification,와이어링하네스,Wiring Harness,SL-ELE-14757,2024-08-13,2024-08-17,2025-02-20,2025-03-05,2025-03-18,확정,소재불량,Material Defect,Major,200,41.29,6854.14
CLM-000915,Hyundai,HMMA (Hyundai Motor Manufacturing Alabama),US,en,Material Defect detected on Horn (SL-FEM-34382). Identified at HMMA (Hyundai Motor Manufacturing Alabama).,SL Tennessee,US,Front End Module,혼,Horn,SL-FEM-34382,2023-09-05,2023-09-17,2024-04-14,2024-04-17,2024-05-04,확정,소재불량,Material Defect,Minor,200,9.41,2126.66
CLM-000916,Stellantis,Stellantis Toluca Assembly,MX,es,Se detectó Design Flaw en Outside Mirror (SL-MIR-12252). Identificado en Stellantis Toluca Assembly.,SL Mexico (SLP),MX,Mirror Systems,아웃사이드미러,Outside Mirror,SL-MIR-12252,2023-03-28,2023-04-02,2024-02-05,2024-02-07,2024-02-27,보상완료,설계결함,Design Flaw,Minor,100,26.21,2699.63
CLM-000917,Ford,Ford Michigan Assembly,US,en,Dimensional Out-of-Spec detected on Fog Lamp (SL-LMP-32517). Identified at Ford Michigan Assembly.,SL Tennessee,US,Lamp Systems,안개등,Fog Lamp,SL-LMP-32517,2023-10-19,2023-10-22,2024-07-11,2024-07-20,2024-07-26,확정,치수불량,Dimensional Out-of-Spec,Minor,3,35.86,110.81
CLM-000918,Stellantis,Stellantis Toledo Assembly,US,en,Surface & Plating Defect detected on Sensor Module (SL-ELE-70608). Identified at Stellantis Toledo Assembly.,상해삼립,CN,Electrification,센서모듈,Sensor Module,SL-ELE-70608,2023-09-20,2023-09-28,2024-05-18,2024-05-30,,조사중,표면·도금불량,Surface & Plating Defect,Minor,3,38.81,137.39
CLM-000919,Hyundai,HMGMA (Hyundai Motor Group Metaplant America),US,en,Functional Failure detected on Power Window Switch (SL-ELE-98804). Identified at HMGMA (Hyundai Motor Group Metaplant America).,SL Alabama,US,Electrification,파워윈도우스위치,Power Window Switch,SL-ELE-98804,2024-05-21,2024-06-10,2025-03-19,2025-03-31,2025-05-06,확정,기능불량,Functional Failure,Critical,500,52.45,25700.5
CLM-000920,BMW,BMW Brilliance Shenyang,CN,zh,在Bonnet Latch（SL-FEM-75949）上发现Foreign Material Contamination。由BMW Brilliance Shenyang确认。,SL Lumax (India),IN,Front End Module,본넷래치,Bonnet Latch,SL-FEM-75949,2025-08-12,2025-08-16,2025-10-20,2025-10-24,,조사중,이물혼입,Foreign Material Contamination,Minor,8,11.12,111.2
CLM-000921,Kia,기아 광주공장,KR,ko,아웃사이드미러(SL-MIR-38255) 부품에서 크랙·파손 발생. Kia 기아 광주공장에서 확인됨.,SL 천안공장,KR,Mirror Systems,아웃사이드미러,Outside Mirror,SL-MIR-38255,2024-05-02,2024-05-09,2025-06-10,2025-06-18,2025-06-29,보상완료,크랙·파손,Crack & Breakage,Minor,20,32.22,521.96
CLM-000922,Kia,Kia Georgia Plant,US,en,Material Defect detected on Horn (SL-FEM-36829). Identified at Kia Georgia Plant.,SL Alabama,US,Front End Module,혼,Horn,SL-FEM-36829,2025-05-15,2025-05-31,2025-08-06,2025-08-07,2025-08-19,확정,소재불량,Material Defect,Minor,8,18.1,141.9
CLM-000923,Honda,Honda Suzuka Factory,JP,ja,Power Window Switch（SL-ELE-15311）にDesign Flawを検出。Honda Suzuka Factoryにて確認。,SL 안산공장,KR,Electrification,파워윈도우스위치,Power Window Switch,SL-ELE-15311,2025-07-21,2025-08-04,2025-09-08,2025-09-14,2025-10-19,확정,설계결함,Design Flaw,Minor,1,54.64,47.54
CLM-000924,Ford,Ford-Werke Cologne,DE,de,Foreign Material Contamination bei Daytime Running Lamp (SL-LMP-62876) festgestellt. Erkannt bei Ford-Werke Cologne.,SL Poland,PL,Lamp Systems,주간주행등,Daytime Running Lamp,SL-LMP-62876,2023-12-20,2024-01-06,2024-11-15,2024-11-21,2024-12-12,기각,이물혼입,Foreign Material Contamination,Minor,1,77.08,84.02
CLM-000925,Honda,Honda Suzuka Factory,JP,ja,Actuator Motor（SL-ELE-30097）にDesign Flawを検出。Honda Suzuka Factoryにて確認。,호북삼립,CN,Electrification,액추에이터모터,Actuator Motor,SL-ELE-30097,2024-08-09,2024-08-26,2025-02-12,2025-02-24,2025-03-16,기각,설계결함,Design Flaw,Minor,3,44.29,119.58
CLM-000926,BMW,BMW Spartanburg Plant,US,en,Dimensional Out-of-Spec detected on Lower Control Arm (SL-CHS-27424). Identified at BMW Spartanburg Plant.,SL Tennessee,US,Chassis Systems,로어암,Lower Control Arm,SL-CHS-27424,2023-06-24,2023-07-03,2024-02-03,2024-02-10,2024-02-22,보상완료,치수불량,Dimensional Out-of-Spec,Major,100,30.75,3997.5
CLM-000927,Hyundai,현대자동차 울산공장,KR,ko,범퍼빔(SL-FEM-38717) 부품에서 기능불량 발생. Hyundai 현대자동차 울산공장에서 확인됨.,SL 안산공장,KR,Front End Module,범퍼빔,Bumper Beam,SL-FEM-38717,2025-05-06,2025-05-24,2025-08-17,2025-08-19,,조사중,기능불량,Functional Failure,Minor,12,24.65,381.58
CLM-000928,Stellantis,Stellantis Sterling Heights Assembly,US,en,Surface & Plating Defect detected on Wiring Harness (SL-ELE-97523). Identified at Stellantis Sterling Heights Assembly.,SL Alabama,US,Electrification,와이어링하네스,Wiring Harness,SL-ELE-97523,2024-12-05,2024-12-16,2025-12-01,2025-12-14,2025-12-31,확정,표면·도금불량,Surface & Plating Defect,Minor,1,29.52,27.75
CLM-000929,Subaru,Subaru Gunma Oizumi Plant,JP,ja,Sensor Module（SL-ELE-43769）にSurface & Plating Defectを検出。Subaru Gunma Oizumi Plantにて確認。,SL 진량공장,KR,Electrification,센서모듈,Sensor Module,SL-ELE-43769,2023-05-03,2023-05-23,2023-08-07,2023-08-11,2023-08-28,보상완료,표면·도금불량,Surface & Plating Defect,Major,50,50.73,3195.99
CLM-000930,Ford,Ford-Werke Cologne,DE,de,Material Defect bei Sensor Module (SL-ELE-49201) festgestellt. Erkannt bei Ford-Werke Cologne.,SL 천안공장,KR,Electrification,센서모듈,Sensor Module,SL-ELE-49201,2023-02-03,2023-02-11,2023-06-16,2023-06-26,2023-08-10,확정,소재불량,Material Defect,Minor,12,51.68,514.73
CLM-000931,Kia,Kia Georgia Plant,US,en,Other detected on Steering Knuckle (SL-CHS-25496). Identified at Kia Georgia Plant.,SL Tennessee,US,Chassis Systems,너클,Steering Knuckle,SL-CHS-25496,2024-05-06,2024-05-24,2024-09-22,2024-10-07,2024-11-04,보상완료,기타,Other,Minor,5,25.38,154.82
CLM-000932,Kia,Kia India (Anantapur),IN,en,Assembly Defect detected on Side Repeater Mirror (SL-MIR-52879). Identified at Kia India (Anantapur).,동풍삼립(우한),CN,Mirror Systems,사이드리피터미러,Side Repeater Mirror,SL-MIR-52879,2024-12-23,2024-12-29,2025-02-10,2025-02-12,,조사중,조립불량,Assembly Defect,Minor,3,47.02,148.11
CLM-000933,Hyundai,현대자동차 아산공장,KR,ko,본넷래치(SL-FEM-14284) 부품에서 기타 발생. Hyundai 현대자동차 아산공장에서 확인됨.,SL 진량공장,KR,Front End Module,본넷래치,Bonnet Latch,SL-FEM-14284,2023-04-20,2023-05-04,2023-10-01,2023-10-12,2023-11-06,기각,기타,Other,Minor,2,9.09,22.73
CLM-000934,Kia,기아 화성공장,KR,ko,리어콤비램프(SL-LMP-10027) 부품에서 크랙·파손 발생. Kia 기아 화성공장에서 확인됨.,SL 안산공장,KR,Lamp Systems,리어콤비램프,Rear Combination Lamp,SL-LMP-10027,2023-10-18,2023-11-02,2024-01-29,2024-02-12,2024-02-21,보상완료,크랙·파손,Crack & Breakage,Major,200,43.94,10721.36
CLM-000935,Hyundai,Beijing Hyundai Motor (BHMC),CN,zh,在Sensor Module（SL-ELE-30629）上发现Crack & Breakage。由Beijing Hyundai Motor (BHMC)确认。,상해삼립,CN,Electrification,센서모듈,Sensor Module,SL-ELE-30629,2025-09-13,2025-10-01,2025-11-20,2025-11-30,,조사중,크랙·파손,Crack & Breakage,Minor,1,27.7,26.87
CLM-000936,Hyundai,HMGMA (Hyundai Motor Group Metaplant America),US,en,Foreign Material Contamination detected on Sensor Module (SL-ELE-48489). Identified at HMGMA (Hyundai Motor Group Metaplant America).,상해삼립,CN,Electrification,센서모듈,Sensor Module,SL-ELE-48489,2024-08-19,2024-08-29,2025-04-01,2025-04-14,2025-05-06,보상완료,이물혼입,Foreign Material Contamination,Minor,5,20.83,90.61
CLM-000937,Hyundai,현대자동차 울산공장,KR,ko,주간주행등(SL-LMP-26529) 부품에서 기타 발생. Hyundai 현대자동차 울산공장에서 확인됨.,SL 대구공장,KR,Lamp Systems,주간주행등,Daytime Running Lamp,SL-LMP-26529,2022-10-22,2022-10-27,2023-11-02,2023-11-07,2023-11-30,보상완료,기타,Other,Minor,5,71.71,365.72
CLM-000938,Hyundai,Beijing Hyundai Motor (BHMC),CN,zh,在Inside Mirror（SL-MIR-96007）上发现Assembly Defect。由Beijing Hyundai Motor (BHMC)确认。,SL 옌타이,CN,Mirror Systems,룸미러,Inside Mirror,SL-MIR-96007,2022-08-28,2022-09-05,2023-03-11,2023-03-18,2023-03-25,확정,조립불량,Assembly Defect,Minor,1,62.06,74.47
CLM-000939,Kia,Kia Georgia Plant,US,en,Assembly Defect detected on Bonnet Latch (SL-FEM-52848). Identified at Kia Georgia Plant.,SL Alabama,US,Front End Module,본넷래치,Bonnet Latch,SL-FEM-52848,2024-05-28,2024-06-10,2025-05-14,2025-05-29,2025-06-12,보상완료,조립불량,Assembly Defect,Minor,3,33.77,102.32
CLM-000940,GM,GM Spring Hill Assembly,US,en,Assembly Defect detected on Power Window Switch (SL-ELE-46419). Identified at GM Spring Hill Assembly.,SL Tennessee,US,Electrification,파워윈도우스위치,Power Window Switch,SL-ELE-46419,2023-02-06,2023-02-14,2024-02-19,2024-02-26,,조사중,조립불량,Assembly Defect,Major,500,26.23,12721.55
CLM-000941,BMW,BMW Spartanburg Plant,US,en,Other detected on Outside Mirror (SL-MIR-53583). Identified at BMW Spartanburg Plant.,SL Tennessee,US,Mirror Systems,아웃사이드미러,Outside Mirror,SL-MIR-53583,2025-05-24,2025-06-12,2025-10-31,2025-11-07,2025-12-17,보상완료,기타,Other,Major,200,29.83,7039.88
CLM-000942,Ford,Ford Kentucky Truck Plant,US,en,Functional Failure detected on Fog Lamp (SL-LMP-53595). Identified at Ford Kentucky Truck Plant.,SL Alabama,US,Lamp Systems,안개등,Fog Lamp,SL-LMP-53595,2022-07-07,2022-07-12,2023-02-06,2023-02-14,2023-03-15,보상완료,기능불량,Functional Failure,Critical,200,62.17,15666.84
CLM-000943,Stellantis,Stellantis Toledo Assembly,US,en,Surface & Plating Defect detected on Side Repeater Mirror (SL-MIR-85964). Identified at Stellantis Toledo Assembly.,SL Tennessee,US,Mirror Systems,사이드리피터미러,Side Repeater Mirror,SL-MIR-85964,2023-11-03,2023-11-14,2024-06-04,2024-06-05,2024-06-10,확정,표면·도금불량,Surface & Plating Defect,Minor,50,31.95,1278.0
CLM-000944,Hyundai,현대자동차 울산공장,KR,ko,파워윈도우스위치(SL-ELE-12142) 부품에서 기능불량 발생. Hyundai 현대자동차 울산공장에서 확인됨.,북경삼립,CN,Electrification,파워윈도우스위치,Power Window Switch,SL-ELE-12142,2024-10-01,2024-10-13,2025-10-24,2025-11-06,2025-11-12,기각,기능불량,Functional Failure,Major,200,19.6,4429.6
CLM-000945,Kia,기아 화성공장,KR,ko,센서모듈(SL-ELE-33230) 부품에서 기능불량 발생. Kia 기아 화성공장에서 확인됨.,호북삼립,CN,Electrification,센서모듈,Sensor Module,SL-ELE-33230,2024-01-22,2024-02-07,2024-02-15,2024-02-17,2024-03-06,확정,기능불량,Functional Failure,Minor,1,14.48,18.39
CLM-000946,Ford,Ford Michigan Assembly,US,en,Wiring & Electrical Defect detected on Inside Mirror (SL-MIR-36750). Identified at Ford Michigan Assembly.,SL Alabama,US,Mirror Systems,룸미러,Inside Mirror,SL-MIR-36750,2023-05-24,2023-05-30,2023-12-02,2023-12-15,2024-01-06,보상완료,배선·전장불량,Wiring & Electrical Defect,Major,100,51.95,4363.8
CLM-000947,Hyundai,현대자동차 울산공장,KR,ko,아웃사이드미러(SL-MIR-45396) 부품에서 배선·전장불량 발생. Hyundai 현대자동차 울산공장에서 확인됨.,SL 진량공장,KR,Mirror Systems,아웃사이드미러,Outside Mirror,SL-MIR-45396,2023-10-18,2023-11-04,2024-01-02,2024-01-08,,조사중,배선·전장불량,Wiring & Electrical Defect,Minor,50,45.54,2368.08
CLM-000948,BMW,BMW Leipzig Plant,DE,de,Material Defect bei Inside Mirror (SL-MIR-34811) festgestellt. Erkannt bei BMW Leipzig Plant.,SL Poland,PL,Mirror Systems,룸미러,Inside Mirror,SL-MIR-34811,2023-05-18,2023-05-21,2024-05-27,2024-06-11,2024-06-19,보상완료,소재불량,Material Defect,Minor,3,27.29,72.05
CLM-000949,Stellantis,Stellantis Toluca Assembly,MX,es,Se detectó Functional Failure en Steering Knuckle (SL-CHS-66675). Identificado en Stellantis Toluca Assembly.,SL Mexico (SLP),MX,Chassis Systems,너클,Steering Knuckle,SL-CHS-66675,2022-10-27,2022-11-11,2023-08-01,2023-08-05,2023-09-16,확정,기능불량,Functional Failure,Major,200,36.68,6088.88
CLM-000950,KGM,KGM 평택공장,KR,ko,파워윈도우스위치(SL-ELE-60760) 부품에서 기능불량 발생. KGM 평택공장에서 확인됨.,SL Poland,PL,Electrification,파워윈도우스위치,Power Window Switch,SL-ELE-60760,2023-11-13,2023-11-27,2024-10-21,2024-10-25,2024-10-30,보상완료,기능불량,Functional Failure,Minor,5,10.17,49.83
CLM-000951,KGM,KGM 평택공장,KR,ko,안개등(SL-LMP-70749) 부품에서 기타 발생. KGM 평택공장에서 확인됨.,SL 미러텍(시흥),KR,Lamp Systems,안개등,Fog Lamp,SL-LMP-70749,2023-04-10,2023-04-16,2023-06-24,2023-07-04,2023-07-14,확정,기타,Other,Minor,3,55.77,180.69
CLM-000952,GM,GM Spring Hill Assembly,US,en,Crack & Breakage detected on Inside Mirror (SL-MIR-80396). Identified at GM Spring Hill Assembly.,SL Alabama,US,Mirror Systems,룸미러,Inside Mirror,SL-MIR-80396,2024-12-17,2024-12-21,2025-05-21,2025-06-04,,조사중,크랙·파손,Crack & Breakage,Critical,500,68.2,29667.0
CLM-000953,Kia,Kia Georgia Plant,US,en,Crack & Breakage detected on Steering Knuckle (SL-CHS-19751). Identified at Kia Georgia Plant.,북경삼립,CN,Chassis Systems,너클,Steering Knuckle,SL-CHS-19751,2025-06-14,2025-06-19,2025-12-23,2025-12-31,,접수,크랙·파손,Crack & Breakage,Minor,20,12.75,328.95
CLM-000954,Kia,기아 화성공장,KR,ko,액추에이터모터(SL-ELE-57517) 부품에서 설계결함 발생. Kia 기아 화성공장에서 확인됨.,SL Lumax (India),IN,Electrification,액추에이터모터,Actuator Motor,SL-ELE-57517,2023-06-22,2023-07-03,2023-08-21,2023-09-03,2023-09-13,확정,설계결함,Design Flaw,Major,200,19.55,4692.0
CLM-000955,Kia,기아 광주공장,KR,ko,센서모듈(SL-ELE-82399) 부품에서 치수불량 발생. Kia 기아 광주공장에서 확인됨.,SL 미러텍(시흥),KR,Electrification,센서모듈,Sensor Module,SL-ELE-82399,2024-06-26,2024-07-11,2024-09-01,2024-09-14,2024-10-06,보상완료,치수불량,Dimensional Out-of-Spec,Minor,2,39.61,73.67
CLM-000956,Hyundai,현대자동차 울산공장,KR,ko,범퍼빔(SL-FEM-71502) 부품에서 배선·전장불량 발생. Hyundai 현대자동차 울산공장에서 확인됨.,SL 진량공장,KR,Front End Module,범퍼빔,Bumper Beam,SL-FEM-71502,2024-05-26,2024-06-15,2025-01-09,2025-01-11,2025-02-20,확정,배선·전장불량,Wiring & Electrical Defect,Minor,5,10.21,44.92
CLM-000957,BMW,BMW Leipzig Plant,DE,de,Wiring & Electrical Defect bei Side Repeater Mirror (SL-MIR-26601) festgestellt. Erkannt bei BMW Leipzig Plant.,SL Poland,PL,Mirror Systems,사이드리피터미러,Side Repeater Mirror,SL-MIR-26601,2022-11-11,2022-11-30,2023-12-13,2023-12-17,2023-12-20,보상완료,배선·전장불량,Wiring & Electrical Defect,Minor,8,48.83,453.14
CLM-000958,Stellantis,Stellantis Sterling Heights Assembly,US,en,Other detected on Side Repeater Mirror (SL-MIR-97409). Identified at Stellantis Sterling Heights Assembly.,SL Alabama,US,Mirror Systems,사이드리피터미러,Side Repeater Mirror,SL-MIR-97409,2024-11-08,2024-11-27,2025-03-06,2025-03-11,2025-04-08,확정,기타,Other,Minor,20,65.54,1232.15
CLM-000959,Kia,기아 화성공장,KR,ko,파워윈도우스위치(SL-ELE-10190) 부품에서 기타 발생. Kia 기아 화성공장에서 확인됨.,북경삼립,CN,Electrification,파워윈도우스위치,Power Window Switch,SL-ELE-10190,2023-01-18,2023-01-27,2023-08-23,2023-09-04,2023-09-15,확정,기타,Other,Minor,3,46.65,152.55
CLM-000960,KGM,KGM 평택공장,KR,ko,사이드리피터미러(SL-MIR-16103) 부품에서 소재불량 발생. KGM 평택공장에서 확인됨.,SL 대구공장,KR,Mirror Systems,사이드리피터미러,Side Repeater Mirror,SL-MIR-16103,2022-05-27,2022-06-11,2023-05-28,2023-05-31,2023-06-20,보상완료,소재불량,Material Defect,Major,200,20.14,3665.48
CLM-000961,Hyundai,현대자동차 울산공장,KR,ko,본넷래치(SL-FEM-29265) 부품에서 크랙·파손 발생. Hyundai 현대자동차 울산공장에서 확인됨.,SL 대구공장,KR,Front End Module,본넷래치,Bonnet Latch,SL-FEM-29265,2023-02-20,2023-03-05,2023-09-10,2023-09-17,2023-10-23,확정,크랙·파손,Crack & Breakage,Minor,50,25.9,1592.85
CLM-000962,Hyundai,HMGMA (Hyundai Motor Group Metaplant America),US,en,Assembly Defect detected on Horn (SL-FEM-67337). Identified at HMGMA (Hyundai Motor Group Metaplant America).,SL Alabama,US,Front End Module,혼,Horn,SL-FEM-67337,2022-11-29,2022-12-02,2023-04-11,2023-04-18,2023-04-24,확정,조립불량,Assembly Defect,Minor,50,22.16,997.2
CLM-000963,Hyundai,HMMA (Hyundai Motor Manufacturing Alabama),US,en,Surface & Plating Defect detected on Bumper Beam (SL-FEM-72027). Identified at HMMA (Hyundai Motor Manufacturing Alabama).,SL Tennessee,US,Front End Module,범퍼빔,Bumper Beam,SL-FEM-72027,2025-10-30,2025-11-16,2025-12-20,2025-12-26,,접수,표면·도금불량,Surface & Plating Defect,Minor,50,13.42,825.33
CLM-000964,Stellantis,Stellantis Sterling Heights Assembly,US,en,Wiring & Electrical Defect detected on Bonnet Latch (SL-FEM-12247). Identified at Stellantis Sterling Heights Assembly.,SL Tennessee,US,Front End Module,본넷래치,Bonnet Latch,SL-FEM-12247,2023-05-12,2023-05-30,2024-04-25,2024-05-02,2024-06-09,확정,배선·전장불량,Wiring & Electrical Defect,Major,500,33.22,14118.5
CLM-000965,Ford,Ford-Werke Cologne,DE,de,Surface & Plating Defect bei Sensor Module (SL-ELE-62915) festgestellt. Erkannt bei Ford-Werke Cologne.,SL 미러텍(시흥),KR,Electrification,센서모듈,Sensor Module,SL-ELE-62915,2023-01-03,2023-01-09,2023-02-11,2023-02-15,2023-03-06,보상완료,표면·도금불량,Surface & Plating Defect,Critical,500,51.91,31924.65
CLM-000966,GM,SAIC-GM Shanghai,CN,zh,在Actuator Motor（SL-ELE-29542）上发现Functional Failure。由SAIC-GM Shanghai确认。,SL Poland,PL,Electrification,액추에이터모터,Actuator Motor,SL-ELE-29542,2022-08-06,2022-08-26,2023-02-10,2023-02-17,2023-02-20,확정,기능불량,Functional Failure,Minor,5,18.43,107.82
CLM-000967,Ford,Changan Ford Chongqing,CN,zh,在Side Repeater Mirror（SL-MIR-62684）上发现Foreign Material Contamination。由Changan Ford Chongqing确认。,호북삼립,CN,Mirror Systems,사이드리피터미러,Side Repeater Mirror,SL-MIR-62684,2024-10-27,2024-11-11,2024-12-31,2025-01-08,2025-01-26,기각,이물혼입,Foreign Material Contamination,Minor,1,62.89,61.63
CLM-000968,Ford,Ford-Werke Cologne,DE,de,Functional Failure bei Head Lamp (SL-LMP-23525) festgestellt. Erkannt bei Ford-Werke Cologne.,SL 성서공장,KR,Lamp Systems,전조등,Head Lamp,SL-LMP-23525,2023-05-26,2023-06-11,2023-10-08,2023-10-22,,조사중,기능불량,Functional Failure,Minor,20,59.77,1398.62
CLM-000969,Hyundai,Beijing Hyundai Motor (BHMC),CN,zh,在Outside Mirror（SL-MIR-58611）上发现Material Defect。由Beijing Hyundai Motor (BHMC)确认。,SL 옌타이,CN,Mirror Systems,아웃사이드미러,Outside Mirror,SL-MIR-58611,2023-06-18,2023-06-29,2023-07-18,2023-07-19,2023-08-17,보상완료,소재불량,Material Defect,Minor,8,52.15,517.33
CLM-000970,Honda,Honda Marysville Auto Plant,US,en,Assembly Defect detected on Fog Lamp (SL-LMP-88423). Identified at Honda Marysville Auto Plant.,SL Tennessee,US,Lamp Systems,안개등,Fog Lamp,SL-LMP-88423,2024-03-28,2024-04-15,2024-05-08,2024-05-20,2024-06-02,확정,조립불량,Assembly Defect,Major,50,78.11,3554.01
CLM-000971,Kia,기아 광주공장,KR,ko,로어암(SL-CHS-65981) 부품에서 소재불량 발생. Kia 기아 광주공장에서 확인됨.,SL 성서공장,KR,Chassis Systems,로어암,Lower Control Arm,SL-CHS-65981,2024-05-29,2024-06-15,2024-12-15,2024-12-24,2024-12-28,기각,소재불량,Material Defect,Critical,500,30.87,17441.55
CLM-000972,Hyundai,현대자동차 아산공장,KR,ko,아웃사이드미러(SL-MIR-37403) 부품에서 기능불량 발생. Hyundai 현대자동차 아산공장에서 확인됨.,SL 미러텍(시흥),KR,Mirror Systems,아웃사이드미러,Outside Mirror,SL-MIR-37403,2023-11-21,2023-12-03,2024-02-09,2024-02-17,,조사중,기능불량,Functional Failure,Minor,5,50.93,208.81
CLM-000973,Ford,Ford Michigan Assembly,US,en,Wiring & Electrical Defect detected on Side Repeater Mirror (SL-MIR-18292). Identified at Ford Michigan Assembly.,SL Alabama,US,Mirror Systems,사이드리피터미러,Side Repeater Mirror,SL-MIR-18292,2023-03-09,2023-03-24,2023-11-22,2023-11-23,2023-11-28,확정,배선·전장불량,Wiring & Electrical Defect,Minor,3,54.22,203.32
CLM-000974,Hyundai,현대자동차 아산공장,KR,ko,주간주행등(SL-LMP-40049) 부품에서 기타 발생. Hyundai 현대자동차 아산공장에서 확인됨.,SL 천안공장,KR,Lamp Systems,주간주행등,Daytime Running Lamp,SL-LMP-40049,2023-07-04,2023-07-23,2023-12-07,2023-12-19,2024-01-24,확정,기타,Other,Critical,200,88.99,22069.52
CLM-000975,Hyundai,Beijing Hyundai Motor (BHMC),CN,zh,在Bonnet Latch（SL-FEM-90078）上发现Surface & Plating Defect。由Beijing Hyundai Motor (BHMC)确认。,상해삼립,CN,Front End Module,본넷래치,Bonnet Latch,SL-FEM-90078,2025-01-25,2025-02-07,2025-06-30,2025-07-05,2025-07-09,기각,표면·도금불량,Surface & Plating Defect,Minor,20,15.98,380.32
CLM-000976,GM,GM Korea 부평공장,KR,ko,아웃사이드미러(SL-MIR-40112) 부품에서 기타 발생. GM Korea 부평공장에서 확인됨.,SL 천안공장,KR,Mirror Systems,아웃사이드미러,Outside Mirror,SL-MIR-40112,2025-10-11,2025-10-31,2025-12-28,2025-12-31,,접수,기타,Other,Minor,3,22.64,60.45
CLM-000977,Honda,Honda Marysville Auto Plant,US,en,Crack & Breakage detected on Side Repeater Mirror (SL-MIR-82388). Identified at Honda Marysville Auto Plant.,SL Tennessee,US,Mirror Systems,사이드리피터미러,Side Repeater Mirror,SL-MIR-82388,2022-12-10,2022-12-29,2023-06-21,2023-06-30,,조사중,크랙·파손,Crack & Breakage,Minor,12,47.45,688.97
CLM-000978,Hyundai,HMGMA (Hyundai Motor Group Metaplant America),US,en,Wiring & Electrical Defect detected on Outside Mirror (SL-MIR-93394). Identified at HMGMA (Hyundai Motor Group Metaplant America).,SL Tennessee,US,Mirror Systems,아웃사이드미러,Outside Mirror,SL-MIR-93394,2022-10-03,2022-10-10,2023-07-03,2023-07-13,2023-08-12,확정,배선·전장불량,Wiring & Electrical Defect,Minor,2,56.89,109.23
CLM-000979,Hyundai,HMMA (Hyundai Motor Manufacturing Alabama),US,en,Material Defect detected on Head Lamp (SL-LMP-11511). Identified at HMMA (Hyundai Motor Manufacturing Alabama).,동풍삼립(우한),CN,Lamp Systems,전조등,Head Lamp,SL-LMP-11511,2022-01-21,2022-01-24,2023-02-25,2023-03-11,2023-03-15,보상완료,소재불량,Material Defect,Minor,12,35.72,501.51
CLM-000980,BMW,BMW Leipzig Plant,DE,de,Foreign Material Contamination bei Daytime Running Lamp (SL-LMP-80651) festgestellt. Erkannt bei BMW Leipzig Plant.,SL Poland,PL,Lamp Systems,주간주행등,Daytime Running Lamp,SL-LMP-80651,2024-12-28,2024-12-31,2025-01-30,2025-02-11,,조사중,이물혼입,Foreign Material Contamination,Minor,12,49.64,512.28
CLM-000981,Honda,Honda Suzuka Factory,JP,ja,Outside Mirror（SL-MIR-81535）にMaterial Defectを検出。Honda Suzuka Factoryにて確認。,북경삼립,CN,Mirror Systems,아웃사이드미러,Outside Mirror,SL-MIR-81535,2022-12-06,2022-12-26,2023-10-30,2023-11-07,2023-12-13,확정,소재불량,Material Defect,Minor,3,28.79,101.92
CLM-000982,GM,GM Korea 부평공장,KR,ko,파워윈도우스위치(SL-ELE-71251) 부품에서 치수불량 발생. GM Korea 부평공장에서 확인됨.,SL 진량공장,KR,Electrification,파워윈도우스위치,Power Window Switch,SL-ELE-71251,2023-01-27,2023-01-31,2023-02-23,2023-02-24,2023-03-14,기각,치수불량,Dimensional Out-of-Spec,Minor,12,38.65,389.59
CLM-000983,Ford,Ford-Werke Cologne,DE,de,Foreign Material Contamination bei Actuator Motor (SL-ELE-40907) festgestellt. Erkannt bei Ford-Werke Cologne.,SL 천안공장,KR,Electrification,액추에이터모터,Actuator Motor,SL-ELE-40907,2025-01-27,2025-02-07,2025-04-25,2025-05-04,2025-05-27,확정,이물혼입,Foreign Material Contamination,Major,500,12.2,5856.0
CLM-000984,Hyundai,Beijing Hyundai Motor (BHMC),CN,zh,在Daytime Running Lamp（SL-LMP-16951）上发现Wiring & Electrical Defect。由Beijing Hyundai Motor (BHMC)确认。,호북삼립,CN,Lamp Systems,주간주행등,Daytime Running Lamp,SL-LMP-16951,2024-12-16,2024-12-26,2025-04-12,2025-04-19,2025-05-31,기각,배선·전장불량,Wiring & Electrical Defect,Major,50,65.18,3878.21
CLM-000985,Hyundai,Beijing Hyundai Motor (BHMC),CN,zh,在Outside Mirror（SL-MIR-18456）上发现Dimensional Out-of-Spec。由Beijing Hyundai Motor (BHMC)确认。,SL Lumax (India),IN,Mirror Systems,아웃사이드미러,Outside Mirror,SL-MIR-18456,2022-12-14,2022-12-18,2023-05-05,2023-05-20,,조사중,치수불량,Dimensional Out-of-Spec,Minor,8,61.74,424.77
CLM-000986,GM,SAIC-GM Shanghai,CN,zh,在Stabilizer Link（SL-CHS-33258）上发现Wiring & Electrical Defect。由SAIC-GM Shanghai确认。,북경삼립,CN,Chassis Systems,스태빌라이저링크,Stabilizer Link,SL-CHS-33258,2024-12-05,2024-12-15,2025-08-28,2025-09-06,2025-09-21,확정,배선·전장불량,Wiring & Electrical Defect,Major,500,14.12,6565.8
CLM-000987,Hyundai,현대자동차 울산공장,KR,ko,스태빌라이저링크(SL-CHS-32396) 부품에서 조립불량 발생. Hyundai 현대자동차 울산공장에서 확인됨.,SL 성서공장,KR,Chassis Systems,스태빌라이저링크,Stabilizer Link,SL-CHS-32396,2025-02-02,2025-02-14,2025-12-04,2025-12-11,,조사중,조립불량,Assembly Defect,Minor,5,41.02,242.02
CLM-000988,Hyundai,Beijing Hyundai Motor (BHMC),CN,zh,在Lower Control Arm（SL-CHS-70550）上发现Foreign Material Contamination。由Beijing Hyundai Motor (BHMC)确认。,동풍삼립(우한),CN,Chassis Systems,로어암,Lower Control Arm,SL-CHS-70550,2022-08-25,2022-09-06,2023-03-25,2023-04-05,2023-04-30,확정,이물혼입,Foreign Material Contamination,Minor,8,40.59,266.27
CLM-000989,Kia,기아 광명공장,KR,ko,스태빌라이저링크(SL-CHS-99546) 부품에서 소재불량 발생. Kia 기아 광명공장에서 확인됨.,상해삼립,CN,Chassis Systems,스태빌라이저링크,Stabilizer Link,SL-CHS-99546,2023-08-11,2023-08-20,2024-01-18,2024-02-01,2024-02-05,보상완료,소재불량,Material Defect,Minor,50,24.45,1234.72
CLM-000990,Kia,기아 광주공장,KR,ko,안개등(SL-LMP-41646) 부품에서 설계결함 발생. Kia 기아 광주공장에서 확인됨.,SL 대구공장,KR,Lamp Systems,안개등,Fog Lamp,SL-LMP-41646,2025-01-21,2025-01-29,2025-10-22,2025-11-05,2025-11-29,보상완료,설계결함,Design Flaw,Major,50,64.66,3717.95
CLM-000991,BMW,BMW Spartanburg Plant,US,en,Other detected on Outside Mirror (SL-MIR-38329). Identified at BMW Spartanburg Plant.,SL Alabama,US,Mirror Systems,아웃사이드미러,Outside Mirror,SL-MIR-38329,2023-01-22,2023-02-05,2024-03-03,2024-03-07,2024-03-26,보상완료,기타,Other,Minor,12,64.17,662.23
CLM-000992,Ford,Ford Michigan Assembly,US,en,Surface & Plating Defect detected on Rear Combination Lamp (SL-LMP-69604). Identified at Ford Michigan Assembly.,SL 안산공장,KR,Lamp Systems,리어콤비램프,Rear Combination Lamp,SL-LMP-69604,2025-04-12,2025-04-18,2025-12-13,2025-12-22,,접수,표면·도금불량,Surface & Plating Defect,Minor,5,63.57,355.99
CLM-000993,Hyundai,현대자동차 아산공장,KR,ko,주간주행등(SL-LMP-14555) 부품에서 치수불량 발생. Hyundai 현대자동차 아산공장에서 확인됨.,SL 대구공장,KR,Lamp Systems,주간주행등,Daytime Running Lamp,SL-LMP-14555,2023-04-06,2023-04-25,2023-06-07,2023-06-15,2023-07-08,보상완료,치수불량,Dimensional Out-of-Spec,Minor,2,55.01,115.52
CLM-000994,Kia,Kia India (Anantapur),IN,en,Dimensional Out-of-Spec detected on Head Lamp (SL-LMP-34225). Identified at Kia India (Anantapur).,SL Lumax (India),IN,Lamp Systems,전조등,Head Lamp,SL-LMP-34225,2024-02-15,2024-02-18,2024-03-03,2024-03-13,,조사중,치수불량,Dimensional Out-of-Spec,Minor,2,60.73,148.18
CLM-000995,GM,GM Korea 부평공장,KR,ko,라디에이터서포트(SL-FEM-44588) 부품에서 기타 발생. GM Korea 부평공장에서 확인됨.,SL 안산공장,KR,Front End Module,라디에이터서포트,Radiator Support,SL-FEM-44588,2023-09-26,2023-10-02,2024-08-03,2024-08-15,2024-08-18,보상완료,기타,Other,Major,500,13.77,6747.3
CLM-000996,Stellantis,Stellantis Toledo Assembly,US,en,Surface & Plating Defect detected on Stabilizer Link (SL-CHS-19294). Identified at Stellantis Toledo Assembly.,SL 안산공장,KR,Chassis Systems,스태빌라이저링크,Stabilizer Link,SL-CHS-19294,2022-12-02,2022-12-14,2023-09-10,2023-09-12,2023-09-29,확정,표면·도금불량,Surface & Plating Defect,Minor,20,29.49,572.11
CLM-000997,Hyundai,현대자동차 아산공장,KR,ko,아웃사이드미러(SL-MIR-30667) 부품에서 기능불량 발생. Hyundai 현대자동차 아산공장에서 확인됨.,SL Brazil,BR,Mirror Systems,아웃사이드미러,Outside Mirror,SL-MIR-30667,2023-04-22,2023-05-11,2024-03-17,2024-03-20,,조사중,기능불량,Functional Failure,Minor,8,36.76,297.02
CLM-000998,Hyundai,현대자동차 울산공장,KR,ko,파워윈도우스위치(SL-ELE-15616) 부품에서 기능불량 발생. Hyundai 현대자동차 울산공장에서 확인됨.,SL 대구공장,KR,Electrification,파워윈도우스위치,Power Window Switch,SL-ELE-15616,2024-03-01,2024-03-04,2025-01-21,2025-02-03,2025-02-21,보상완료,기능불량,Functional Failure,Minor,20,29.29,749.82
CLM-000999,Ford,Ford Kentucky Truck Plant,US,en,Material Defect detected on Head Lamp (SL-LMP-35288). Identified at Ford Kentucky Truck Plant.,SL Alabama,US,Lamp Systems,전조등,Head Lamp,SL-LMP-35288,2022-07-22,2022-07-31,2023-04-24,2023-04-30,2023-06-10,확정,소재불량,Material Defect,Minor,1,50.11,57.13
CLM-001000,Hyundai,현대자동차 아산공장,KR,ko,너클(SL-CHS-56634) 부품에서 소재불량 발생. Hyundai 현대자동차 아산공장에서 확인됨.,SL 대구공장,KR,Chassis Systems,너클,Steering Knuckle,SL-CHS-56634,2022-08-20,2022-09-08,2023-04-17,2023-04-26,2023-06-04,확정,소재불량,Material Defect,Minor,50,32.67,1698.84
CLM-001001,Ford,Ford Michigan Assembly,US,en,Surface & Plating Defect detected on Head Lamp (SL-LMP-41732). Identified at Ford Michigan Assembly.,SL Alabama,US,Lamp Systems,전조등,Head Lamp,SL-LMP-41732,2023-12-02,2023-12-05,2024-09-14,2024-09-27,2024-10-28,확정,표면·도금불량,Surface & Plating Defect,Minor,12,44.4,554.11
CLM-001002,BMW,BMW Munich Plant,DE,de,Other bei Stabilizer Link (SL-CHS-26270) festgestellt. Erkannt bei BMW Munich Plant.,SL Poland,PL,Chassis Systems,스태빌라이저링크,Stabilizer Link,SL-CHS-26270,2023-02-12,2023-02-26,2023-04-20,2023-04-28,2023-05-02,기각,기타,Other,Minor,1,28.74,37.36
CLM-001003,BMW,BMW Leipzig Plant,DE,de,Other bei Wiring Harness (SL-ELE-12067) festgestellt. Erkannt bei BMW Leipzig Plant.,SL 옌타이,CN,Electrification,와이어링하네스,Wiring Harness,SL-ELE-12067,2025-02-27,2025-03-07,2025-07-16,2025-07-23,2025-08-31,보상완료,기타,Other,Critical,500,28.93,16056.15
CLM-001004,Stellantis,Stellantis Toluca Assembly,MX,es,Se detectó Design Flaw en Sensor Module (SL-ELE-29029). Identificado en Stellantis Toluca Assembly.,SL Mexico (SLP),MX,Electrification,센서모듈,Sensor Module,SL-ELE-29029,2024-03-13,2024-03-28,2025-01-19,2025-01-30,2025-02-17,보상완료,설계결함,Design Flaw,Minor,12,35.44,404.02
CLM-001005,Ford,Ford-Werke Cologne,DE,de,Other bei Outside Mirror (SL-MIR-34242) festgestellt. Erkannt bei Ford-Werke Cologne.,SL Poland,PL,Mirror Systems,아웃사이드미러,Outside Mirror,SL-MIR-34242,2023-10-26,2023-11-02,2024-04-01,2024-04-14,2024-05-12,보상완료,기타,Other,Major,100,68.03,5646.49
CLM-001006,BMW,BMW Leipzig Plant,DE,de,Functional Failure bei Inside Mirror (SL-MIR-93917) festgestellt. Erkannt bei BMW Leipzig Plant.,SL Poland,PL,Mirror Systems,룸미러,Inside Mirror,SL-MIR-93917,2022-12-22,2023-01-07,2023-08-30,2023-09-14,,조사중,기능불량,Functional Failure,Minor,3,57.46,163.76
CLM-001007,Subaru,Subaru of Indiana Automotive,US,en,Crack & Breakage detected on Sensor Module (SL-ELE-95221). Identified at Subaru of Indiana Automotive.,SL Alabama,US,Electrification,센서모듈,Sensor Module,SL-ELE-95221,2023-08-14,2023-08-21,2024-05-14,2024-05-25,2024-05-29,보상완료,크랙·파손,Crack & Breakage,Minor,1,50.38,64.49
CLM-001008,Honda,Honda Marysville Auto Plant,US,en,Crack & Breakage detected on Lower Control Arm (SL-CHS-81991). Identified at Honda Marysville Auto Plant.,SL Brazil,BR,Chassis Systems,로어암,Lower Control Arm,SL-CHS-81991,2023-03-21,2023-04-04,2023-10-29,2023-11-07,2023-12-07,기각,크랙·파손,Crack & Breakage,Minor,2,37.86,74.96
CLM-001009,Kia,Kia Georgia Plant,US,en,Foreign Material Contamination detected on Power Window Switch (SL-ELE-65830). Identified at Kia Georgia Plant.,SL Tennessee,US,Electrification,파워윈도우스위치,Power Window Switch,SL-ELE-65830,2022-08-03,2022-08-10,2023-07-21,2023-08-03,2023-09-08,확정,이물혼입,Foreign Material Contamination,Major,200,25.16,6340.32
CLM-001010,Hyundai,현대자동차 아산공장,KR,ko,와이어링하네스(SL-ELE-41536) 부품에서 설계결함 발생. Hyundai 현대자동차 아산공장에서 확인됨.,호북삼립,CN,Electrification,와이어링하네스,Wiring Harness,SL-ELE-41536,2023-12-31,2024-01-11,2024-09-28,2024-10-09,2024-10-13,보상완료,설계결함,Design Flaw,Minor,50,43.85,1754.0
CLM-001011,BMW,BMW Brilliance Shenyang,CN,zh,在Head Lamp（SL-LMP-60749）上发现Foreign Material Contamination。由BMW Brilliance Shenyang确认。,북경삼립,CN,Lamp Systems,전조등,Head Lamp,SL-LMP-60749,2025-07-11,2025-07-16,2025-10-28,2025-10-30,2025-12-11,기각,이물혼입,Foreign Material Contamination,Minor,1,28.11,23.33
CLM-001012,GM,SAIC-GM Shanghai,CN,zh,在Actuator Motor（SL-ELE-52125）上发现Wiring & Electrical Defect。由SAIC-GM Shanghai确认。,동풍삼립(우한),CN,Electrification,액추에이터모터,Actuator Motor,SL-ELE-52125,2022-08-16,2022-09-01,2023-04-22,2023-05-05,2023-06-17,확정,배선·전장불량,Wiring & Electrical Defect,Minor,5,49.23,312.61
CLM-001013,BMW,BMW Munich Plant,DE,de,Assembly Defect bei Steering Knuckle (SL-CHS-12204) festgestellt. Erkannt bei BMW Munich Plant.,SL 대구공장,KR,Chassis Systems,너클,Steering Knuckle,SL-CHS-12204,2025-02-10,2025-02-27,2025-10-11,2025-10-21,2025-11-03,확정,조립불량,Assembly Defect,Minor,50,41.22,2390.76
CLM-001014,Ford,Changan Ford Chongqing,CN,zh,在Rear Combination Lamp（SL-LMP-22067）上发现Design Flaw。由Changan Ford Chongqing确认。,동풍삼립(우한),CN,Lamp Systems,리어콤비램프,Rear Combination Lamp,SL-LMP-22067,2024-09-09,2024-09-27,2025-10-04,2025-10-19,2025-10-25,확정,설계결함,Design Flaw,Critical,200,70.45,15499.0
CLM-001015,Ford,Ford-Werke Cologne,DE,de,Foreign Material Contamination bei Outside Mirror (SL-MIR-36563) festgestellt. Erkannt bei Ford-Werke Cologne.,SL 진량공장,KR,Mirror Systems,아웃사이드미러,Outside Mirror,SL-MIR-36563,2025-03-16,2025-03-21,2025-07-18,2025-08-02,,조사중,이물혼입,Foreign Material Contamination,Minor,12,55.75,595.41
CLM-001016,Kia,Kia Georgia Plant,US,en,Dimensional Out-of-Spec detected on Tail Lamp (SL-LMP-31531). Identified at Kia Georgia Plant.,SL Alabama,US,Lamp Systems,후미등,Tail Lamp,SL-LMP-31531,2023-06-09,2023-06-17,2023-07-28,2023-07-29,2023-08-15,확정,치수불량,Dimensional Out-of-Spec,Minor,5,78.64,507.23
CLM-001017,Kia,Kia Georgia Plant,US,en,Assembly Defect detected on Tail Lamp (SL-LMP-38606). Identified at Kia Georgia Plant.,SL Alabama,US,Lamp Systems,후미등,Tail Lamp,SL-LMP-38606,2025-05-07,2025-05-27,2025-07-05,2025-07-10,2025-08-19,확정,조립불량,Assembly Defect,Minor,3,81.2,233.86
CLM-001018,Hyundai,HMGMA (Hyundai Motor Group Metaplant America),US,en,Dimensional Out-of-Spec detected on Horn (SL-FEM-47324). Identified at HMGMA (Hyundai Motor Group Metaplant America).,SL Tennessee,US,Front End Module,혼,Horn,SL-FEM-47324,2022-12-01,2022-12-18,2023-04-19,2023-04-23,2023-05-02,기각,치수불량,Dimensional Out-of-Spec,Minor,50,22.42,1412.46
CLM-001019,Honda,Honda Suzuka Factory,JP,ja,Head Lamp（SL-LMP-31165）にSurface & Plating Defectを検出。Honda Suzuka Factoryにて確認。,SL 옌타이,CN,Lamp Systems,전조등,Head Lamp,SL-LMP-31165,2022-10-09,2022-10-29,2023-07-08,2023-07-22,2023-09-03,확정,표면·도금불량,Surface & Plating Defect,Minor,8,58.76,606.4
CLM-001020,Hyundai,Beijing Hyundai Motor (BHMC),CN,zh,在Bonnet Latch（SL-FEM-65839）上发现Wiring & Electrical Defect。由Beijing Hyundai Motor (BHMC)确认。,호북삼립,CN,Front End Module,본넷래치,Bonnet Latch,SL-FEM-65839,2023-07-07,2023-07-17,2024-04-19,2024-05-04,,조사중,배선·전장불량,Wiring & Electrical Defect,Minor,3,22.67,88.41
CLM-001021,Kia,기아 광주공장,KR,ko,주간주행등(SL-LMP-87150) 부품에서 치수불량 발생. Kia 기아 광주공장에서 확인됨.,SL 미러텍(시흥),KR,Lamp Systems,주간주행등,Daytime Running Lamp,SL-LMP-87150,2024-10-26,2024-11-01,2025-05-27,2025-06-04,2025-06-10,확정,치수불량,Dimensional Out-of-Spec,Minor,50,40.34,2017.0
CLM-001022,Ford,Ford Michigan Assembly,US,en,Foreign Material Contamination detected on Lower Control Arm (SL-CHS-59298). Identified at Ford Michigan Assembly.,SL 진량공장,KR,Chassis Systems,로어암,Lower Control Arm,SL-CHS-59298,2023-08-31,2023-09-08,2023-10-22,2023-10-25,2023-11-19,확정,이물혼입,Foreign Material Contamination,Major,500,17.25,11212.5
CLM-001023,BMW,BMW Spartanburg Plant,US,en,Material Defect detected on Fog Lamp (SL-LMP-63075). Identified at BMW Spartanburg Plant.,SL Alabama,US,Lamp Systems,안개등,Fog Lamp,SL-LMP-63075,2022-10-19,2022-10-24,2023-11-04,2023-11-13,2023-11-27,기각,소재불량,Material Defect,Major,200,34.02,7348.32
CLM-001024,KGM,KGM 평택공장,KR,ko,혼(SL-FEM-81660) 부품에서 조립불량 발생. KGM 평택공장에서 확인됨.,SL 대구공장,KR,Front End Module,혼,Horn,SL-FEM-81660,2022-11-06,2022-11-13,2023-02-03,2023-02-18,2023-03-14,보상완료,조립불량,Assembly Defect,Major,200,26.68,4855.76
CLM-001025,Stellantis,Stellantis Sterling Heights Assembly,US,en,Wiring & Electrical Defect detected on Sensor Module (SL-ELE-94983). Identified at Stellantis Sterling Heights Assembly.,북경삼립,CN,Electrification,센서모듈,Sensor Module,SL-ELE-94983,2023-04-11,2023-04-24,2023-09-24,2023-10-08,2023-11-12,기각,배선·전장불량,Wiring & Electrical Defect,Major,500,12.97,5447.4
CLM-001026,Kia,Kia India (Anantapur),IN,en,Wiring & Electrical Defect detected on Fog Lamp (SL-LMP-33467). Identified at Kia India (Anantapur).,SL Lumax (India),IN,Lamp Systems,안개등,Fog Lamp,SL-LMP-33467,2023-07-07,2023-07-22,2024-04-26,2024-05-04,2024-05-19,확정,배선·전장불량,Wiring & Electrical Defect,Critical,500,37.14,23583.9
CLM-001027,GM,GM Fort Wayne Assembly,US,en,Other detected on Radiator Support (SL-FEM-90010). Identified at GM Fort Wayne Assembly.,SL 안산공장,KR,Front End Module,라디에이터서포트,Radiator Support,SL-FEM-90010,2025-04-01,2025-04-16,2025-12-25,2025-12-31,,접수,기타,Other,Major,200,32.71,6869.1
CLM-001028,Ford,Ford Michigan Assembly,US,en,Wiring & Electrical Defect detected on Stabilizer Link (SL-CHS-85602). Identified at Ford Michigan Assembly.,SL 성서공장,KR,Chassis Systems,스태빌라이저링크,Stabilizer Link,SL-CHS-85602,2023-05-25,2023-05-29,2024-02-06,2024-02-19,2024-03-13,기각,배선·전장불량,Wiring & Electrical Defect,Minor,1,25.15,22.38
CLM-001029,BMW,BMW Munich Plant,DE,de,Material Defect bei Steering Knuckle (SL-CHS-59930) festgestellt. Erkannt bei BMW Munich Plant.,SL 진량공장,KR,Chassis Systems,너클,Steering Knuckle,SL-CHS-59930,2023-11-07,2023-11-24,2024-11-10,2024-11-20,,조사중,소재불량,Material Defect,Minor,3,21.23,68.15
CLM-001030,Ford,Ford-Werke Cologne,DE,de,Other bei Lower Control Arm (SL-CHS-78627) festgestellt. Erkannt bei Ford-Werke Cologne.,북경삼립,CN,Chassis Systems,로어암,Lower Control Arm,SL-CHS-78627,2024-07-08,2024-07-23,2025-03-16,2025-03-20,,조사중,기타,Other,Minor,8,18.13,133.44
CLM-001031,Subaru,Subaru Gunma Oizumi Plant,JP,ja,Side Repeater Mirror（SL-MIR-85051）にDesign Flawを検出。Subaru Gunma Oizumi Plantにて確認。,SL Alabama,US,Mirror Systems,사이드리피터미러,Side Repeater Mirror,SL-MIR-85051,2023-01-22,2023-02-06,2023-07-31,2023-08-03,2023-08-26,확정,설계결함,Design Flaw,Major,100,58.07,6736.12
CLM-001032,Subaru,Subaru of Indiana Automotive,US,en,Wiring & Electrical Defect detected on Bonnet Latch (SL-FEM-85424). Identified at Subaru of Indiana Automotive.,동풍삼립(우한),CN,Front End Module,본넷래치,Bonnet Latch,SL-FEM-85424,2023-05-15,2023-05-25,2023-12-18,2024-01-01,2024-01-25,기각,배선·전장불량,Wiring & Electrical Defect,Major,200,29.11,5763.78
CLM-001033,Kia,Kia India (Anantapur),IN,en,Foreign Material Contamination detected on Lower Control Arm (SL-CHS-94649). Identified at Kia India (Anantapur).,SL Lumax (India),IN,Chassis Systems,로어암,Lower Control Arm,SL-CHS-94649,2024-12-26,2025-01-06,2025-09-29,2025-10-06,2025-11-13,보상완료,이물혼입,Foreign Material Contamination,Minor,1,32.13,37.91
CLM-001034,Ford,Ford-Werke Cologne,DE,de,Functional Failure bei Tail Lamp (SL-LMP-50189) festgestellt. Erkannt bei Ford-Werke Cologne.,SL Alabama,US,Lamp Systems,후미등,Tail Lamp,SL-LMP-50189,2022-09-03,2022-09-22,2023-09-03,2023-09-17,2023-09-27,확정,기능불량,Functional Failure,Major,200,56.48,9262.72
CLM-001035,GM,GM Brazil Gravataí,BR,pt,Material Defect detectado em Head Lamp (SL-LMP-57739). Identificado na GM Brazil Gravataí.,SL Brazil,BR,Lamp Systems,전조등,Head Lamp,SL-LMP-57739,2023-08-05,2023-08-17,2024-03-06,2024-03-08,2024-04-09,확정,소재불량,Material Defect,Minor,12,78.79,850.93
CLM-001036,Hyundai,현대자동차 아산공장,KR,ko,범퍼빔(SL-FEM-41214) 부품에서 기타 발생. Hyundai 현대자동차 아산공장에서 확인됨.,SL 천안공장,KR,Front End Module,범퍼빔,Bumper Beam,SL-FEM-41214,2024-09-21,2024-10-04,2025-05-22,2025-05-23,,접수,기타,Other,Minor,8,33.72,234.69
CLM-001037,Honda,Honda Marysville Auto Plant,US,en,Functional Failure detected on Lower Control Arm (SL-CHS-69851). Identified at Honda Marysville Auto Plant.,SL Tennessee,US,Chassis Systems,로어암,Lower Control Arm,SL-CHS-69851,2024-03-25,2024-04-13,2025-02-23,2025-02-25,2025-04-02,기각,기능불량,Functional Failure,Minor,100,13.98,1635.66
CLM-001038,Hyundai,HMGMA (Hyundai Motor Group Metaplant America),US,en,Foreign Material Contamination detected on Side Repeater Mirror (SL-MIR-79046). Identified at HMGMA (Hyundai Motor Group Metaplant America).,SL Tennessee,US,Mirror Systems,사이드리피터미러,Side Repeater Mirror,SL-MIR-79046,2024-05-14,2024-05-22,2024-12-14,2024-12-29,,조사중,이물혼입,Foreign Material Contamination,Major,100,60.45,7254.0
CLM-001039,GM,GM Korea 부평공장,KR,ko,라디에이터서포트(SL-FEM-80636) 부품에서 이물혼입 발생. GM Korea 부평공장에서 확인됨.,SL Lumax (India),IN,Front End Module,라디에이터서포트,Radiator Support,SL-FEM-80636,2025-01-19,2025-01-31,2025-06-24,2025-07-08,2025-08-11,확정,이물혼입,Foreign Material Contamination,Minor,100,17.11,2001.87
CLM-001040,BMW,BMW Spartanburg Plant,US,en,Material Defect detected on Steering Knuckle (SL-CHS-90432). Identified at BMW Spartanburg Plant.,SL Brazil,BR,Chassis Systems,너클,Steering Knuckle,SL-CHS-90432,2024-04-23,2024-05-12,2024-08-12,2024-08-15,2024-09-26,확정,소재불량,Material Defect,Minor,2,38.81,78.4
CLM-001041,Kia,기아 광명공장,KR,ko,전조등(SL-LMP-30439) 부품에서 소재불량 발생. Kia 기아 광명공장에서 확인됨.,SL 진량공장,KR,Lamp Systems,전조등,Head Lamp,SL-LMP-30439,2024-03-03,2024-03-13,2024-09-20,2024-09-30,2024-10-17,기각,소재불량,Material Defect,Minor,5,33.52,207.82
CLM-001042,Honda,Honda Marysville Auto Plant,US,en,Dimensional Out-of-Spec detected on Tail Lamp (SL-LMP-10730). Identified at Honda Marysville Auto Plant.,동풍삼립(우한),CN,Lamp Systems,후미등,Tail Lamp,SL-LMP-10730,2024-04-15,2024-05-03,2024-10-25,2024-10-26,2024-12-08,확정,치수불량,Dimensional Out-of-Spec,Major,100,72.98,8319.72
CLM-001043,Kia,기아 광주공장,KR,ko,파워윈도우스위치(SL-ELE-60570) 부품에서 치수불량 발생. Kia 기아 광주공장에서 확인됨.,SL Lumax (India),IN,Electrification,파워윈도우스위치,Power Window Switch,SL-ELE-60570,2025-07-01,2025-07-19,2025-10-01,2025-10-15,2025-11-01,기각,치수불량,Dimensional Out-of-Spec,Major,50,50.45,3001.78
CLM-001044,Ford,Ford-Werke Cologne,DE,de,Wiring & Electrical Defect bei Inside Mirror (SL-MIR-77543) festgestellt. Erkannt bei Ford-Werke Cologne.,SL Poland,PL,Mirror Systems,룸미러,Inside Mirror,SL-MIR-77543,2023-05-23,2023-06-04,2023-12-10,2023-12-14,2023-12-21,보상완료,배선·전장불량,Wiring & Electrical Defect,Minor,5,60.27,268.2
CLM-001045,GM,GM Korea 부평공장,KR,ko,후미등(SL-LMP-36238) 부품에서 조립불량 발생. GM Korea 부평공장에서 확인됨.,SL Tennessee,US,Lamp Systems,후미등,Tail Lamp,SL-LMP-36238,2022-11-21,2022-11-24,2023-10-21,2023-11-01,2023-11-09,확정,조립불량,Assembly Defect,Minor,20,72.99,1810.15
CLM-001046,GM,GM Fort Wayne Assembly,US,en,Material Defect detected on Power Window Switch (SL-ELE-55220). Identified at GM Fort Wayne Assembly.,SL Tennessee,US,Electrification,파워윈도우스위치,Power Window Switch,SL-ELE-55220,2022-05-14,2022-05-22,2023-02-19,2023-03-04,2023-04-09,확정,소재불량,Material Defect,Critical,500,30.52,18159.4
CLM-001047,Honda,Honda Suzuka Factory,JP,ja,Stabilizer Link（SL-CHS-92278）にAssembly Defectを検出。Honda Suzuka Factoryにて確認。,SL 미러텍(시흥),KR,Chassis Systems,스태빌라이저링크,Stabilizer Link,SL-CHS-92278,2023-10-17,2023-10-24,2024-06-28,2024-07-05,2024-08-13,확정,조립불량,Assembly Defect,Minor,12,16.7,170.34
CLM-001048,Stellantis,Stellantis Toluca Assembly,MX,es,Se detectó Material Defect en Wiring Harness (SL-ELE-23402). Identificado en Stellantis Toluca Assembly.,호북삼립,CN,Electrification,와이어링하네스,Wiring Harness,SL-ELE-23402,2025-01-25,2025-02-14,2025-03-14,2025-03-28,2025-04-28,확정,소재불량,Material Defect,Major,500,31.09,12902.35
CLM-001049,Ford,Ford Michigan Assembly,US,en,Material Defect detected on Fog Lamp (SL-LMP-33827). Identified at Ford Michigan Assembly.,SL Tennessee,US,Lamp Systems,안개등,Fog Lamp,SL-LMP-33827,2023-09-22,2023-10-01,2023-12-20,2024-01-01,2024-01-14,확정,소재불량,Material Defect,Minor,20,76.96,1739.3
CLM-001050,BMW,BMW Spartanburg Plant,US,en,Surface & Plating Defect detected on Inside Mirror (SL-MIR-95631). Identified at BMW Spartanburg Plant.,SL Tennessee,US,Mirror Systems,룸미러,Inside Mirror,SL-MIR-95631,2024-01-10,2024-01-20,2025-01-14,2025-01-27,2025-03-05,확정,표면·도금불량,Surface & Plating Defect,Minor,12,47.8,544.92
CLM-001051,Kia,Kia Georgia Plant,US,en,Crack & Breakage detected on Bonnet Latch (SL-FEM-31176). Identified at Kia Georgia Plant.,SL Mexico (SLP),MX,Front End Module,본넷래치,Bonnet Latch,SL-FEM-31176,2024-10-08,2024-10-18,2025-03-16,2025-03-17,2025-04-05,확정,크랙·파손,Crack & Breakage,Major,200,29.89,7113.82
CLM-001052,BMW,BMW Leipzig Plant,DE,de,Assembly Defect bei Power Window Switch (SL-ELE-10352) festgestellt. Erkannt bei BMW Leipzig Plant.,SL 성서공장,KR,Electrification,파워윈도우스위치,Power Window Switch,SL-ELE-10352,2023-03-23,2023-03-31,2024-01-18,2024-01-26,,조사중,조립불량,Assembly Defect,Minor,12,21.09,316.35
CLM-001053,GM,SAIC-GM Shanghai,CN,zh,在Inside Mirror（SL-MIR-52844）上发现Design Flaw。由SAIC-GM Shanghai确认。,SL 천안공장,KR,Mirror Systems,룸미러,Inside Mirror,SL-MIR-52844,2022-11-28,2022-12-18,2023-10-11,2023-10-26,2023-11-06,확정,설계결함,Design Flaw,Minor,1,60.62,71.53
CLM-001054,Hyundai,HMMA (Hyundai Motor Manufacturing Alabama),US,en,Wiring & Electrical Defect detected on Outside Mirror (SL-MIR-15828). Identified at HMMA (Hyundai Motor Manufacturing Alabama).,SL Tennessee,US,Mirror Systems,아웃사이드미러,Outside Mirror,SL-MIR-15828,2023-05-14,2023-06-03,2024-06-27,2024-07-05,2024-08-06,기각,배선·전장불량,Wiring & Electrical Defect,Major,100,45.3,4892.4
CLM-001055,Kia,기아 광명공장,KR,ko,센서모듈(SL-ELE-34203) 부품에서 표면·도금불량 발생. Kia 기아 광명공장에서 확인됨.,SL 미러텍(시흥),KR,Electrification,센서모듈,Sensor Module,SL-ELE-34203,2023-05-18,2023-06-07,2024-04-29,2024-05-06,2024-05-11,보상완료,표면·도금불량,Surface & Plating Defect,Minor,1,22.52,21.39
CLM-001056,Subaru,Subaru of Indiana Automotive,US,en,Assembly Defect detected on Daytime Running Lamp (SL-LMP-18704). Identified at Subaru of Indiana Automotive.,동풍삼립(우한),CN,Lamp Systems,주간주행등,Daytime Running Lamp,SL-LMP-18704,2024-09-09,2024-09-18,2024-12-11,2024-12-25,2025-01-02,기각,조립불량,Assembly Defect,Minor,3,66.79,176.33
CLM-001057,Subaru,Subaru Gunma Oizumi Plant,JP,ja,Inside Mirror（SL-MIR-46331）にOtherを検出。Subaru Gunma Oizumi Plantにて確認。,동풍삼립(우한),CN,Mirror Systems,룸미러,Inside Mirror,SL-MIR-46331,2025-08-02,2025-08-06,2025-11-13,2025-11-23,2025-11-26,확정,기타,Other,Minor,20,69.61,1169.45
CLM-001058,Ford,Changan Ford Chongqing,CN,zh,在Bumper Beam（SL-FEM-93006）上发现Functional Failure。由Changan Ford Chongqing确认。,SL 옌타이,CN,Front End Module,범퍼빔,Bumper Beam,SL-FEM-93006,2022-10-20,2022-10-27,2023-11-06,2023-11-08,2023-11-18,확정,기능불량,Functional Failure,Minor,20,20.6,465.56
CLM-001059,Hyundai,Beijing Hyundai Motor (BHMC),CN,zh,在Head Lamp（SL-LMP-60145）上发现Other。由Beijing Hyundai Motor (BHMC)确认。,SL 안산공장,KR,Lamp Systems,전조등,Head Lamp,SL-LMP-60145,2025-02-02,2025-02-09,2025-04-04,2025-04-19,2025-04-29,확정,기타,Other,Minor,1,54.02,62.66
CLM-001060,BMW,BMW Brilliance Shenyang,CN,zh,在Wiring Harness（SL-ELE-14852）上发现Wiring & Electrical Defect。由BMW Brilliance Shenyang确认。,SL Tennessee,US,Electrification,와이어링하네스,Wiring Harness,SL-ELE-14852,2023-10-27,2023-11-05,2024-08-24,2024-08-31,2024-09-16,확정,배선·전장불량,Wiring & Electrical Defect,Minor,1,39.72,40.91
CLM-001061,Honda,Honda Suzuka Factory,JP,ja,Inside Mirror（SL-MIR-33086）にWiring & Electrical Defectを検出。Honda Suzuka Factoryにて確認。,SL 천안공장,KR,Mirror Systems,룸미러,Inside Mirror,SL-MIR-33086,2023-05-27,2023-06-08,2023-07-25,2023-07-26,2023-08-23,보상완료,배선·전장불량,Wiring & Electrical Defect,Minor,3,66.1,243.91
CLM-001062,GM,GM Spring Hill Assembly,US,en,Dimensional Out-of-Spec detected on Sensor Module (SL-ELE-59227). Identified at GM Spring Hill Assembly.,SL 성서공장,KR,Electrification,센서모듈,Sensor Module,SL-ELE-59227,2023-09-03,2023-09-12,2023-09-21,2023-10-03,2023-10-28,보상완료,치수불량,Dimensional Out-of-Spec,Minor,2,46.47,108.74
CLM-001063,Hyundai,현대자동차 아산공장,KR,ko,사이드리피터미러(SL-MIR-86475) 부품에서 설계결함 발생. Hyundai 현대자동차 아산공장에서 확인됨.,상해삼립,CN,Mirror Systems,사이드리피터미러,Side Repeater Mirror,SL-MIR-86475,2025-09-28,2025-10-04,2025-10-13,2025-10-17,2025-10-27,보상완료,설계결함,Design Flaw,Minor,8,29.54,300.13
CLM-001064,GM,SAIC-GM Shanghai,CN,zh,在Outside Mirror（SL-MIR-43994）上发现Functional Failure。由SAIC-GM Shanghai确认。,SL 옌타이,CN,Mirror Systems,아웃사이드미러,Outside Mirror,SL-MIR-43994,2022-05-11,2022-05-18,2023-06-03,2023-06-04,,조사중,기능불량,Functional Failure,Minor,1,41.12,40.3
CLM-001065,Hyundai,현대자동차 아산공장,KR,ko,사이드리피터미러(SL-MIR-91189) 부품에서 조립불량 발생. Hyundai 현대자동차 아산공장에서 확인됨.,SL 진량공장,KR,Mirror Systems,사이드리피터미러,Side Repeater Mirror,SL-MIR-91189,2022-09-16,2022-09-21,2023-05-06,2023-05-13,2023-06-22,확정,조립불량,Assembly Defect,Minor,20,31.41,540.25
CLM-001066,Kia,기아 화성공장,KR,ko,후미등(SL-LMP-47415) 부품에서 이물혼입 발생. Kia 기아 화성공장에서 확인됨.,SL 대구공장,KR,Lamp Systems,후미등,Tail Lamp,SL-LMP-47415,2022-10-27,2022-10-31,2023-03-08,2023-03-10,,접수,이물혼입,Foreign Material Contamination,Minor,20,87.18,1883.09
CLM-001067,Ford,Changan Ford Chongqing,CN,zh,在Fog Lamp（SL-LMP-68040）上发现Crack & Breakage。由Changan Ford Chongqing确认。,호북삼립,CN,Lamp Systems,안개등,Fog Lamp,SL-LMP-68040,2024-05-24,2024-06-05,2024-12-13,2024-12-20,2025-01-07,보상완료,크랙·파손,Crack & Breakage,Major,50,79.7,3466.95
CLM-001068,Stellantis,Stellantis Sterling Heights Assembly,US,en,Dimensional Out-of-Spec detected on Actuator Motor (SL-ELE-25533). Identified at Stellantis Sterling Heights Assembly.,SL Tennessee,US,Electrification,액추에이터모터,Actuator Motor,SL-ELE-25533,2025-09-13,2025-09-17,2025-11-19,2025-11-23,,접수,치수불량,Dimensional Out-of-Spec,Minor,100,20.34,2074.68
CLM-001069,Kia,기아 화성공장,KR,ko,리어콤비램프(SL-LMP-11720) 부품에서 기타 발생. Kia 기아 화성공장에서 확인됨.,SL 성서공장,KR,Lamp Systems,리어콤비램프,Rear Combination Lamp,SL-LMP-11720,2025-09-21,2025-10-05,2025-11-24,2025-12-02,,접수,기타,Other,Minor,1,81.45,69.23
CLM-001070,Kia,기아 화성공장,KR,ko,주간주행등(SL-LMP-69370) 부품에서 소재불량 발생. Kia 기아 화성공장에서 확인됨.,SL 성서공장,KR,Lamp Systems,주간주행등,Daytime Running Lamp,SL-LMP-69370,2023-03-19,2023-03-23,2023-07-28,2023-08-05,2023-08-29,기각,소재불량,Material Defect,Minor,1,77.84,73.17
CLM-001071,KGM,KGM 평택공장,KR,ko,아웃사이드미러(SL-MIR-35762) 부품에서 이물혼입 발생. KGM 평택공장에서 확인됨.,SL 천안공장,KR,Mirror Systems,아웃사이드미러,Outside Mirror,SL-MIR-35762,2023-01-26,2023-02-11,2023-02-20,2023-02-23,2023-03-31,확정,이물혼입,Foreign Material Contamination,Minor,50,41.3,2085.65
CLM-001072,Kia,기아 화성공장,KR,ko,사이드리피터미러(SL-MIR-36262) 부품에서 치수불량 발생. Kia 기아 화성공장에서 확인됨.,SL 안산공장,KR,Mirror Systems,사이드리피터미러,Side Repeater Mirror,SL-MIR-36262,2024-12-27,2025-01-13,2025-04-04,2025-04-19,2025-05-19,확정,치수불량,Dimensional Out-of-Spec,Minor,20,61.16,1027.49
CLM-001073,BMW,BMW Munich Plant,DE,de,Foreign Material Contamination bei Head Lamp (SL-LMP-17547) festgestellt. Erkannt bei BMW Munich Plant.,SL Poland,PL,Lamp Systems,전조등,Head Lamp,SL-LMP-17547,2023-11-18,2023-12-04,2024-06-28,2024-07-05,,조사중,이물혼입,Foreign Material Contamination,Critical,500,63.31,37352.9
CLM-001074,Stellantis,Stellantis Toledo Assembly,US,en,Material Defect detected on Fog Lamp (SL-LMP-14895). Identified at Stellantis Toledo Assembly.,SL Alabama,US,Lamp Systems,안개등,Fog Lamp,SL-LMP-14895,2022-01-11,2022-01-22,2023-02-10,2023-02-20,2023-03-30,확정,소재불량,Material Defect,Critical,200,74.22,18258.12
CLM-001075,BMW,BMW Spartanburg Plant,US,en,Other detected on Fog Lamp (SL-LMP-32560). Identified at BMW Spartanburg Plant.,SL Tennessee,US,Lamp Systems,안개등,Fog Lamp,SL-LMP-32560,2022-10-29,2022-11-17,2023-03-28,2023-03-29,2023-04-20,보상완료,기타,Other,Major,50,85.4,4270.0
CLM-001076,BMW,BMW Brilliance Shenyang,CN,zh,在Radiator Support（SL-FEM-99804）上发现Material Defect。由BMW Brilliance Shenyang确认。,SL 옌타이,CN,Front End Module,라디에이터서포트,Radiator Support,SL-FEM-99804,2023-01-19,2023-02-03,2023-09-04,2023-09-14,2023-10-05,확정,소재불량,Material Defect,Minor,20,32.52,832.51
CLM-001077,Hyundai,HMGMA (Hyundai Motor Group Metaplant America),US,en,Other detected on Horn (SL-FEM-42537). Identified at HMGMA (Hyundai Motor Group Metaplant America).,SL Alabama,US,Front End Module,혼,Horn,SL-FEM-42537,2024-01-10,2024-01-23,2024-04-22,2024-04-29,2024-06-03,확정,기타,Other,Major,200,15.81,3414.96
CLM-001078,Hyundai,Beijing Hyundai Motor (BHMC),CN,zh,在Lower Control Arm（SL-CHS-66464）上发现Functional Failure。由Beijing Hyundai Motor (BHMC)确认。,북경삼립,CN,Chassis Systems,로어암,Lower Control Arm,SL-CHS-66464,2023-09-20,2023-09-29,2023-10-13,2023-10-21,,조사중,기능불량,Functional Failure,Major,100,39.86,3388.1
CLM-001079,Kia,기아 광명공장,KR,ko,로어암(SL-CHS-81532) 부품에서 기타 발생. Kia 기아 광명공장에서 확인됨.,SL 미러텍(시흥),KR,Chassis Systems,로어암,Lower Control Arm,SL-CHS-81532,2023-02-06,2023-02-20,2023-06-21,2023-07-02,2023-08-13,기각,기타,Other,Major,100,31.65,3924.6
CLM-001080,Stellantis,Stellantis Sterling Heights Assembly,US,en,Material Defect detected on Daytime Running Lamp (SL-LMP-12937). Identified at Stellantis Sterling Heights Assembly.,SL 천안공장,KR,Lamp Systems,주간주행등,Daytime Running Lamp,SL-LMP-12937,2024-11-29,2024-12-11,2025-10-28,2025-11-12,2025-11-16,기각,소재불량,Material Defect,Major,100,85.32,10665.0
CLM-001081,Kia,기아 광명공장,KR,ko,스태빌라이저링크(SL-CHS-77258) 부품에서 배선·전장불량 발생. Kia 기아 광명공장에서 확인됨.,SL 천안공장,KR,Chassis Systems,스태빌라이저링크,Stabilizer Link,SL-CHS-77258,2023-06-17,2023-07-04,2024-04-22,2024-05-01,2024-05-04,확정,배선·전장불량,Wiring & Electrical Defect,Minor,3,14.04,34.12
CLM-001082,GM,GM Fort Wayne Assembly,US,en,Material Defect detected on Outside Mirror (SL-MIR-59840). Identified at GM Fort Wayne Assembly.,SL Tennessee,US,Mirror Systems,아웃사이드미러,Outside Mirror,SL-MIR-59840,2023-01-06,2023-01-21,2023-06-24,2023-06-26,2023-08-10,보상완료,소재불량,Material Defect,Minor,3,45.54,143.45
CLM-001083,Stellantis,Stellantis Sterling Heights Assembly,US,en,Assembly Defect detected on Wiring Harness (SL-ELE-70733). Identified at Stellantis Sterling Heights Assembly.,SL Brazil,BR,Electrification,와이어링하네스,Wiring Harness,SL-ELE-70733,2024-05-03,2024-05-21,2025-03-14,2025-03-25,2025-04-14,기각,조립불량,Assembly Defect,Major,200,25.96,6022.72
CLM-001084,Kia,기아 화성공장,KR,ko,안개등(SL-LMP-65987) 부품에서 크랙·파손 발생. Kia 기아 화성공장에서 확인됨.,SL Brazil,BR,Lamp Systems,안개등,Fog Lamp,SL-LMP-65987,2022-07-01,2022-07-21,2023-04-01,2023-04-12,2023-05-16,확정,크랙·파손,Crack & Breakage,Critical,500,83.09,47776.75
CLM-001085,GM,GM Spring Hill Assembly,US,en,Other detected on Daytime Running Lamp (SL-LMP-86157). Identified at GM Spring Hill Assembly.,상해삼립,CN,Lamp Systems,주간주행등,Daytime Running Lamp,SL-LMP-86157,2024-12-10,2024-12-22,2025-03-26,2025-04-06,,조사중,기타,Other,Minor,20,70.63,1327.84
CLM-001086,BMW,BMW Brilliance Shenyang,CN,zh,在Bumper Beam（SL-FEM-44818）上发现Assembly Defect。由BMW Brilliance Shenyang确认。,호북삼립,CN,Front End Module,범퍼빔,Bumper Beam,SL-FEM-44818,2024-10-15,2024-10-27,2025-07-16,2025-07-19,,조사중,조립불량,Assembly Defect,Minor,3,23.14,59.01
CLM-001087,Hyundai,HMMA (Hyundai Motor Manufacturing Alabama),US,en,Crack & Breakage detected on Stabilizer Link (SL-CHS-81658). Identified at HMMA (Hyundai Motor Manufacturing Alabama).,SL Alabama,US,Chassis Systems,스태빌라이저링크,Stabilizer Link,SL-CHS-81658,2023-08-25,2023-09-13,2023-09-14,2023-09-24,2023-10-11,보상완료,크랙·파손,Crack & Breakage,Minor,100,25.2,2898.0
CLM-001088,Kia,기아 화성공장,KR,ko,너클(SL-CHS-72852) 부품에서 치수불량 발생. Kia 기아 화성공장에서 확인됨.,SL 성서공장,KR,Chassis Systems,너클,Steering Knuckle,SL-CHS-72852,2022-09-27,2022-10-16,2023-11-06,2023-11-14,2023-11-21,기각,치수불량,Dimensional Out-of-Spec,Minor,1,32.57,27.03
CLM-001089,Kia,기아 광명공장,KR,ko,와이어링하네스(SL-ELE-56890) 부품에서 치수불량 발생. Kia 기아 광명공장에서 확인됨.,SL 천안공장,KR,Electrification,와이어링하네스,Wiring Harness,SL-ELE-56890,2023-08-02,2023-08-18,2023-12-01,2023-12-03,2024-01-05,확정,치수불량,Dimensional Out-of-Spec,Minor,1,25.38,32.74
CLM-001090,Hyundai,HMMA (Hyundai Motor Manufacturing Alabama),US,en,Crack & Breakage detected on Stabilizer Link (SL-CHS-12874). Identified at HMMA (Hyundai Motor Manufacturing Alabama).,SL Alabama,US,Chassis Systems,스태빌라이저링크,Stabilizer Link,SL-CHS-12874,2023-05-24,2023-06-04,2023-12-06,2023-12-19,2023-12-31,확정,크랙·파손,Crack & Breakage,Minor,2,32.34,65.33
CLM-001091,BMW,BMW Munich Plant,DE,de,Wiring & Electrical Defect bei Power Window Switch (SL-ELE-62699) festgestellt. Erkannt bei BMW Munich Plant.,SL 진량공장,KR,Electrification,파워윈도우스위치,Power Window Switch,SL-ELE-62699,2022-08-24,2022-09-11,2023-05-10,2023-05-25,2023-06-01,보상완료,배선·전장불량,Wiring & Electrical Defect,Minor,3,41.51,136.98
CLM-001092,GM,SAIC-GM Shanghai,CN,zh,在Bonnet Latch（SL-FEM-22700）上发现Surface & Plating Defect。由SAIC-GM Shanghai确认。,상해삼립,CN,Front End Module,본넷래치,Bonnet Latch,SL-FEM-22700,2024-05-13,2024-05-30,2024-07-10,2024-07-15,2024-07-24,확정,표면·도금불량,Surface & Plating Defect,Minor,12,24.81,375.13
CLM-001093,BMW,BMW Spartanburg Plant,US,en,Foreign Material Contamination detected on Power Window Switch (SL-ELE-50844). Identified at BMW Spartanburg Plant.,SL Alabama,US,Electrification,파워윈도우스위치,Power Window Switch,SL-ELE-50844,2025-04-09,2025-04-21,2025-11-03,2025-11-15,2025-11-23,기각,이물혼입,Foreign Material Contamination,Minor,12,36.48,564.71
CLM-001094,Stellantis,Stellantis Toledo Assembly,US,en,Material Defect detected on Daytime Running Lamp (SL-LMP-57358). Identified at Stellantis Toledo Assembly.,SL Tennessee,US,Lamp Systems,주간주행등,Daytime Running Lamp,SL-LMP-57358,2023-05-13,2023-05-28,2024-05-19,2024-06-03,2024-06-28,기각,소재불량,Material Defect,Minor,2,55.84,112.8
CLM-001095,Ford,Ford Michigan Assembly,US,en,Foreign Material Contamination detected on Inside Mirror (SL-MIR-51207). Identified at Ford Michigan Assembly.,호북삼립,CN,Mirror Systems,룸미러,Inside Mirror,SL-MIR-51207,2023-10-19,2023-10-26,2024-05-24,2024-05-26,2024-06-14,확정,이물혼입,Foreign Material Contamination,Minor,12,49.97,593.64
CLM-001096,Hyundai,현대자동차 울산공장,KR,ko,스태빌라이저링크(SL-CHS-86069) 부품에서 크랙·파손 발생. Hyundai 현대자동차 울산공장에서 확인됨.,SL 대구공장,KR,Chassis Systems,스태빌라이저링크,Stabilizer Link,SL-CHS-86069,2024-02-21,2024-02-25,2024-05-27,2024-06-01,2024-06-28,보상완료,크랙·파손,Crack & Breakage,Major,100,32.24,3288.48
CLM-001097,Kia,기아 광주공장,KR,ko,아웃사이드미러(SL-MIR-50729) 부품에서 배선·전장불량 발생. Kia 기아 광주공장에서 확인됨.,북경삼립,CN,Mirror Systems,아웃사이드미러,Outside Mirror,SL-MIR-50729,2024-02-18,2024-03-03,2024-10-06,2024-10-14,2024-11-07,보상완료,배선·전장불량,Wiring & Electrical Defect,Minor,1,48.56,57.79
CLM-001098,Kia,기아 광주공장,KR,ko,액추에이터모터(SL-ELE-65725) 부품에서 설계결함 발생. Kia 기아 광주공장에서 확인됨.,SL Tennessee,US,Electrification,액추에이터모터,Actuator Motor,SL-ELE-65725,2023-05-09,2023-05-23,2023-09-25,2023-09-30,2023-10-27,보상완료,설계결함,Design Flaw,Major,500,18.29,9236.45
CLM-001099,Ford,Ford Kentucky Truck Plant,US,en,Design Flaw detected on Outside Mirror (SL-MIR-11200). Identified at Ford Kentucky Truck Plant.,SL Alabama,US,Mirror Systems,아웃사이드미러,Outside Mirror,SL-MIR-11200,2025-02-19,2025-02-27,2025-05-21,2025-05-23,2025-06-13,확정,설계결함,Design Flaw,Minor,50,41.41,2567.42
CLM-001100,Ford,Changan Ford Chongqing,CN,zh,在Actuator Motor（SL-ELE-61136）上发现Material Defect。由Changan Ford Chongqing确认。,동풍삼립(우한),CN,Electrification,액추에이터모터,Actuator Motor,SL-ELE-61136,2022-12-29,2023-01-03,2023-02-26,2023-03-01,2023-03-10,확정,소재불량,Material Defect,Minor,12,50.98,752.46
CLM-001101,Stellantis,Stellantis Sterling Heights Assembly,US,en,Wiring & Electrical Defect detected on Rear Combination Lamp (SL-LMP-11967). Identified at Stellantis Sterling Heights Assembly.,SL Tennessee,US,Lamp Systems,리어콤비램프,Rear Combination Lamp,SL-LMP-11967,2022-11-21,2022-12-10,2023-08-10,2023-08-17,2023-09-20,확정,배선·전장불량,Wiring & Electrical Defect,Minor,3,37.73,95.08
CLM-001102,GM,GM Spring Hill Assembly,US,en,Material Defect detected on Bonnet Latch (SL-FEM-63549). Identified at GM Spring Hill Assembly.,SL Alabama,US,Front End Module,본넷래치,Bonnet Latch,SL-FEM-63549,2024-03-13,2024-03-29,2024-06-22,2024-06-24,,조사중,소재불량,Material Defect,Minor,3,9.44,30.02
CLM-001103,Kia,Kia Georgia Plant,US,en,Design Flaw detected on Power Window Switch (SL-ELE-79768). Identified at Kia Georgia Plant.,SL Alabama,US,Electrification,파워윈도우스위치,Power Window Switch,SL-ELE-79768,2022-07-26,2022-08-15,2023-04-09,2023-04-15,2023-05-28,보상완료,설계결함,Design Flaw,Minor,12,54.25,826.77
CLM-001104,Hyundai,현대자동차 아산공장,KR,ko,너클(SL-CHS-57451) 부품에서 크랙·파손 발생. Hyundai 현대자동차 아산공장에서 확인됨.,SL 성서공장,KR,Chassis Systems,너클,Steering Knuckle,SL-CHS-57451,2024-06-04,2024-06-08,2024-07-03,2024-07-14,2024-08-02,보상완료,크랙·파손,Crack & Breakage,Major,500,24.13,13633.45
CLM-001105,Kia,기아 광명공장,KR,ko,후미등(SL-LMP-35368) 부품에서 기능불량 발생. Kia 기아 광명공장에서 확인됨.,SL 안산공장,KR,Lamp Systems,후미등,Tail Lamp,SL-LMP-35368,2022-10-25,2022-11-11,2023-11-12,2023-11-17,2023-12-29,보상완료,기능불량,Functional Failure,Critical,500,86.11,50374.35
CLM-001106,KGM,KGM 평택공장,KR,ko,사이드리피터미러(SL-MIR-48465) 부품에서 배선·전장불량 발생. KGM 평택공장에서 확인됨.,SL 대구공장,KR,Mirror Systems,사이드리피터미러,Side Repeater Mirror,SL-MIR-48465,2023-03-23,2023-03-31,2023-12-07,2023-12-08,2024-01-15,확정,배선·전장불량,Wiring & Electrical Defect,Minor,20,54.25,1312.85
CLM-001107,Honda,Honda Suzuka Factory,JP,ja,Rear Combination Lamp（SL-LMP-60728）にAssembly Defectを検出。Honda Suzuka Factoryにて確認。,SL 대구공장,KR,Lamp Systems,리어콤비램프,Rear Combination Lamp,SL-LMP-60728,2024-04-17,2024-04-28,2024-05-20,2024-05-26,2024-06-10,기각,조립불량,Assembly Defect,Minor,20,64.58,1549.92
CLM-001108,Kia,Kia India (Anantapur),IN,en,Material Defect detected on Wiring Harness (SL-ELE-53387). Identified at Kia India (Anantapur).,SL Lumax (India),IN,Electrification,와이어링하네스,Wiring Harness,SL-ELE-53387,2023-11-07,2023-11-10,2024-04-15,2024-04-16,2024-05-29,보상완료,소재불량,Material Defect,Minor,100,13.11,1625.64
CLM-001109,GM,SAIC-GM Shanghai,CN,zh,在Lower Control Arm（SL-CHS-46549）上发现Wiring & Electrical Defect。由SAIC-GM Shanghai确认。,상해삼립,CN,Chassis Systems,로어암,Lower Control Arm,SL-CHS-46549,2024-01-11,2024-01-25,2024-06-04,2024-06-09,2024-06-15,확정,배선·전장불량,Wiring & Electrical Defect,Minor,5,39.04,242.05
CLM-001110,Ford,Changan Ford Chongqing,CN,zh,在Actuator Motor（SL-ELE-12040）上发现Wiring & Electrical Defect。由Changan Ford Chongqing确认。,상해삼립,CN,Electrification,액추에이터모터,Actuator Motor,SL-ELE-12040,2024-06-10,2024-06-16,2024-10-18,2024-10-21,2024-11-25,확정,배선·전장불량,Wiring & Electrical Defect,Major,500,21.5,11502.5
CLM-001111,Kia,Kia India (Anantapur),IN,en,Functional Failure detected on Actuator Motor (SL-ELE-50117). Identified at Kia India (Anantapur).,SL Lumax (India),IN,Electrification,액추에이터모터,Actuator Motor,SL-ELE-50117,2024-01-26,2024-02-02,2024-10-06,2024-10-20,2024-11-09,확정,기능불량,Functional Failure,Major,500,16.19,8014.05
CLM-001112,Hyundai,현대자동차 울산공장,KR,ko,로어암(SL-CHS-45101) 부품에서 설계결함 발생. Hyundai 현대자동차 울산공장에서 확인됨.,호북삼립,CN,Chassis Systems,로어암,Lower Control Arm,SL-CHS-45101,2023-05-26,2023-06-15,2023-09-28,2023-10-09,2023-11-09,확정,설계결함,Design Flaw,Minor,100,19.77,2135.16
CLM-001113,Hyundai,현대자동차 울산공장,KR,ko,주간주행등(SL-LMP-30593) 부품에서 기타 발생. Hyundai 현대자동차 울산공장에서 확인됨.,SL Poland,PL,Lamp Systems,주간주행등,Daytime Running Lamp,SL-LMP-30593,2023-11-19,2023-12-08,2024-03-06,2024-03-20,2024-03-26,확정,기타,Other,Major,100,85.07,7486.16
CLM-001114,Hyundai,현대자동차 울산공장,KR,ko,전조등(SL-LMP-18261) 부품에서 조립불량 발생. Hyundai 현대자동차 울산공장에서 확인됨.,SL 대구공장,KR,Lamp Systems,전조등,Head Lamp,SL-LMP-18261,2025-05-04,2025-05-21,2025-12-05,2025-12-12,,조사중,조립불량,Assembly Defect,Minor,1,58.02,64.98
CLM-001115,BMW,BMW Brilliance Shenyang,CN,zh,在Rear Combination Lamp（SL-LMP-20959）上发现Assembly Defect。由BMW Brilliance Shenyang确认。,SL 천안공장,KR,Lamp Systems,리어콤비램프,Rear Combination Lamp,SL-LMP-20959,2024-05-09,2024-05-23,2024-08-28,2024-09-04,2024-09-25,보상완료,조립불량,Assembly Defect,Minor,5,83.35,391.75
CLM-001116,Kia,기아 광명공장,KR,ko,액추에이터모터(SL-ELE-73253) 부품에서 이물혼입 발생. Kia 기아 광명공장에서 확인됨.,SL 성서공장,KR,Electrification,액추에이터모터,Actuator Motor,SL-ELE-73253,2023-11-26,2023-12-16,2024-07-19,2024-07-30,,조사중,이물혼입,Foreign Material Contamination,Minor,8,28.39,292.98
CLM-001117,Kia,기아 화성공장,KR,ko,주간주행등(SL-LMP-62989) 부품에서 기타 발생. Kia 기아 화성공장에서 확인됨.,SL 미러텍(시흥),KR,Lamp Systems,주간주행등,Daytime Running Lamp,SL-LMP-62989,2023-12-24,2024-01-07,2024-01-09,2024-01-23,2024-02-16,보상완료,기타,Other,Minor,20,53.44,897.79
CLM-001118,Hyundai,현대자동차 울산공장,KR,ko,로어암(SL-CHS-19676) 부품에서 소재불량 발생. Hyundai 현대자동차 울산공장에서 확인됨.,SL 천안공장,KR,Chassis Systems,로어암,Lower Control Arm,SL-CHS-19676,2022-02-14,2022-03-01,2023-01-27,2023-02-11,2023-02-19,확정,소재불량,Material Defect,Minor,5,44.56,178.24
CLM-001119,GM,GM Spring Hill Assembly,US,en,Wiring & Electrical Defect detected on Rear Combination Lamp (SL-LMP-90632). Identified at GM Spring Hill Assembly.,SL Alabama,US,Lamp Systems,리어콤비램프,Rear Combination Lamp,SL-LMP-90632,2022-07-06,2022-07-26,2023-01-31,2023-02-13,2023-03-14,확정,배선·전장불량,Wiring & Electrical Defect,Minor,5,44.12,191.92
CLM-001120,GM,SAIC-GM Shanghai,CN,zh,在Radiator Support（SL-FEM-12021）上发现Wiring & Electrical Defect。由SAIC-GM Shanghai确认。,SL 옌타이,CN,Front End Module,라디에이터서포트,Radiator Support,SL-FEM-12021,2025-07-30,2025-08-19,2025-12-17,2025-12-24,,접수,배선·전장불량,Wiring & Electrical Defect,Major,500,23.28,12105.6
CLM-001121,KGM,KGM 평택공장,KR,ko,로어암(SL-CHS-58627) 부품에서 기능불량 발생. KGM 평택공장에서 확인됨.,SL 안산공장,KR,Chassis Systems,로어암,Lower Control Arm,SL-CHS-58627,2025-02-10,2025-02-24,2025-05-28,2025-06-05,2025-07-14,보상완료,기능불량,Functional Failure,Minor,20,12.77,280.94
CLM-001122,Hyundai,현대자동차 울산공장,KR,ko,와이어링하네스(SL-ELE-59825) 부품에서 이물혼입 발생. Hyundai 현대자동차 울산공장에서 확인됨.,SL 천안공장,KR,Electrification,와이어링하네스,Wiring Harness,SL-ELE-59825,2022-08-24,2022-08-29,2023-01-31,2023-02-09,2023-03-20,보상완료,이물혼입,Foreign Material Contamination,Minor,3,52.33,186.82
CLM-001123,Kia,Kia India (Anantapur),IN,en,Design Flaw detected on Radiator Support (SL-FEM-48114). Identified at Kia India (Anantapur).,SL Lumax (India),IN,Front End Module,라디에이터서포트,Radiator Support,SL-FEM-48114,2022-07-18,2022-07-25,2023-07-04,2023-07-12,2023-08-22,확정,설계결함,Design Flaw,Minor,2,10.61,24.19
CLM-001124,Stellantis,Stellantis Toluca Assembly,MX,es,Se detectó Wiring & Electrical Defect en Inside Mirror (SL-MIR-44900). Identificado en Stellantis Toluca Assembly.,SL Mexico (SLP),MX,Mirror Systems,룸미러,Inside Mirror,SL-MIR-44900,2023-09-29,2023-10-06,2023-12-29,2024-01-08,2024-02-01,보상완료,배선·전장불량,Wiring & Electrical Defect,Major,200,23.72,3937.52
CLM-001125,Ford,Ford-Werke Cologne,DE,de,Foreign Material Contamination bei Lower Control Arm (SL-CHS-23793) festgestellt. Erkannt bei Ford-Werke Cologne.,상해삼립,CN,Chassis Systems,로어암,Lower Control Arm,SL-CHS-23793,2023-12-15,2023-12-27,2024-12-10,2024-12-16,2024-12-21,확정,이물혼입,Foreign Material Contamination,Minor,20,37.72,648.78
CLM-001126,Stellantis,Stellantis Toledo Assembly,US,en,Dimensional Out-of-Spec detected on Rear Combination Lamp (SL-LMP-12367). Identified at Stellantis Toledo Assembly.,SL Alabama,US,Lamp Systems,리어콤비램프,Rear Combination Lamp,SL-LMP-12367,2023-02-23,2023-03-10,2023-04-12,2023-04-16,2023-05-10,보상완료,치수불량,Dimensional Out-of-Spec,Minor,8,86.79,715.15
CLM-001127,Hyundai,현대자동차 아산공장,KR,ko,와이어링하네스(SL-ELE-83399) 부품에서 기능불량 발생. Hyundai 현대자동차 아산공장에서 확인됨.,SL 대구공장,KR,Electrification,와이어링하네스,Wiring Harness,SL-ELE-83399,2023-10-18,2023-10-29,2024-11-02,2024-11-03,,조사중,기능불량,Functional Failure,Major,100,39.34,4956.84
CLM-001128,GM,GM Korea 창원공장,KR,ko,후미등(SL-LMP-65008) 부품에서 조립불량 발생. GM Korea 창원공장에서 확인됨.,SL 대구공장,KR,Lamp Systems,후미등,Tail Lamp,SL-LMP-65008,2022-10-21,2022-11-10,2023-05-29,2023-06-13,2023-07-09,보상완료,조립불량,Assembly Defect,Minor,50,29.28,1742.16
CLM-001129,Subaru,Subaru of Indiana Automotive,US,en,Assembly Defect detected on Wiring Harness (SL-ELE-70794). Identified at Subaru of Indiana Automotive.,SL Tennessee,US,Electrification,와이어링하네스,Wiring Harness,SL-ELE-70794,2022-09-04,2022-09-09,2023-08-12,2023-08-18,2023-08-26,확정,조립불량,Assembly Defect,Minor,12,20.23,293.74
CLM-001130,Stellantis,Stellantis Toledo Assembly,US,en,Assembly Defect detected on Outside Mirror (SL-MIR-14302). Identified at Stellantis Toledo Assembly.,SL 성서공장,KR,Mirror Systems,아웃사이드미러,Outside Mirror,SL-MIR-14302,2025-06-12,2025-06-28,2025-08-04,2025-08-14,2025-08-17,확정,조립불량,Assembly Defect,Minor,50,32.82,1887.15
CLM-001131,KGM,KGM 평택공장,KR,ko,센서모듈(SL-ELE-48408) 부품에서 치수불량 발생. KGM 평택공장에서 확인됨.,SL 옌타이,CN,Electrification,센서모듈,Sensor Module,SL-ELE-48408,2023-05-07,2023-05-14,2024-04-09,2024-04-22,2024-05-24,확정,치수불량,Dimensional Out-of-Spec,Major,200,34.99,6368.18
CLM-001132,Stellantis,Stellantis Sterling Heights Assembly,US,en,Functional Failure detected on Bumper Beam (SL-FEM-64187). Identified at Stellantis Sterling Heights Assembly.,SL Alabama,US,Front End Module,범퍼빔,Bumper Beam,SL-FEM-64187,2022-07-26,2022-08-14,2023-06-30,2023-07-15,,조사중,기능불량,Functional Failure,Minor,5,29.73,179.87
CLM-001133,Hyundai,현대자동차 울산공장,KR,ko,룸미러(SL-MIR-83594) 부품에서 표면·도금불량 발생. Hyundai 현대자동차 울산공장에서 확인됨.,SL 진량공장,KR,Mirror Systems,룸미러,Inside Mirror,SL-MIR-83594,2024-12-04,2024-12-12,2025-04-05,2025-04-07,2025-04-28,확정,표면·도금불량,Surface & Plating Defect,Minor,12,41.89,532.84
CLM-001134,Honda,Honda Marysville Auto Plant,US,en,Surface & Plating Defect detected on Actuator Motor (SL-ELE-63166). Identified at Honda Marysville Auto Plant.,SL Alabama,US,Electrification,액추에이터모터,Actuator Motor,SL-ELE-63166,2023-09-21,2023-10-07,2024-07-13,2024-07-14,2024-08-14,기각,표면·도금불량,Surface & Plating Defect,Major,200,34.66,8942.28
CLM-001135,KGM,KGM 평택공장,KR,ko,사이드리피터미러(SL-MIR-49798) 부품에서 크랙·파손 발생. KGM 평택공장에서 확인됨.,SL Lumax (India),IN,Mirror Systems,사이드리피터미러,Side Repeater Mirror,SL-MIR-49798,2023-07-09,2023-07-19,2023-12-29,2024-01-05,2024-02-17,보상완료,크랙·파손,Crack & Breakage,Minor,20,65.75,1407.05
CLM-001136,Kia,기아 화성공장,KR,ko,주간주행등(SL-LMP-57199) 부품에서 치수불량 발생. Kia 기아 화성공장에서 확인됨.,SL 안산공장,KR,Lamp Systems,주간주행등,Daytime Running Lamp,SL-LMP-57199,2024-08-11,2024-08-24,2025-07-08,2025-07-14,,조사중,치수불량,Dimensional Out-of-Spec,Minor,3,38.39,102.5
CLM-001137,Stellantis,Stellantis Toluca Assembly,MX,es,Se detectó Surface & Plating Defect en Head Lamp (SL-LMP-74668). Identificado en Stellantis Toluca Assembly.,SL Mexico (SLP),MX,Lamp Systems,전조등,Head Lamp,SL-LMP-74668,2023-09-13,2023-09-16,2024-09-25,2024-10-06,2024-10-15,보상완료,표면·도금불량,Surface & Plating Defect,Minor,2,86.82,225.73
CLM-001138,GM,SAIC-GM Shanghai,CN,zh,在Actuator Motor（SL-ELE-28654）上发现Design Flaw。由SAIC-GM Shanghai确认。,SL 천안공장,KR,Electrification,액추에이터모터,Actuator Motor,SL-ELE-28654,2024-05-18,2024-06-04,2024-11-03,2024-11-14,2024-11-28,확정,설계결함,Design Flaw,Major,500,11.07,6420.6
CLM-001139,Kia,기아 광명공장,KR,ko,후미등(SL-LMP-10085) 부품에서 기타 발생. Kia 기아 광명공장에서 확인됨.,SL 미러텍(시흥),KR,Lamp Systems,후미등,Tail Lamp,SL-LMP-10085,2022-07-05,2022-07-12,2023-06-19,2023-06-22,2023-07-15,확정,기타,Other,Minor,12,81.67,813.43
CLM-001140,Hyundai,HMGMA (Hyundai Motor Group Metaplant America),US,en,Other detected on Fog Lamp (SL-LMP-24548). Identified at HMGMA (Hyundai Motor Group Metaplant America).,SL 대구공장,KR,Lamp Systems,안개등,Fog Lamp,SL-LMP-24548,2024-07-26,2024-08-03,2024-11-21,2024-12-06,2025-01-19,보상완료,기타,Other,Minor,8,53.61,536.1
CLM-001141,Kia,Kia Georgia Plant,US,en,Foreign Material Contamination detected on Bonnet Latch (SL-FEM-26926). Identified at Kia Georgia Plant.,SL Tennessee,US,Front End Module,본넷래치,Bonnet Latch,SL-FEM-26926,2024-09-16,2024-10-06,2025-08-07,2025-08-08,2025-09-17,보상완료,이물혼입,Foreign Material Contamination,Major,500,8.76,4029.6
CLM-001142,Ford,Ford Kentucky Truck Plant,US,en,Assembly Defect detected on Wiring Harness (SL-ELE-49854). Identified at Ford Kentucky Truck Plant.,SL Alabama,US,Electrification,와이어링하네스,Wiring Harness,SL-ELE-49854,2022-10-06,2022-10-12,2023-01-25,2023-01-26,2023-02-06,확정,조립불량,Assembly Defect,Minor,5,29.28,153.72
CLM-001143,Ford,Ford-Werke Cologne,DE,de,Foreign Material Contamination bei Actuator Motor (SL-ELE-39016) festgestellt. Erkannt bei Ford-Werke Cologne.,SL 미러텍(시흥),KR,Electrification,액추에이터모터,Actuator Motor,SL-ELE-39016,2024-01-01,2024-01-09,2024-11-20,2024-11-29,2024-12-17,확정,이물혼입,Foreign Material Contamination,Critical,500,35.52,15451.2
CLM-001144,Kia,기아 화성공장,KR,ko,액추에이터모터(SL-ELE-94426) 부품에서 조립불량 발생. Kia 기아 화성공장에서 확인됨.,SL 천안공장,KR,Electrification,액추에이터모터,Actuator Motor,SL-ELE-94426,2022-07-04,2022-07-20,2023-02-09,2023-02-24,2023-04-03,보상완료,조립불량,Assembly Defect,Minor,2,34.6,80.27
CLM-001145,GM,GM Korea 부평공장,KR,ko,혼(SL-FEM-99157) 부품에서 크랙·파손 발생. GM Korea 부평공장에서 확인됨.,SL Alabama,US,Front End Module,혼,Horn,SL-FEM-99157,2022-09-03,2022-09-12,2023-09-14,2023-09-25,2023-10-16,확정,크랙·파손,Crack & Breakage,Major,200,26.87,6932.46
CLM-001146,Honda,Honda Marysville Auto Plant,US,en,Material Defect detected on Bonnet Latch (SL-FEM-53800). Identified at Honda Marysville Auto Plant.,SL Alabama,US,Front End Module,본넷래치,Bonnet Latch,SL-FEM-53800,2024-10-19,2024-10-28,2024-11-02,2024-11-05,2024-11-08,기각,소재불량,Material Defect,Minor,50,13.74,680.13
CLM-001147,Kia,Kia Georgia Plant,US,en,Surface & Plating Defect detected on Sensor Module (SL-ELE-34087). Identified at Kia Georgia Plant.,SL Alabama,US,Electrification,센서모듈,Sensor Module,SL-ELE-34087,2022-06-10,2022-06-18,2023-05-06,2023-05-17,2023-05-29,보상완료,표면·도금불량,Surface & Plating Defect,Minor,5,23.85,146.68
CLM-001148,Hyundai,현대자동차 울산공장,KR,ko,안개등(SL-LMP-42018) 부품에서 크랙·파손 발생. Hyundai 현대자동차 울산공장에서 확인됨.,SL 미러텍(시흥),KR,Lamp Systems,안개등,Fog Lamp,SL-LMP-42018,2022-01-30,2022-02-19,2023-01-12,2023-01-21,2023-02-25,보상완료,크랙·파손,Crack & Breakage,Minor,5,25.91,160.64
CLM-001149,Hyundai,HMGMA (Hyundai Motor Group Metaplant America),US,en,Wiring & Electrical Defect detected on Actuator Motor (SL-ELE-46908). Identified at HMGMA (Hyundai Motor Group Metaplant America).,SL Tennessee,US,Electrification,액추에이터모터,Actuator Motor,SL-ELE-46908,2024-03-14,2024-03-27,2024-11-16,2024-11-29,2025-01-07,보상완료,배선·전장불량,Wiring & Electrical Defect,Major,100,30.3,3726.9
CLM-001150,Honda,Honda Marysville Auto Plant,US,en,Assembly Defect detected on Inside Mirror (SL-MIR-16085). Identified at Honda Marysville Auto Plant.,SL Alabama,US,Mirror Systems,룸미러,Inside Mirror,SL-MIR-16085,2023-11-29,2023-12-15,2024-04-17,2024-04-28,2024-05-12,보상완료,조립불량,Assembly Defect,Minor,3,42.88,126.07
CLM-001151,Hyundai,HMMA (Hyundai Motor Manufacturing Alabama),US,en,Surface & Plating Defect detected on Wiring Harness (SL-ELE-10143). Identified at HMMA (Hyundai Motor Manufacturing Alabama).,SL Tennessee,US,Electrification,와이어링하네스,Wiring Harness,SL-ELE-10143,2025-04-27,2025-05-02,2025-06-30,2025-07-13,2025-07-26,확정,표면·도금불량,Surface & Plating Defect,Minor,100,10.28,914.92
CLM-001152,Ford,Ford Michigan Assembly,US,en,Foreign Material Contamination detected on Stabilizer Link (SL-CHS-26317). Identified at Ford Michigan Assembly.,SL Tennessee,US,Chassis Systems,스태빌라이저링크,Stabilizer Link,SL-CHS-26317,2025-01-27,2025-02-14,2025-12-05,2025-12-17,,접수,이물혼입,Foreign Material Contamination,Minor,200,15.12,2570.4
CLM-001153,Hyundai,HMGMA (Hyundai Motor Group Metaplant America),US,en,Material Defect detected on Actuator Motor (SL-ELE-87141). Identified at HMGMA (Hyundai Motor Group Metaplant America).,SL Alabama,US,Electrification,액추에이터모터,Actuator Motor,SL-ELE-87141,2023-11-28,2023-12-15,2024-10-02,2024-10-14,2024-10-27,보상완료,소재불량,Material Defect,Minor,20,35.02,574.33
CLM-001154,Hyundai,HMMA (Hyundai Motor Manufacturing Alabama),US,en,Design Flaw detected on Wiring Harness (SL-ELE-18803). Identified at HMMA (Hyundai Motor Manufacturing Alabama).,SL Poland,PL,Electrification,와이어링하네스,Wiring Harness,SL-ELE-18803,2024-03-25,2024-04-01,2025-02-07,2025-02-16,2025-03-21,보상완료,설계결함,Design Flaw,Minor,100,22.42,2869.76
CLM-001155,Kia,기아 화성공장,KR,ko,본넷래치(SL-FEM-10159) 부품에서 설계결함 발생. Kia 기아 화성공장에서 확인됨.,SL 대구공장,KR,Front End Module,본넷래치,Bonnet Latch,SL-FEM-10159,2022-12-31,2023-01-20,2023-04-21,2023-04-25,2023-06-01,기각,설계결함,Design Flaw,Critical,500,33.02,21297.9
CLM-001156,Hyundai,현대자동차 아산공장,KR,ko,너클(SL-CHS-46537) 부품에서 소재불량 발생. Hyundai 현대자동차 아산공장에서 확인됨.,SL 안산공장,KR,Chassis Systems,너클,Steering Knuckle,SL-CHS-46537,2023-02-20,2023-02-27,2024-03-08,2024-03-23,2024-04-28,기각,소재불량,Material Defect,Minor,2,25.91,66.33
CLM-001157,Kia,Kia India (Anantapur),IN,en,Crack & Breakage detected on Side Repeater Mirror (SL-MIR-92221). Identified at Kia India (Anantapur).,SL 진량공장,KR,Mirror Systems,사이드리피터미러,Side Repeater Mirror,SL-MIR-92221,2022-11-18,2022-11-22,2023-01-27,2023-02-07,2023-02-13,확정,크랙·파손,Crack & Breakage,Minor,3,30.95,80.78
CLM-001158,Ford,Changan Ford Chongqing,CN,zh,在Inside Mirror（SL-MIR-35423）上发现Foreign Material Contamination。由Changan Ford Chongqing确认。,북경삼립,CN,Mirror Systems,룸미러,Inside Mirror,SL-MIR-35423,2022-02-14,2022-02-21,2023-03-26,2023-04-04,,조사중,이물혼입,Foreign Material Contamination,Minor,1,40.36,40.36
CLM-001159,Hyundai,현대자동차 울산공장,KR,ko,라디에이터서포트(SL-FEM-56643) 부품에서 소재불량 발생. Hyundai 현대자동차 울산공장에서 확인됨.,SL 천안공장,KR,Front End Module,라디에이터서포트,Radiator Support,SL-FEM-56643,2024-05-23,2024-05-29,2025-03-25,2025-04-04,2025-04-15,확정,소재불량,Material Defect,Major,500,8.62,3792.8
CLM-001160,BMW,BMW Brilliance Shenyang,CN,zh,在Steering Knuckle（SL-CHS-89707）上发现Assembly Defect。由BMW Brilliance Shenyang确认。,상해삼립,CN,Chassis Systems,너클,Steering Knuckle,SL-CHS-89707,2022-12-14,2023-01-02,2023-03-25,2023-03-29,,조사중,조립불량,Assembly Defect,Minor,8,20.18,206.64
CLM-001161,GM,GM Spring Hill Assembly,US,en,Assembly Defect detected on Outside Mirror (SL-MIR-84381). Identified at GM Spring Hill Assembly.,SL Alabama,US,Mirror Systems,아웃사이드미러,Outside Mirror,SL-MIR-84381,2023-02-26,2023-03-04,2023-06-16,2023-06-23,2023-07-28,확정,조립불량,Assembly Defect,Minor,12,40.29,599.52
CLM-001162,KGM,KGM 평택공장,KR,ko,범퍼빔(SL-FEM-60222) 부품에서 배선·전장불량 발생. KGM 평택공장에서 확인됨.,호북삼립,CN,Front End Module,범퍼빔,Bumper Beam,SL-FEM-60222,2023-04-15,2023-04-30,2024-04-23,2024-05-08,2024-06-16,확정,배선·전장불량,Wiring & Electrical Defect,Minor,20,17.78,295.15
CLM-001163,BMW,BMW Spartanburg Plant,US,en,Foreign Material Contamination detected on Radiator Support (SL-FEM-35735). Identified at BMW Spartanburg Plant.,SL Alabama,US,Front End Module,라디에이터서포트,Radiator Support,SL-FEM-35735,2023-11-05,2023-11-14,2024-09-19,2024-10-01,2024-10-30,확정,이물혼입,Foreign Material Contamination,Minor,1,16.16,17.78
CLM-001164,Hyundai,현대자동차 아산공장,KR,ko,룸미러(SL-MIR-25397) 부품에서 설계결함 발생. Hyundai 현대자동차 아산공장에서 확인됨.,SL 천안공장,KR,Mirror Systems,룸미러,Inside Mirror,SL-MIR-25397,2023-01-23,2023-01-30,2023-07-01,2023-07-06,2023-08-04,확정,설계결함,Design Flaw,Minor,12,67.04,868.84
CLM-001165,Kia,기아 광명공장,KR,ko,범퍼빔(SL-FEM-91628) 부품에서 기타 발생. Kia 기아 광명공장에서 확인됨.,SL 성서공장,KR,Front End Module,범퍼빔,Bumper Beam,SL-FEM-91628,2025-01-18,2025-01-28,2025-04-14,2025-04-26,2025-05-04,확정,기타,Other,Major,200,26.43,4915.98
CLM-001166,Hyundai,HMMA (Hyundai Motor Manufacturing Alabama),US,en,Surface & Plating Defect detected on Steering Knuckle (SL-CHS-34465). Identified at HMMA (Hyundai Motor Manufacturing Alabama).,SL 성서공장,KR,Chassis Systems,너클,Steering Knuckle,SL-CHS-34465,2024-02-07,2024-02-11,2025-01-18,2025-01-24,2025-02-10,확정,표면·도금불량,Surface & Plating Defect,Minor,8,43.32,440.13
CLM-001167,Hyundai,현대자동차 아산공장,KR,ko,파워윈도우스위치(SL-ELE-63171) 부품에서 기타 발생. Hyundai 현대자동차 아산공장에서 확인됨.,SL 미러텍(시흥),KR,Electrification,파워윈도우스위치,Power Window Switch,SL-ELE-63171,2022-08-08,2022-08-19,2023-02-27,2023-03-05,2023-04-01,보상완료,기타,Other,Major,500,22.09,10713.65
CLM-001168,GM,SAIC-GM Shanghai,CN,zh,在Lower Control Arm（SL-CHS-57250）上发现Dimensional Out-of-Spec。由SAIC-GM Shanghai确认。,북경삼립,CN,Chassis Systems,로어암,Lower Control Arm,SL-CHS-57250,2023-09-11,2023-09-25,2024-05-06,2024-05-16,2024-06-05,확정,치수불량,Dimensional Out-of-Spec,Minor,20,42.73,940.06
CLM-001169,GM,GM Korea 부평공장,KR,ko,후미등(SL-LMP-54991) 부품에서 기타 발생. GM Korea 부평공장에서 확인됨.,SL 대구공장,KR,Lamp Systems,후미등,Tail Lamp,SL-LMP-54991,2024-01-27,2024-01-30,2024-08-07,2024-08-16,2024-08-19,기각,기타,Other,Minor,12,85.14,1297.53
CLM-001170,Honda,Honda Suzuka Factory,JP,ja,Bonnet Latch（SL-FEM-52348）にDesign Flawを検出。Honda Suzuka Factoryにて確認。,SL 대구공장,KR,Front End Module,본넷래치,Bonnet Latch,SL-FEM-52348,2024-03-26,2024-04-10,2025-01-30,2025-02-06,2025-03-09,확정,설계결함,Design Flaw,Minor,2,31.04,57.11
CLM-001171,GM,GM Spring Hill Assembly,US,en,Wiring & Electrical Defect detected on Lower Control Arm (SL-CHS-60437). Identified at GM Spring Hill Assembly.,SL Tennessee,US,Chassis Systems,로어암,Lower Control Arm,SL-CHS-60437,2023-04-10,2023-04-14,2023-09-08,2023-09-19,2023-11-02,보상완료,배선·전장불량,Wiring & Electrical Defect,Major,200,18.45,4428.0
CLM-001172,Hyundai,HMGMA (Hyundai Motor Group Metaplant America),US,en,Surface & Plating Defect detected on Steering Knuckle (SL-CHS-37982). Identified at HMGMA (Hyundai Motor Group Metaplant America).,SL 옌타이,CN,Chassis Systems,너클,Steering Knuckle,SL-CHS-37982,2022-08-20,2022-09-05,2023-04-25,2023-04-29,2023-05-31,기각,표면·도금불량,Surface & Plating Defect,Minor,2,43.71,99.66
CLM-001173,Hyundai,Beijing Hyundai Motor (BHMC),CN,zh,在Sensor Module（SL-ELE-31890）上发现Material Defect。由Beijing Hyundai Motor (BHMC)确认。,상해삼립,CN,Electrification,센서모듈,Sensor Module,SL-ELE-31890,2023-08-12,2023-08-17,2023-10-18,2023-10-24,2023-11-24,기각,소재불량,Material Defect,Minor,100,22.64,1992.32
CLM-001174,Kia,기아 광주공장,KR,ko,라디에이터서포트(SL-FEM-44047) 부품에서 표면·도금불량 발생. Kia 기아 광주공장에서 확인됨.,SL 미러텍(시흥),KR,Front End Module,라디에이터서포트,Radiator Support,SL-FEM-44047,2023-06-29,2023-07-17,2024-06-30,2024-07-01,,조사중,표면·도금불량,Surface & Plating Defect,Critical,500,34.05,20940.75
CLM-001175,Subaru,Subaru of Indiana Automotive,US,en,Dimensional Out-of-Spec detected on Outside Mirror (SL-MIR-68288). Identified at Subaru of Indiana Automotive.,SL Alabama,US,Mirror Systems,아웃사이드미러,Outside Mirror,SL-MIR-68288,2024-12-09,2024-12-16,2025-08-05,2025-08-15,2025-09-07,확정,치수불량,Dimensional Out-of-Spec,Minor,5,29.75,119.0
CLM-001176,Kia,기아 화성공장,KR,ko,로어암(SL-CHS-67583) 부품에서 조립불량 발생. Kia 기아 화성공장에서 확인됨.,SL 미러텍(시흥),KR,Chassis Systems,로어암,Lower Control Arm,SL-CHS-67583,2023-04-12,2023-04-26,2023-05-09,2023-05-15,2023-06-29,기각,조립불량,Assembly Defect,Minor,1,12.84,11.3
CLM-001177,Stellantis,Stellantis Toledo Assembly,US,en,Crack & Breakage detected on Lower Control Arm (SL-CHS-51915). Identified at Stellantis Toledo Assembly.,SL 안산공장,KR,Chassis Systems,로어암,Lower Control Arm,SL-CHS-51915,2024-08-22,2024-08-31,2025-08-06,2025-08-08,2025-09-18,확정,크랙·파손,Crack & Breakage,Minor,5,43.93,252.6
CLM-001178,Hyundai,현대자동차 아산공장,KR,ko,주간주행등(SL-LMP-31558) 부품에서 이물혼입 발생. Hyundai 현대자동차 아산공장에서 확인됨.,SL Lumax (India),IN,Lamp Systems,주간주행등,Daytime Running Lamp,SL-LMP-31558,2022-11-25,2022-12-01,2023-03-13,2023-03-17,2023-04-11,확정,이물혼입,Foreign Material Contamination,Minor,3,58.68,176.04
CLM-001179,Honda,Honda Marysville Auto Plant,US,en,Surface & Plating Defect detected on Inside Mirror (SL-MIR-26753). Identified at Honda Marysville Auto Plant.,SL Alabama,US,Mirror Systems,룸미러,Inside Mirror,SL-MIR-26753,2024-03-10,2024-03-24,2025-02-03,2025-02-17,2025-04-03,보상완료,표면·도금불량,Surface & Plating Defect,Minor,5,27.42,120.65
CLM-001180,Ford,Changan Ford Chongqing,CN,zh,在Wiring Harness（SL-ELE-10186）上发现Foreign Material Contamination。由Changan Ford Chongqing确认。,호북삼립,CN,Electrification,와이어링하네스,Wiring Harness,SL-ELE-10186,2024-01-19,2024-02-06,2024-08-11,2024-08-23,2024-09-09,기각,이물혼입,Foreign Material Contamination,Minor,5,15.81,79.84
CLM-001181,Hyundai,HMMA (Hyundai Motor Manufacturing Alabama),US,en,Material Defect detected on Bumper Beam (SL-FEM-16416). Identified at HMMA (Hyundai Motor Manufacturing Alabama).,SL Poland,PL,Front End Module,범퍼빔,Bumper Beam,SL-FEM-16416,2025-06-16,2025-07-05,2025-07-29,2025-08-01,2025-09-04,확정,소재불량,Material Defect,Major,100,29.79,3604.59
CLM-001182,Hyundai,현대자동차 울산공장,KR,ko,룸미러(SL-MIR-23077) 부품에서 배선·전장불량 발생. Hyundai 현대자동차 울산공장에서 확인됨.,SL 진량공장,KR,Mirror Systems,룸미러,Inside Mirror,SL-MIR-23077,2024-01-10,2024-01-30,2024-12-26,2024-12-30,2025-02-06,보상완료,배선·전장불량,Wiring & Electrical Defect,Critical,500,68.1,39157.5
CLM-001183,KGM,KGM 평택공장,KR,ko,스태빌라이저링크(SL-CHS-43852) 부품에서 설계결함 발생. KGM 평택공장에서 확인됨.,SL 미러텍(시흥),KR,Chassis Systems,스태빌라이저링크,Stabilizer Link,SL-CHS-43852,2024-07-24,2024-08-02,2025-04-04,2025-04-10,2025-04-29,확정,설계결함,Design Flaw,Minor,3,18.92,72.65
CLM-001184,Hyundai,현대자동차 아산공장,KR,ko,액추에이터모터(SL-ELE-93196) 부품에서 배선·전장불량 발생. Hyundai 현대자동차 아산공장에서 확인됨.,SL 미러텍(시흥),KR,Electrification,액추에이터모터,Actuator Motor,SL-ELE-93196,2022-07-03,2022-07-15,2023-08-06,2023-08-11,2023-09-05,보상완료,배선·전장불량,Wiring & Electrical Defect,Critical,500,48.61,26249.4
CLM-001185,Ford,Ford Michigan Assembly,US,en,Dimensional Out-of-Spec detected on Daytime Running Lamp (SL-LMP-33991). Identified at Ford Michigan Assembly.,SL Alabama,US,Lamp Systems,주간주행등,Daytime Running Lamp,SL-LMP-33991,2024-07-22,2024-08-05,2024-11-22,2024-12-03,,조사중,치수불량,Dimensional Out-of-Spec,Minor,5,79.15,443.24
CLM-001186,Ford,Ford Michigan Assembly,US,en,Foreign Material Contamination detected on Steering Knuckle (SL-CHS-99610). Identified at Ford Michigan Assembly.,SL Tennessee,US,Chassis Systems,너클,Steering Knuckle,SL-CHS-99610,2025-05-09,2025-05-15,2025-10-04,2025-10-18,2025-11-21,확정,이물혼입,Foreign Material Contamination,Minor,5,40.27,255.71
CLM-001187,Ford,Ford-Werke Cologne,DE,de,Functional Failure bei Bonnet Latch (SL-FEM-62598) festgestellt. Erkannt bei Ford-Werke Cologne.,SL Poland,PL,Front End Module,본넷래치,Bonnet Latch,SL-FEM-62598,2022-07-29,2022-08-10,2023-04-28,2023-05-09,2023-06-17,확정,기능불량,Functional Failure,Major,500,17.87,7416.05
CLM-001188,Ford,Changan Ford Chongqing,CN,zh,在Actuator Motor（SL-ELE-32843）上发现Material Defect。由Changan Ford Chongqing确认。,동풍삼립(우한),CN,Electrification,액추에이터모터,Actuator Motor,SL-ELE-32843,2022-11-05,2022-11-10,2023-05-18,2023-05-25,2023-06-14,보상완료,소재불량,Material Defect,Minor,2,35.48,89.41
CLM-001189,Kia,Kia Georgia Plant,US,en,Assembly Defect detected on Wiring Harness (SL-ELE-87454). Identified at Kia Georgia Plant.,SL Alabama,US,Electrification,와이어링하네스,Wiring Harness,SL-ELE-87454,2024-02-11,2024-03-02,2024-10-19,2024-10-27,2024-11-10,확정,조립불량,Assembly Defect,Minor,50,46.15,2792.07
CLM-001190,Hyundai,현대자동차 아산공장,KR,ko,전조등(SL-LMP-91625) 부품에서 크랙·파손 발생. Hyundai 현대자동차 아산공장에서 확인됨.,SL 미러텍(시흥),KR,Lamp Systems,전조등,Head Lamp,SL-LMP-91625,2025-08-17,2025-08-24,2025-10-13,2025-10-25,2025-11-06,기각,크랙·파손,Crack & Breakage,Minor,2,86.15,187.81
CLM-001191,Ford,Changan Ford Chongqing,CN,zh,在Radiator Support（SL-FEM-63213）上发现Dimensional Out-of-Spec。由Changan Ford Chongqing确认。,호북삼립,CN,Front End Module,라디에이터서포트,Radiator Support,SL-FEM-63213,2022-05-11,2022-05-30,2023-03-16,2023-03-24,2023-04-06,확정,치수불량,Dimensional Out-of-Spec,Minor,50,32.12,1477.52
CLM-001192,Stellantis,Stellantis Toledo Assembly,US,en,Foreign Material Contamination detected on Horn (SL-FEM-85599). Identified at Stellantis Toledo Assembly.,SL Tennessee,US,Front End Module,혼,Horn,SL-FEM-85599,2025-03-05,2025-03-23,2025-12-22,2025-12-31,,접수,이물혼입,Foreign Material Contamination,Minor,5,30.7,194.94
CLM-001193,Subaru,Subaru Gunma Oizumi Plant,JP,ja,Steering Knuckle（SL-CHS-34690）にAssembly Defectを検出。Subaru Gunma Oizumi Plantにて確認。,상해삼립,CN,Chassis Systems,너클,Steering Knuckle,SL-CHS-34690,2022-06-02,2022-06-15,2023-03-05,2023-03-08,2023-03-20,확정,조립불량,Assembly Defect,Minor,3,15.99,39.82
CLM-001194,Stellantis,Stellantis Sterling Heights Assembly,US,en,Design Flaw detected on Stabilizer Link (SL-CHS-93897). Identified at Stellantis Sterling Heights Assembly.,SL Alabama,US,Chassis Systems,스태빌라이저링크,Stabilizer Link,SL-CHS-93897,2025-02-09,2025-02-27,2025-07-23,2025-07-24,2025-07-27,기각,설계결함,Design Flaw,Minor,20,43.95,905.37
CLM-001195,Kia,Kia India (Anantapur),IN,en,Dimensional Out-of-Spec detected on Horn (SL-FEM-85025). Identified at Kia India (Anantapur).,SL Lumax (India),IN,Front End Module,혼,Horn,SL-FEM-85025,2024-08-19,2024-09-05,2025-07-06,2025-07-21,2025-07-29,확정,치수불량,Dimensional Out-of-Spec,Minor,5,18.41,89.29
CLM-001196,Ford,Ford Kentucky Truck Plant,US,en,Dimensional Out-of-Spec detected on Daytime Running Lamp (SL-LMP-42016). Identified at Ford Kentucky Truck Plant.,SL Tennessee,US,Lamp Systems,주간주행등,Daytime Running Lamp,SL-LMP-42016,2024-07-04,2024-07-14,2024-12-23,2024-12-31,2025-02-09,확정,치수불량,Dimensional Out-of-Spec,Minor,8,61.73,548.16
CLM-001197,KGM,KGM 평택공장,KR,ko,파워윈도우스위치(SL-ELE-39194) 부품에서 조립불량 발생. KGM 평택공장에서 확인됨.,SL 대구공장,KR,Electrification,파워윈도우스위치,Power Window Switch,SL-ELE-39194,2024-07-01,2024-07-05,2024-10-19,2024-10-31,2024-12-02,확정,조립불량,Assembly Defect,Minor,3,26.56,68.52
CLM-001198,GM,GM Fort Wayne Assembly,US,en,Other detected on Lower Control Arm (SL-CHS-20271). Identified at GM Fort Wayne Assembly.,SL Alabama,US,Chassis Systems,로어암,Lower Control Arm,SL-CHS-20271,2023-11-13,2023-11-25,2024-10-05,2024-10-20,2024-11-27,확정,기타,Other,Minor,12,32.19,374.69
CLM-001199,Kia,Kia Georgia Plant,US,en,Crack & Breakage detected on Stabilizer Link (SL-CHS-39020). Identified at Kia Georgia Plant.,SL Alabama,US,Chassis Systems,스태빌라이저링크,Stabilizer Link,SL-CHS-39020,2023-09-12,2023-09-23,2024-09-21,2024-10-04,,조사중,크랙·파손,Crack & Breakage,Major,200,16.0,3456.0
CLM-001200,BMW,BMW Munich Plant,DE,de,Crack & Breakage bei Steering Knuckle (SL-CHS-85801) festgestellt. Erkannt bei BMW Munich Plant.,SL Alabama,US,Chassis Systems,너클,Steering Knuckle,SL-CHS-85801,2025-02-06,2025-02-16,2025-07-12,2025-07-22,2025-08-20,보상완료,크랙·파손,Crack & Breakage,Minor,1,29.35,33.46
CLM-001201,BMW,BMW Munich Plant,DE,de,Wiring & Electrical Defect bei Power Window Switch (SL-ELE-26817) festgestellt. Erkannt bei BMW Munich Plant.,SL Poland,PL,Electrification,파워윈도우스위치,Power Window Switch,SL-ELE-26817,2024-08-19,2024-08-28,2025-09-03,2025-09-13,2025-10-20,기각,배선·전장불량,Wiring & Electrical Defect,Major,200,48.62,9043.32
CLM-001202,Kia,기아 화성공장,KR,ko,아웃사이드미러(SL-MIR-32719) 부품에서 이물혼입 발생. Kia 기아 화성공장에서 확인됨.,SL Mexico (SLP),MX,Mirror Systems,아웃사이드미러,Outside Mirror,SL-MIR-32719,2022-12-17,2022-12-21,2023-08-24,2023-09-01,2023-10-07,확정,이물혼입,Foreign Material Contamination,Minor,5,34.35,197.51
CLM-001203,Kia,기아 광주공장,KR,ko,후미등(SL-LMP-11331) 부품에서 치수불량 발생. Kia 기아 광주공장에서 확인됨.,SL 대구공장,KR,Lamp Systems,후미등,Tail Lamp,SL-LMP-11331,2022-10-14,2022-10-25,2023-03-29,2023-04-08,2023-04-30,확정,치수불량,Dimensional Out-of-Spec,Minor,2,34.64,76.9
CLM-001204,GM,GM Korea 부평공장,KR,ko,아웃사이드미러(SL-MIR-36743) 부품에서 치수불량 발생. GM Korea 부평공장에서 확인됨.,SL 진량공장,KR,Mirror Systems,아웃사이드미러,Outside Mirror,SL-MIR-36743,2025-01-29,2025-02-13,2025-08-03,2025-08-17,2025-09-27,확정,치수불량,Dimensional Out-of-Spec,Minor,5,36.54,177.22
CLM-001205,BMW,BMW Brilliance Shenyang,CN,zh,在Rear Combination Lamp（SL-LMP-89886）上发现Surface & Plating Defect。由BMW Brilliance Shenyang确认。,SL Brazil,BR,Lamp Systems,리어콤비램프,Rear Combination Lamp,SL-LMP-89886,2024-02-05,2024-02-16,2024-03-23,2024-04-04,2024-04-26,확정,표면·도금불량,Surface & Plating Defect,Minor,8,70.22,561.76
CLM-001206,Kia,기아 화성공장,KR,ko,룸미러(SL-MIR-34060) 부품에서 조립불량 발생. Kia 기아 화성공장에서 확인됨.,SL 진량공장,KR,Mirror Systems,룸미러,Inside Mirror,SL-MIR-34060,2023-06-23,2023-07-01,2024-01-26,2024-02-10,2024-02-21,기각,조립불량,Assembly Defect,Minor,5,29.75,153.21
CLM-001207,Hyundai,HMGMA (Hyundai Motor Group Metaplant America),US,en,Dimensional Out-of-Spec detected on Lower Control Arm (SL-CHS-96938). Identified at HMGMA (Hyundai Motor Group Metaplant America).,SL Tennessee,US,Chassis Systems,로어암,Lower Control Arm,SL-CHS-96938,2024-06-25,2024-07-11,2025-07-12,2025-07-21,2025-09-04,기각,치수불량,Dimensional Out-of-Spec,Major,100,39.43,3233.26
CLM-001208,Stellantis,Stellantis Toluca Assembly,MX,es,Se detectó Functional Failure en Bumper Beam (SL-FEM-30052). Identificado en Stellantis Toluca Assembly.,SL Mexico (SLP),MX,Front End Module,범퍼빔,Bumper Beam,SL-FEM-30052,2022-07-18,2022-08-05,2023-07-03,2023-07-11,2023-07-18,보상완료,기능불량,Functional Failure,Minor,8,13.08,85.8
CLM-001209,Hyundai,HMMA (Hyundai Motor Manufacturing Alabama),US,en,Design Flaw detected on Tail Lamp (SL-LMP-31231). Identified at HMMA (Hyundai Motor Manufacturing Alabama).,SL Alabama,US,Lamp Systems,후미등,Tail Lamp,SL-LMP-31231,2023-12-09,2023-12-24,2024-07-28,2024-08-03,2024-08-27,확정,설계결함,Design Flaw,Minor,5,38.07,201.77
CLM-001210,Hyundai,현대자동차 아산공장,KR,ko,너클(SL-CHS-85185) 부품에서 조립불량 발생. Hyundai 현대자동차 아산공장에서 확인됨.,SL 대구공장,KR,Chassis Systems,너클,Steering Knuckle,SL-CHS-85185,2023-04-11,2023-04-20,2023-08-09,2023-08-24,,접수,조립불량,Assembly Defect,Minor,5,18.51,92.55
CLM-001211,GM,GM Brazil Gravataí,BR,pt,Surface & Plating Defect detectado em Lower Control Arm (SL-CHS-67349). Identificado na GM Brazil Gravataí.,SL Brazil,BR,Chassis Systems,로어암,Lower Control Arm,SL-CHS-67349,2025-02-22,2025-03-12,2025-05-24,2025-06-03,2025-06-26,기각,표면·도금불량,Surface & Plating Defect,Minor,1,17.73,19.86
CLM-001212,Hyundai,현대자동차 울산공장,KR,ko,사이드리피터미러(SL-MIR-86247) 부품에서 크랙·파손 발생. Hyundai 현대자동차 울산공장에서 확인됨.,SL 미러텍(시흥),KR,Mirror Systems,사이드리피터미러,Side Repeater Mirror,SL-MIR-86247,2023-09-29,2023-10-07,2024-06-13,2024-06-17,,접수,크랙·파손,Crack & Breakage,Minor,3,22.33,71.68
CLM-001213,GM,SAIC-GM Shanghai,CN,zh,在Daytime Running Lamp（SL-LMP-31370）上发现Foreign Material Contamination。由SAIC-GM Shanghai确认。,SL 진량공장,KR,Lamp Systems,주간주행등,Daytime Running Lamp,SL-LMP-31370,2022-12-20,2022-12-27,2023-12-01,2023-12-06,,조사중,이물혼입,Foreign Material Contamination,Minor,1,53.56,66.41
CLM-001214,Kia,기아 광주공장,KR,ko,주간주행등(SL-LMP-94173) 부품에서 기타 발생. Kia 기아 광주공장에서 확인됨.,SL 미러텍(시흥),KR,Lamp Systems,주간주행등,Daytime Running Lamp,SL-LMP-94173,2025-04-18,2025-04-29,2025-10-11,2025-10-18,,조사중,기타,Other,Minor,3,85.17,212.07
CLM-001215,Kia,Kia India (Anantapur),IN,en,Other detected on Bonnet Latch (SL-FEM-54496). Identified at Kia India (Anantapur).,SL Lumax (India),IN,Front End Module,본넷래치,Bonnet Latch,SL-FEM-54496,2025-09-21,2025-09-29,2025-11-01,2025-11-04,2025-11-09,확정,기타,Other,Minor,12,18.4,260.54
CLM-001216,Kia,기아 광주공장,KR,ko,룸미러(SL-MIR-42650) 부품에서 소재불량 발생. Kia 기아 광주공장에서 확인됨.,SL 성서공장,KR,Mirror Systems,룸미러,Inside Mirror,SL-MIR-42650,2023-05-28,2023-06-02,2024-01-20,2024-02-02,2024-02-13,확정,소재불량,Material Defect,Minor,2,68.97,118.63
CLM-001217,GM,SAIC-GM Shanghai,CN,zh,在Bumper Beam（SL-FEM-97767）上发现Assembly Defect。由SAIC-GM Shanghai确认。,호북삼립,CN,Front End Module,범퍼빔,Bumper Beam,SL-FEM-97767,2022-10-07,2022-10-11,2023-06-01,2023-06-15,2023-07-06,보상완료,조립불량,Assembly Defect,Critical,500,33.18,18249.0
CLM-001218,Kia,Kia India (Anantapur),IN,en,Design Flaw detected on Lower Control Arm (SL-CHS-88404). Identified at Kia India (Anantapur).,북경삼립,CN,Chassis Systems,로어암,Lower Control Arm,SL-CHS-88404,2023-09-26,2023-10-02,2024-10-13,2024-10-21,,조사중,설계결함,Design Flaw,Minor,3,41.88,159.56
CLM-001219,Ford,Ford Michigan Assembly,US,en,Foreign Material Contamination detected on Outside Mirror (SL-MIR-57279). Identified at Ford Michigan Assembly.,SL Tennessee,US,Mirror Systems,아웃사이드미러,Outside Mirror,SL-MIR-57279,2024-05-23,2024-05-30,2024-08-15,2024-08-17,2024-09-13,확정,이물혼입,Foreign Material Contamination,Critical,500,60.55,33302.5
CLM-001220,BMW,BMW Munich Plant,DE,de,Crack & Breakage bei Wiring Harness (SL-ELE-36523) festgestellt. Erkannt bei BMW Munich Plant.,SL 진량공장,KR,Electrification,와이어링하네스,Wiring Harness,SL-ELE-36523,2024-03-06,2024-03-18,2024-08-16,2024-08-24,2024-08-28,보상완료,크랙·파손,Crack & Breakage,Major,100,47.83,5022.15
CLM-001221,BMW,BMW Spartanburg Plant,US,en,Foreign Material Contamination detected on Outside Mirror (SL-MIR-59045). Identified at BMW Spartanburg Plant.,SL Tennessee,US,Mirror Systems,아웃사이드미러,Outside Mirror,SL-MIR-59045,2023-12-28,2024-01-16,2025-02-12,2025-02-23,2025-04-06,확정,이물혼입,Foreign Material Contamination,Minor,5,59.4,302.94
CLM-001222,Kia,기아 광명공장,KR,ko,센서모듈(SL-ELE-64278) 부품에서 이물혼입 발생. Kia 기아 광명공장에서 확인됨.,SL 대구공장,KR,Electrification,센서모듈,Sensor Module,SL-ELE-64278,2023-11-28,2023-12-06,2024-04-22,2024-04-30,2024-06-02,보상완료,이물혼입,Foreign Material Contamination,Minor,3,17.2,50.57
CLM-001223,Hyundai,HMGMA (Hyundai Motor Group Metaplant America),US,en,Design Flaw detected on Actuator Motor (SL-ELE-28580). Identified at HMGMA (Hyundai Motor Group Metaplant America).,SL Alabama,US,Electrification,액추에이터모터,Actuator Motor,SL-ELE-28580,2023-09-03,2023-09-17,2023-10-02,2023-10-12,2023-10-25,기각,설계결함,Design Flaw,Major,200,22.86,3840.48
CLM-001224,Subaru,Subaru Gunma Oizumi Plant,JP,ja,Steering Knuckle（SL-CHS-97141）にDimensional Out-of-Specを検出。Subaru Gunma Oizumi Plantにて確認。,호북삼립,CN,Chassis Systems,너클,Steering Knuckle,SL-CHS-97141,2024-11-18,2024-12-04,2025-04-03,2025-04-07,2025-04-19,확정,치수불량,Dimensional Out-of-Spec,Minor,3,39.28,136.69
CLM-001225,BMW,BMW Munich Plant,DE,de,Surface & Plating Defect bei Stabilizer Link (SL-CHS-43975) festgestellt. Erkannt bei BMW Munich Plant.,SL 진량공장,KR,Chassis Systems,스태빌라이저링크,Stabilizer Link,SL-CHS-43975,2025-10-16,2025-11-05,2025-11-19,2025-11-25,,접수,표면·도금불량,Surface & Plating Defect,Minor,2,19.36,41.43
CLM-001226,Stellantis,Stellantis Toledo Assembly,US,en,Crack & Breakage detected on Head Lamp (SL-LMP-33170). Identified at Stellantis Toledo Assembly.,SL Tennessee,US,Lamp Systems,전조등,Head Lamp,SL-LMP-33170,2023-09-11,2023-09-19,2023-11-07,2023-11-20,,조사중,크랙·파손,Crack & Breakage,Major,100,68.08,8441.92
CLM-001227,Ford,Ford Michigan Assembly,US,en,Foreign Material Contamination detected on Power Window Switch (SL-ELE-62620). Identified at Ford Michigan Assembly.,SL Brazil,BR,Electrification,파워윈도우스위치,Power Window Switch,SL-ELE-62620,2024-08-22,2024-08-28,2024-09-02,2024-09-15,2024-10-21,확정,이물혼입,Foreign Material Contamination,Minor,8,35.03,232.6
CLM-001228,Kia,기아 광주공장,KR,ko,주간주행등(SL-LMP-33286) 부품에서 이물혼입 발생. Kia 기아 광주공장에서 확인됨.,SL 진량공장,KR,Lamp Systems,주간주행등,Daytime Running Lamp,SL-LMP-33286,2025-01-27,2025-02-13,2025-10-26,2025-11-06,2025-11-24,확정,이물혼입,Foreign Material Contamination,Major,100,46.27,5413.59
CLM-001229,Kia,Kia Georgia Plant,US,en,Design Flaw detected on Rear Combination Lamp (SL-LMP-67061). Identified at Kia Georgia Plant.,SL Alabama,US,Lamp Systems,리어콤비램프,Rear Combination Lamp,SL-LMP-67061,2023-05-21,2023-06-02,2023-09-22,2023-10-03,2023-11-14,확정,설계결함,Design Flaw,Minor,20,77.56,1380.57
CLM-001230,Hyundai,현대자동차 울산공장,KR,ko,로어암(SL-CHS-90181) 부품에서 기능불량 발생. Hyundai 현대자동차 울산공장에서 확인됨.,SL 진량공장,KR,Chassis Systems,로어암,Lower Control Arm,SL-CHS-90181,2023-08-25,2023-09-03,2024-06-02,2024-06-15,2024-07-06,보상완료,기능불량,Functional Failure,Major,100,42.26,4564.08
CLM-001231,Honda,Honda Marysville Auto Plant,US,en,Material Defect detected on Horn (SL-FEM-85414). Identified at Honda Marysville Auto Plant.,SL Tennessee,US,Front End Module,혼,Horn,SL-FEM-85414,2025-10-17,2025-10-25,2025-12-14,2025-12-23,,접수,소재불량,Material Defect,Minor,100,8.54,777.14
CLM-001232,GM,GM Fort Wayne Assembly,US,en,Dimensional Out-of-Spec detected on Head Lamp (SL-LMP-55591). Identified at GM Fort Wayne Assembly.,SL Tennessee,US,Lamp Systems,전조등,Head Lamp,SL-LMP-55591,2023-01-12,2023-01-20,2024-02-07,2024-02-16,2024-03-24,확정,치수불량,Dimensional Out-of-Spec,Minor,5,81.74,326.96
CLM-001233,BMW,BMW Spartanburg Plant,US,en,Other detected on Side Repeater Mirror (SL-MIR-40794). Identified at BMW Spartanburg Plant.,북경삼립,CN,Mirror Systems,사이드리피터미러,Side Repeater Mirror,SL-MIR-40794,2022-06-16,2022-07-06,2023-01-04,2023-01-16,2023-02-14,확정,기타,Other,Minor,3,53.0,171.72
CLM-001234,BMW,BMW Leipzig Plant,DE,de,Other bei Radiator Support (SL-FEM-41990) festgestellt. Erkannt bei BMW Leipzig Plant.,SL 대구공장,KR,Front End Module,라디에이터서포트,Radiator Support,SL-FEM-41990,2023-12-21,2024-01-10,2024-04-10,2024-04-25,2024-05-30,확정,기타,Other,Minor,20,26.18,649.26
CLM-001235,Hyundai,HMGMA (Hyundai Motor Group Metaplant America),US,en,Crack & Breakage detected on Rear Combination Lamp (SL-LMP-62755). Identified at HMGMA (Hyundai Motor Group Metaplant America).,SL Alabama,US,Lamp Systems,리어콤비램프,Rear Combination Lamp,SL-LMP-62755,2023-05-22,2023-06-08,2023-12-29,2023-12-31,2024-02-07,확정,크랙·파손,Crack & Breakage,Minor,2,25.05,42.08
CLM-001236,Hyundai,Beijing Hyundai Motor (BHMC),CN,zh,在Side Repeater Mirror（SL-MIR-89793）上发现Foreign Material Contamination。由Beijing Hyundai Motor (BHMC)确认。,SL Tennessee,US,Mirror Systems,사이드리피터미러,Side Repeater Mirror,SL-MIR-89793,2023-08-30,2023-09-19,2023-11-09,2023-11-23,2023-12-10,확정,이물혼입,Foreign Material Contamination,Minor,3,43.05,142.06
CLM-001237,Stellantis,Stellantis Toluca Assembly,MX,es,Se detectó Other en Radiator Support (SL-FEM-60546). Identificado en Stellantis Toluca Assembly.,SL Mexico (SLP),MX,Front End Module,라디에이터서포트,Radiator Support,SL-FEM-60546,2022-08-10,2022-08-14,2023-07-14,2023-07-21,2023-08-16,보상완료,기타,Other,Minor,3,8.17,30.64
CLM-001238,GM,GM Korea 부평공장,KR,ko,아웃사이드미러(SL-MIR-91417) 부품에서 배선·전장불량 발생. GM Korea 부평공장에서 확인됨.,북경삼립,CN,Mirror Systems,아웃사이드미러,Outside Mirror,SL-MIR-91417,2023-01-04,2023-01-21,2023-09-18,2023-09-25,,조사중,배선·전장불량,Wiring & Electrical Defect,Minor,2,37.62,82.76
CLM-001239,GM,SAIC-GM Shanghai,CN,zh,在Bonnet Latch（SL-FEM-98546）上发现Dimensional Out-of-Spec。由SAIC-GM Shanghai确认。,동풍삼립(우한),CN,Front End Module,본넷래치,Bonnet Latch,SL-FEM-98546,2022-01-26,2022-02-02,2023-02-04,2023-02-16,2023-03-14,확정,치수불량,Dimensional Out-of-Spec,Minor,100,18.38,1635.82
CLM-001240,Honda,Honda Marysville Auto Plant,US,en,Dimensional Out-of-Spec detected on Stabilizer Link (SL-CHS-76483). Identified at Honda Marysville Auto Plant.,SL Tennessee,US,Chassis Systems,스태빌라이저링크,Stabilizer Link,SL-CHS-76483,2023-05-24,2023-06-06,2023-11-29,2023-12-03,2024-01-17,기각,치수불량,Dimensional Out-of-Spec,Critical,500,33.0,19470.0
CLM-001241,Ford,Ford Michigan Assembly,US,en,Material Defect detected on Stabilizer Link (SL-CHS-72282). Identified at Ford Michigan Assembly.,SL Alabama,US,Chassis Systems,스태빌라이저링크,Stabilizer Link,SL-CHS-72282,2022-09-07,2022-09-23,2023-10-20,2023-10-27,2023-11-18,확정,소재불량,Material Defect,Minor,50,30.95,1547.5
CLM-001242,Hyundai,현대자동차 울산공장,KR,ko,혼(SL-FEM-83288) 부품에서 표면·도금불량 발생. Hyundai 현대자동차 울산공장에서 확인됨.,SL 안산공장,KR,Front End Module,혼,Horn,SL-FEM-83288,2023-12-23,2024-01-04,2024-12-21,2024-12-28,2025-02-01,확정,표면·도금불량,Surface & Plating Defect,Major,200,29.65,7234.6
CLM-001243,Hyundai,HMGMA (Hyundai Motor Group Metaplant America),US,en,Wiring & Electrical Defect detected on Inside Mirror (SL-MIR-86221). Identified at HMGMA (Hyundai Motor Group Metaplant America).,SL Alabama,US,Mirror Systems,룸미러,Inside Mirror,SL-MIR-86221,2025-10-19,2025-11-03,2025-12-28,2025-12-31,,조사중,배선·전장불량,Wiring & Electrical Defect,Minor,1,33.26,31.93
CLM-001244,Stellantis,Stellantis Toledo Assembly,US,en,Dimensional Out-of-Spec detected on Lower Control Arm (SL-CHS-25501). Identified at Stellantis Toledo Assembly.,SL Tennessee,US,Chassis Systems,로어암,Lower Control Arm,SL-CHS-25501,2022-11-27,2022-12-12,2023-03-06,2023-03-09,2023-03-14,보상완료,치수불량,Dimensional Out-of-Spec,Minor,20,21.57,474.54
CLM-001245,Hyundai,Beijing Hyundai Motor (BHMC),CN,zh,在Actuator Motor（SL-ELE-39024）上发现Assembly Defect。由Beijing Hyundai Motor (BHMC)确认。,동풍삼립(우한),CN,Electrification,액추에이터모터,Actuator Motor,SL-ELE-39024,2022-03-03,2022-03-23,2023-01-02,2023-01-12,2023-02-26,확정,조립불량,Assembly Defect,Minor,12,31.71,429.99
CLM-001246,GM,GM Korea 창원공장,KR,ko,리어콤비램프(SL-LMP-55564) 부품에서 이물혼입 발생. GM Korea 창원공장에서 확인됨.,SL 안산공장,KR,Lamp Systems,리어콤비램프,Rear Combination Lamp,SL-LMP-55564,2024-12-27,2024-12-30,2025-05-01,2025-05-04,2025-06-04,보상완료,이물혼입,Foreign Material Contamination,Minor,1,28.07,25.54
CLM-001247,BMW,BMW Brilliance Shenyang,CN,zh,在Rear Combination Lamp（SL-LMP-88176）上发现Dimensional Out-of-Spec。由BMW Brilliance Shenyang确认。,호북삼립,CN,Lamp Systems,리어콤비램프,Rear Combination Lamp,SL-LMP-88176,2024-01-24,2024-02-02,2024-12-29,2024-12-30,2025-01-24,보상완료,치수불량,Dimensional Out-of-Spec,Minor,8,31.31,232.95
CLM-001248,GM,GM Fort Wayne Assembly,US,en,Material Defect detected on Radiator Support (SL-FEM-84643). Identified at GM Fort Wayne Assembly.,SL 옌타이,CN,Front End Module,라디에이터서포트,Radiator Support,SL-FEM-84643,2022-07-15,2022-08-02,2023-04-17,2023-05-02,2023-05-06,기각,소재불량,Material Defect,Minor,100,20.75,2095.75
CLM-001249,BMW,BMW Leipzig Plant,DE,de,Design Flaw bei Stabilizer Link (SL-CHS-26105) festgestellt. Erkannt bei BMW Leipzig Plant.,SL Poland,PL,Chassis Systems,스태빌라이저링크,Stabilizer Link,SL-CHS-26105,2022-11-29,2022-12-10,2023-04-08,2023-04-23,2023-05-12,확정,설계결함,Design Flaw,Major,200,31.65,5190.6
CLM-001250,GM,GM Brazil Gravataí,BR,pt,Foreign Material Contamination detectado em Lower Control Arm (SL-CHS-49437). Identificado na GM Brazil Gravataí.,SL Brazil,BR,Chassis Systems,로어암,Lower Control Arm,SL-CHS-49437,2022-09-01,2022-09-08,2023-03-21,2023-04-03,2023-04-13,보상완료,이물혼입,Foreign Material Contamination,Minor,12,32.17,393.76
CLM-001251,GM,GM Spring Hill Assembly,US,en,Crack & Breakage detected on Outside Mirror (SL-MIR-26368). Identified at GM Spring Hill Assembly.,SL 미러텍(시흥),KR,Mirror Systems,아웃사이드미러,Outside Mirror,SL-MIR-26368,2022-07-21,2022-07-31,2023-01-17,2023-01-21,2023-03-06,보상완료,크랙·파손,Crack & Breakage,Minor,50,59.66,2774.19
CLM-001252,Kia,Kia Georgia Plant,US,en,Wiring & Electrical Defect detected on Stabilizer Link (SL-CHS-39207). Identified at Kia Georgia Plant.,SL Alabama,US,Chassis Systems,스태빌라이저링크,Stabilizer Link,SL-CHS-39207,2024-12-20,2024-12-28,2025-06-14,2025-06-16,2025-07-03,보상완료,배선·전장불량,Wiring & Electrical Defect,Minor,5,22.31,116.01
CLM-001253,Hyundai,현대자동차 아산공장,KR,ko,후미등(SL-LMP-88110) 부품에서 설계결함 발생. Hyundai 현대자동차 아산공장에서 확인됨.,SL 대구공장,KR,Lamp Systems,후미등,Tail Lamp,SL-LMP-88110,2023-04-14,2023-04-24,2023-04-26,2023-05-03,,조사중,설계결함,Design Flaw,Minor,2,85.48,141.9
CLM-001254,Ford,Changan Ford Chongqing,CN,zh,在Bonnet Latch（SL-FEM-65784）上发现Wiring & Electrical Defect。由Changan Ford Chongqing确认。,상해삼립,CN,Front End Module,본넷래치,Bonnet Latch,SL-FEM-65784,2023-09-17,2023-10-07,2024-07-08,2024-07-20,2024-08-14,확정,배선·전장불량,Wiring & Electrical Defect,Minor,12,27.23,313.69
CLM-001255,Kia,기아 광명공장,KR,ko,로어암(SL-CHS-50976) 부품에서 기타 발생. Kia 기아 광명공장에서 확인됨.,SL 대구공장,KR,Chassis Systems,로어암,Lower Control Arm,SL-CHS-50976,2022-12-25,2022-12-31,2023-07-27,2023-08-05,2023-08-31,확정,기타,Other,Minor,2,26.8,44.49
CLM-001256,Honda,Honda Marysville Auto Plant,US,en,Foreign Material Contamination detected on Radiator Support (SL-FEM-50272). Identified at Honda Marysville Auto Plant.,SL Alabama,US,Front End Module,라디에이터서포트,Radiator Support,SL-FEM-50272,2023-10-27,2023-11-06,2024-07-05,2024-07-18,2024-08-03,확정,이물혼입,Foreign Material Contamination,Minor,3,16.03,59.63
CLM-001257,Ford,Ford-Werke Cologne,DE,de,Surface & Plating Defect bei Stabilizer Link (SL-CHS-49358) festgestellt. Erkannt bei Ford-Werke Cologne.,SL 진량공장,KR,Chassis Systems,스태빌라이저링크,Stabilizer Link,SL-CHS-49358,2025-04-06,2025-04-17,2025-07-29,2025-08-03,2025-09-13,보상완료,표면·도금불량,Surface & Plating Defect,Minor,1,23.0,23.92
CLM-001258,GM,GM Korea 창원공장,KR,ko,전조등(SL-LMP-36350) 부품에서 치수불량 발생. GM Korea 창원공장에서 확인됨.,SL 천안공장,KR,Lamp Systems,전조등,Head Lamp,SL-LMP-36350,2023-05-22,2023-06-10,2024-05-05,2024-05-20,2024-06-03,기각,치수불량,Dimensional Out-of-Spec,Minor,1,58.34,61.26
CLM-001259,Honda,Honda Marysville Auto Plant,US,en,Foreign Material Contamination detected on Power Window Switch (SL-ELE-35729). Identified at Honda Marysville Auto Plant.,SL Alabama,US,Electrification,파워윈도우스위치,Power Window Switch,SL-ELE-35729,2022-08-06,2022-08-26,2023-01-20,2023-01-27,2023-02-03,확정,이물혼입,Foreign Material Contamination,Minor,3,15.5,53.47
CLM-001260,Kia,기아 광명공장,KR,ko,범퍼빔(SL-FEM-23307) 부품에서 기능불량 발생. Kia 기아 광명공장에서 확인됨.,SL Alabama,US,Front End Module,범퍼빔,Bumper Beam,SL-FEM-23307,2025-01-22,2025-01-28,2025-11-14,2025-11-20,,조사중,기능불량,Functional Failure,Minor,5,15.9,97.78
CLM-001261,GM,GM Brazil Gravataí,BR,pt,Other detectado em Power Window Switch (SL-ELE-87181). Identificado na GM Brazil Gravataí.,SL Brazil,BR,Electrification,파워윈도우스위치,Power Window Switch,SL-ELE-87181,2022-11-26,2022-12-06,2023-05-14,2023-05-18,2023-05-29,보상완료,기타,Other,Major,200,35.9,8903.2
CLM-001262,BMW,BMW Brilliance Shenyang,CN,zh,在Actuator Motor（SL-ELE-14840）上发现Surface & Plating Defect。由BMW Brilliance Shenyang确认。,북경삼립,CN,Electrification,액추에이터모터,Actuator Motor,SL-ELE-14840,2023-07-04,2023-07-24,2023-08-18,2023-08-28,2023-09-30,확정,표면·도금불량,Surface & Plating Defect,Minor,200,10.76,2690.0
CLM-001263,Stellantis,Stellantis Toluca Assembly,MX,es,Se detectó Crack & Breakage en Head Lamp (SL-LMP-80818). Identificado en Stellantis Toluca Assembly.,SL 미러텍(시흥),KR,Lamp Systems,전조등,Head Lamp,SL-LMP-80818,2024-04-24,2024-05-13,2025-04-18,2025-04-23,2025-05-06,보상완료,크랙·파손,Crack & Breakage,Minor,20,43.0,1092.2
CLM-001264,Ford,Ford-Werke Cologne,DE,de,Foreign Material Contamination bei Steering Knuckle (SL-CHS-32373) festgestellt. Erkannt bei Ford-Werke Cologne.,SL 성서공장,KR,Chassis Systems,너클,Steering Knuckle,SL-CHS-32373,2023-12-11,2023-12-29,2025-01-29,2025-02-04,2025-03-15,기각,이물혼입,Foreign Material Contamination,Minor,100,16.17,1714.02
CLM-001265,Hyundai,Beijing Hyundai Motor (BHMC),CN,zh,在Radiator Support（SL-FEM-80623）上发现Other。由Beijing Hyundai Motor (BHMC)确认。,북경삼립,CN,Front End Module,라디에이터서포트,Radiator Support,SL-FEM-80623,2023-03-10,2023-03-22,2023-06-01,2023-06-10,2023-07-23,확정,기타,Other,Minor,50,32.27,1661.91
CLM-001266,Subaru,Subaru Gunma Oizumi Plant,JP,ja,Lower Control Arm（SL-CHS-44848）にDimensional Out-of-Specを検出。Subaru Gunma Oizumi Plantにて確認。,북경삼립,CN,Chassis Systems,로어암,Lower Control Arm,SL-CHS-44848,2023-07-06,2023-07-24,2024-02-27,2024-03-11,2024-04-16,보상완료,치수불량,Dimensional Out-of-Spec,Minor,100,15.46,1375.94
CLM-001267,Hyundai,현대자동차 울산공장,KR,ko,액추에이터모터(SL-ELE-20736) 부품에서 이물혼입 발생. Hyundai 현대자동차 울산공장에서 확인됨.,SL 천안공장,KR,Electrification,액추에이터모터,Actuator Motor,SL-ELE-20736,2023-06-22,2023-07-10,2024-05-18,2024-06-01,2024-06-21,확정,이물혼입,Foreign Material Contamination,Minor,200,10.51,2543.42
CLM-001268,Ford,Ford Michigan Assembly,US,en,Other detected on Bumper Beam (SL-FEM-58549). Identified at Ford Michigan Assembly.,SL Mexico (SLP),MX,Front End Module,범퍼빔,Bumper Beam,SL-FEM-58549,2024-07-04,2024-07-24,2024-10-08,2024-10-22,2024-11-21,확정,기타,Other,Minor,5,13.97,83.12
CLM-001269,Hyundai,HMMA (Hyundai Motor Manufacturing Alabama),US,en,Material Defect detected on Bumper Beam (SL-FEM-97678). Identified at HMMA (Hyundai Motor Manufacturing Alabama).,SL 진량공장,KR,Front End Module,범퍼빔,Bumper Beam,SL-FEM-97678,2024-06-29,2024-07-06,2024-10-14,2024-10-25,2024-11-04,확정,소재불량,Material Defect,Major,200,14.51,3163.18
CLM-001270,Hyundai,Beijing Hyundai Motor (BHMC),CN,zh,在Side Repeater Mirror（SL-MIR-51307）上发现Assembly Defect。由Beijing Hyundai Motor (BHMC)确认。,동풍삼립(우한),CN,Mirror Systems,사이드리피터미러,Side Repeater Mirror,SL-MIR-51307,2024-10-04,2024-10-14,2024-12-16,2024-12-28,2025-02-05,확정,조립불량,Assembly Defect,Major,100,36.4,3894.8
CLM-001271,Hyundai,Beijing Hyundai Motor (BHMC),CN,zh,在Steering Knuckle（SL-CHS-17994）上发现Material Defect。由Beijing Hyundai Motor (BHMC)确认。,SL 대구공장,KR,Chassis Systems,너클,Steering Knuckle,SL-CHS-17994,2023-04-25,2023-05-04,2023-10-05,2023-10-17,2023-11-14,확정,소재불량,Material Defect,Minor,12,42.78,616.03
CLM-001272,GM,GM Korea 창원공장,KR,ko,범퍼빔(SL-FEM-38446) 부품에서 표면·도금불량 발생. GM Korea 창원공장에서 확인됨.,SL 대구공장,KR,Front End Module,범퍼빔,Bumper Beam,SL-FEM-38446,2024-03-14,2024-03-29,2024-12-15,2024-12-25,2025-01-19,확정,표면·도금불량,Surface & Plating Defect,Minor,200,9.63,1540.8
CLM-001273,Kia,기아 광주공장,KR,ko,안개등(SL-LMP-92951) 부품에서 치수불량 발생. Kia 기아 광주공장에서 확인됨.,SL Brazil,BR,Lamp Systems,안개등,Fog Lamp,SL-LMP-92951,2023-12-23,2024-01-02,2024-08-20,2024-08-22,2024-09-18,기각,치수불량,Dimensional Out-of-Spec,Minor,5,63.01,340.25
CLM-001274,Kia,기아 화성공장,KR,ko,범퍼빔(SL-FEM-96510) 부품에서 조립불량 발생. Kia 기아 화성공장에서 확인됨.,SL 대구공장,KR,Front End Module,범퍼빔,Bumper Beam,SL-FEM-96510,2023-01-04,2023-01-14,2023-10-02,2023-10-10,2023-11-11,확정,조립불량,Assembly Defect,Minor,3,22.71,68.81
CLM-001275,Ford,Changan Ford Chongqing,CN,zh,在Lower Control Arm（SL-CHS-78319）上发现Dimensional Out-of-Spec。由Changan Ford Chongqing确认。,SL 옌타이,CN,Chassis Systems,로어암,Lower Control Arm,SL-CHS-78319,2022-11-25,2022-12-06,2023-06-18,2023-06-23,,조사중,치수불량,Dimensional Out-of-Spec,Minor,2,13.15,22.36
CLM-001276,KGM,KGM 평택공장,KR,ko,룸미러(SL-MIR-80177) 부품에서 조립불량 발생. KGM 평택공장에서 확인됨.,동풍삼립(우한),CN,Mirror Systems,룸미러,Inside Mirror,SL-MIR-80177,2024-01-28,2024-02-08,2024-09-05,2024-09-06,2024-09-16,보상완료,조립불량,Assembly Defect,Minor,5,53.46,286.01
CLM-001277,Hyundai,현대자동차 아산공장,KR,ko,본넷래치(SL-FEM-65341) 부품에서 기능불량 발생. Hyundai 현대자동차 아산공장에서 확인됨.,SL 천안공장,KR,Front End Module,본넷래치,Bonnet Latch,SL-FEM-65341,2023-01-09,2023-01-15,2023-10-03,2023-10-08,2023-10-28,기각,기능불량,Functional Failure,Minor,2,22.28,48.57
CLM-001278,BMW,BMW Munich Plant,DE,de,Other bei Actuator Motor (SL-ELE-64839) festgestellt. Erkannt bei BMW Munich Plant.,SL Brazil,BR,Electrification,액추에이터모터,Actuator Motor,SL-ELE-64839,2025-03-08,2025-03-19,2025-10-11,2025-10-23,2025-12-07,보상완료,기타,Other,Critical,500,53.43,33660.9
CLM-001279,GM,GM Korea 창원공장,KR,ko,파워윈도우스위치(SL-ELE-45339) 부품에서 이물혼입 발생. GM Korea 창원공장에서 확인됨.,SL 성서공장,KR,Electrification,파워윈도우스위치,Power Window Switch,SL-ELE-45339,2023-09-12,2023-09-26,2024-10-17,2024-10-19,2024-11-06,보상완료,이물혼입,Foreign Material Contamination,Major,100,43.69,4500.07
CLM-001280,Stellantis,Stellantis Toledo Assembly,US,en,Other detected on Bumper Beam (SL-FEM-23848). Identified at Stellantis Toledo Assembly.,SL Tennessee,US,Front End Module,범퍼빔,Bumper Beam,SL-FEM-23848,2024-10-04,2024-10-08,2025-02-24,2025-02-28,2025-03-16,확정,기타,Other,Major,100,28.52,3565.0
CLM-001281,GM,GM Korea 창원공장,KR,ko,스태빌라이저링크(SL-CHS-39156) 부품에서 조립불량 발생. GM Korea 창원공장에서 확인됨.,SL 미러텍(시흥),KR,Chassis Systems,스태빌라이저링크,Stabilizer Link,SL-CHS-39156,2023-12-21,2024-01-05,2024-04-24,2024-04-29,2024-05-30,보상완료,조립불량,Assembly Defect,Minor,8,15.11,140.22
CLM-001282,BMW,BMW Leipzig Plant,DE,de,Design Flaw bei Side Repeater Mirror (SL-MIR-93481) festgestellt. Erkannt bei BMW Leipzig Plant.,상해삼립,CN,Mirror Systems,사이드리피터미러,Side Repeater Mirror,SL-MIR-93481,2025-04-18,2025-04-26,2025-05-08,2025-05-17,,조사중,설계결함,Design Flaw,Minor,12,33.23,350.91
CLM-001283,Hyundai,HMMA (Hyundai Motor Manufacturing Alabama),US,en,Crack & Breakage detected on Rear Combination Lamp (SL-LMP-14567). Identified at HMMA (Hyundai Motor Manufacturing Alabama).,SL Tennessee,US,Lamp Systems,리어콤비램프,Rear Combination Lamp,SL-LMP-14567,2024-04-26,2024-05-13,2024-12-30,2025-01-02,,접수,크랙·파손,Crack & Breakage,Minor,2,26.28,60.44
CLM-001284,GM,SAIC-GM Shanghai,CN,zh,在Rear Combination Lamp（SL-LMP-38192）上发现Material Defect。由SAIC-GM Shanghai确认。,북경삼립,CN,Lamp Systems,리어콤비램프,Rear Combination Lamp,SL-LMP-38192,2023-06-23,2023-07-07,2023-11-23,2023-12-06,2024-01-13,확정,소재불량,Material Defect,Minor,1,65.39,75.85
CLM-001285,Kia,기아 광명공장,KR,ko,범퍼빔(SL-FEM-86989) 부품에서 치수불량 발생. Kia 기아 광명공장에서 확인됨.,SL 성서공장,KR,Front End Module,범퍼빔,Bumper Beam,SL-FEM-86989,2025-05-29,2025-06-13,2025-08-30,2025-09-04,2025-10-13,보상완료,치수불량,Dimensional Out-of-Spec,Minor,5,12.95,64.1
CLM-001286,KGM,KGM 평택공장,KR,ko,로어암(SL-CHS-44736) 부품에서 기타 발생. KGM 평택공장에서 확인됨.,SL 미러텍(시흥),KR,Chassis Systems,로어암,Lower Control Arm,SL-CHS-44736,2023-11-30,2023-12-16,2024-03-14,2024-03-16,,조사중,기타,Other,Minor,1,13.17,12.51
CLM-001287,GM,GM Korea 부평공장,KR,ko,범퍼빔(SL-FEM-29570) 부품에서 조립불량 발생. GM Korea 부평공장에서 확인됨.,SL 진량공장,KR,Front End Module,범퍼빔,Bumper Beam,SL-FEM-29570,2024-08-02,2024-08-10,2025-03-28,2025-03-29,2025-04-10,보상완료,조립불량,Assembly Defect,Minor,1,24.05,28.62
CLM-001288,Kia,Kia Georgia Plant,US,en,Other detected on Sensor Module (SL-ELE-35767). Identified at Kia Georgia Plant.,SL 안산공장,KR,Electrification,센서모듈,Sensor Module,SL-ELE-35767,2024-07-10,2024-07-13,2025-04-18,2025-04-19,2025-05-22,확정,기타,Other,Minor,12,11.35,115.77
CLM-001289,Kia,기아 광주공장,KR,ko,주간주행등(SL-LMP-38336) 부품에서 기능불량 발생. Kia 기아 광주공장에서 확인됨.,SL 진량공장,KR,Lamp Systems,주간주행등,Daytime Running Lamp,SL-LMP-38336,2025-06-09,2025-06-18,2025-08-03,2025-08-16,2025-09-29,보상완료,기능불량,Functional Failure,Minor,3,35.42,90.32
CLM-001290,GM,GM Fort Wayne Assembly,US,en,Crack & Breakage detected on Radiator Support (SL-FEM-28682). Identified at GM Fort Wayne Assembly.,SL Tennessee,US,Front End Module,라디에이터서포트,Radiator Support,SL-FEM-28682,2023-11-12,2023-11-15,2024-01-16,2024-01-29,2024-02-21,보상완료,크랙·파손,Crack & Breakage,Minor,20,29.39,764.14
CLM-001291,Hyundai,현대자동차 아산공장,KR,ko,주간주행등(SL-LMP-43663) 부품에서 표면·도금불량 발생. Hyundai 현대자동차 아산공장에서 확인됨.,SL 천안공장,KR,Lamp Systems,주간주행등,Daytime Running Lamp,SL-LMP-43663,2024-04-30,2024-05-16,2024-09-19,2024-09-20,2024-10-02,보상완료,표면·도금불량,Surface & Plating Defect,Minor,8,44.05,419.36
CLM-001292,Honda,Honda Marysville Auto Plant,US,en,Assembly Defect detected on Tail Lamp (SL-LMP-54868). Identified at Honda Marysville Auto Plant.,SL Alabama,US,Lamp Systems,후미등,Tail Lamp,SL-LMP-54868,2023-09-07,2023-09-18,2024-01-06,2024-01-19,,조사중,조립불량,Assembly Defect,Major,200,42.65,9980.1
CLM-001293,GM,GM Fort Wayne Assembly,US,en,Design Flaw detected on Actuator Motor (SL-ELE-37294). Identified at GM Fort Wayne Assembly.,호북삼립,CN,Electrification,액추에이터모터,Actuator Motor,SL-ELE-37294,2023-05-25,2023-06-08,2024-01-10,2024-01-16,,조사중,설계결함,Design Flaw,Minor,50,28.4,1604.6
CLM-001294,BMW,BMW Spartanburg Plant,US,en,Assembly Defect detected on Inside Mirror (SL-MIR-55212). Identified at BMW Spartanburg Plant.,SL 진량공장,KR,Mirror Systems,룸미러,Inside Mirror,SL-MIR-55212,2024-02-20,2024-03-11,2025-01-05,2025-01-11,,조사중,조립불량,Assembly Defect,Minor,3,25.29,82.7
CLM-001295,Hyundai,Beijing Hyundai Motor (BHMC),CN,zh,在Radiator Support（SL-FEM-47425）上发现Dimensional Out-of-Spec。由Beijing Hyundai Motor (BHMC)确认。,SL 옌타이,CN,Front End Module,라디에이터서포트,Radiator Support,SL-FEM-47425,2024-11-29,2024-12-17,2025-04-27,2025-05-06,2025-06-10,확정,치수불량,Dimensional Out-of-Spec,Minor,3,13.78,40.93
CLM-001296,Hyundai,현대자동차 울산공장,KR,ko,혼(SL-FEM-13097) 부품에서 소재불량 발생. Hyundai 현대자동차 울산공장에서 확인됨.,SL 안산공장,KR,Front End Module,혼,Horn,SL-FEM-13097,2024-10-14,2024-10-24,2025-11-12,2025-11-20,2025-12-28,확정,소재불량,Material Defect,Minor,200,10.96,1797.44
CLM-001297,Kia,Kia India (Anantapur),IN,en,Design Flaw detected on Head Lamp (SL-LMP-62909). Identified at Kia India (Anantapur).,SL Lumax (India),IN,Lamp Systems,전조등,Head Lamp,SL-LMP-62909,2024-11-11,2024-11-20,2025-12-19,2025-12-26,,접수,설계결함,Design Flaw,Minor,5,76.05,490.52
CLM-001298,Kia,기아 광주공장,KR,ko,리어콤비램프(SL-LMP-30672) 부품에서 설계결함 발생. Kia 기아 광주공장에서 확인됨.,SL 천안공장,KR,Lamp Systems,리어콤비램프,Rear Combination Lamp,SL-LMP-30672,2023-04-17,2023-05-06,2023-08-29,2023-09-05,2023-10-05,확정,설계결함,Design Flaw,Minor,3,71.44,171.46
CLM-001299,Hyundai,현대자동차 아산공장,KR,ko,아웃사이드미러(SL-MIR-57091) 부품에서 조립불량 발생. Hyundai 현대자동차 아산공장에서 확인됨.,SL 미러텍(시흥),KR,Mirror Systems,아웃사이드미러,Outside Mirror,SL-MIR-57091,2024-10-25,2024-11-03,2024-11-04,2024-11-17,2024-11-23,확정,조립불량,Assembly Defect,Minor,1,47.43,46.96
CLM-001300,Stellantis,Stellantis Toluca Assembly,MX,es,Se detectó Other en Bonnet Latch (SL-FEM-87823). Identificado en Stellantis Toluca Assembly.,호북삼립,CN,Front End Module,본넷래치,Bonnet Latch,SL-FEM-87823,2022-10-03,2022-10-06,2023-08-16,2023-08-17,2023-09-25,확정,기타,Other,Minor,2,11.28,19.4
CLM-001301,Stellantis,Stellantis Toledo Assembly,US,en,Wiring & Electrical Defect detected on Wiring Harness (SL-ELE-40814). Identified at Stellantis Toledo Assembly.,SL Alabama,US,Electrification,와이어링하네스,Wiring Harness,SL-ELE-40814,2022-10-08,2022-10-26,2023-10-12,2023-10-16,2023-11-25,보상완료,배선·전장불량,Wiring & Electrical Defect,Major,200,42.7,9991.8
CLM-001302,BMW,BMW Brilliance Shenyang,CN,zh,在Actuator Motor（SL-ELE-81776）上发现Assembly Defect。由BMW Brilliance Shenyang确认。,동풍삼립(우한),CN,Electrification,액추에이터모터,Actuator Motor,SL-ELE-81776,2024-09-05,2024-09-16,2025-05-20,2025-05-27,2025-06-02,확정,조립불량,Assembly Defect,Major,200,46.72,12053.76
CLM-001303,GM,GM Brazil Gravataí,BR,pt,Material Defect detectado em Tail Lamp (SL-LMP-68414). Identificado na GM Brazil Gravataí.,SL Brazil,BR,Lamp Systems,후미등,Tail Lamp,SL-LMP-68414,2023-04-10,2023-04-29,2023-06-18,2023-07-03,,조사중,소재불량,Material Defect,Critical,500,64.27,35991.2
CLM-001304,Ford,Ford-Werke Cologne,DE,de,Surface & Plating Defect bei Tail Lamp (SL-LMP-93351) festgestellt. Erkannt bei Ford-Werke Cologne.,SL 대구공장,KR,Lamp Systems,후미등,Tail Lamp,SL-LMP-93351,2023-07-08,2023-07-11,2024-06-16,2024-06-18,2024-07-11,확정,표면·도금불량,Surface & Plating Defect,Minor,8,51.84,335.92
CLM-001305,Kia,Kia India (Anantapur),IN,en,Assembly Defect detected on Sensor Module (SL-ELE-63008). Identified at Kia India (Anantapur).,SL Lumax (India),IN,Electrification,센서모듈,Sensor Module,SL-ELE-63008,2024-10-12,2024-10-19,2025-06-03,2025-06-15,,조사중,조립불량,Assembly Defect,Minor,100,16.21,2010.04
CLM-001306,Ford,Ford Michigan Assembly,US,en,Assembly Defect detected on Wiring Harness (SL-ELE-28058). Identified at Ford Michigan Assembly.,SL 안산공장,KR,Electrification,와이어링하네스,Wiring Harness,SL-ELE-28058,2023-06-25,2023-07-12,2024-03-31,2024-04-10,2024-05-01,보상완료,조립불량,Assembly Defect,Minor,3,53.24,159.72
CLM-001307,Hyundai,HMMA (Hyundai Motor Manufacturing Alabama),US,en,Surface & Plating Defect detected on Stabilizer Link (SL-CHS-52567). Identified at HMMA (Hyundai Motor Manufacturing Alabama).,SL Alabama,US,Chassis Systems,스태빌라이저링크,Stabilizer Link,SL-CHS-52567,2023-01-29,2023-02-08,2023-10-06,2023-10-19,2023-12-01,보상완료,표면·도금불량,Surface & Plating Defect,Minor,20,22.28,570.37
CLM-001308,Kia,Kia Georgia Plant,US,en,Material Defect detected on Side Repeater Mirror (SL-MIR-22412). Identified at Kia Georgia Plant.,SL Tennessee,US,Mirror Systems,사이드리피터미러,Side Repeater Mirror,SL-MIR-22412,2022-12-21,2023-01-03,2023-10-13,2023-10-15,2023-11-13,확정,소재불량,Material Defect,Critical,500,28.83,16144.8
CLM-001309,Kia,Kia India (Anantapur),IN,en,Assembly Defect detected on Head Lamp (SL-LMP-70902). Identified at Kia India (Anantapur).,SL Lumax (India),IN,Lamp Systems,전조등,Head Lamp,SL-LMP-70902,2023-08-26,2023-08-30,2023-12-21,2023-12-26,2023-12-30,확정,조립불량,Assembly Defect,Minor,2,33.31,61.29
CLM-001310,Hyundai,현대자동차 울산공장,KR,ko,사이드리피터미러(SL-MIR-92201) 부품에서 크랙·파손 발생. Hyundai 현대자동차 울산공장에서 확인됨.,SL 대구공장,KR,Mirror Systems,사이드리피터미러,Side Repeater Mirror,SL-MIR-92201,2025-04-04,2025-04-18,2025-05-24,2025-05-26,,조사중,크랙·파손,Crack & Breakage,Major,100,55.77,4517.37
CLM-001311,Ford,Changan Ford Chongqing,CN,zh,在Steering Knuckle（SL-CHS-60047）上发现Functional Failure。由Changan Ford Chongqing确认。,SL Alabama,US,Chassis Systems,너클,Steering Knuckle,SL-CHS-60047,2022-10-22,2022-10-30,2023-04-05,2023-04-20,,조사중,기능불량,Functional Failure,Minor,20,44.59,1096.91
CLM-001312,Kia,기아 화성공장,KR,ko,아웃사이드미러(SL-MIR-57965) 부품에서 크랙·파손 발생. Kia 기아 화성공장에서 확인됨.,SL 안산공장,KR,Mirror Systems,아웃사이드미러,Outside Mirror,SL-MIR-57965,2024-10-06,2024-10-15,2025-10-19,2025-10-31,2025-11-12,확정,크랙·파손,Crack & Breakage,Minor,5,37.49,239.94
CLM-001313,Hyundai,HMGMA (Hyundai Motor Group Metaplant America),US,en,Dimensional Out-of-Spec detected on Tail Lamp (SL-LMP-70142). Identified at HMGMA (Hyundai Motor Group Metaplant America).,SL Alabama,US,Lamp Systems,후미등,Tail Lamp,SL-LMP-70142,2023-06-06,2023-06-23,2024-01-11,2024-01-12,2024-02-10,확정,치수불량,Dimensional Out-of-Spec,Minor,12,85.57,1221.94
CLM-001314,Subaru,Subaru of Indiana Automotive,US,en,Design Flaw detected on Radiator Support (SL-FEM-76930). Identified at Subaru of Indiana Automotive.,SL Alabama,US,Front End Module,라디에이터서포트,Radiator Support,SL-FEM-76930,2023-08-09,2023-08-21,2024-07-06,2024-07-14,2024-07-22,확정,설계결함,Design Flaw,Minor,200,9.62,1731.6
CLM-001315,Hyundai,HMGMA (Hyundai Motor Group Metaplant America),US,en,Surface & Plating Defect detected on Sensor Module (SL-ELE-75614). Identified at HMGMA (Hyundai Motor Group Metaplant America).,SL 천안공장,KR,Electrification,센서모듈,Sensor Module,SL-ELE-75614,2025-04-07,2025-04-14,2025-09-16,2025-09-19,2025-10-09,확정,표면·도금불량,Surface & Plating Defect,Minor,8,12.41,115.16
CLM-001316,Honda,Honda Suzuka Factory,JP,ja,Fog Lamp（SL-LMP-93518）にDesign Flawを検出。Honda Suzuka Factoryにて確認。,SL 옌타이,CN,Lamp Systems,안개등,Fog Lamp,SL-LMP-93518,2025-01-12,2025-01-26,2025-06-05,2025-06-08,2025-07-17,확정,설계결함,Design Flaw,Minor,1,88.04,99.49
CLM-001317,Kia,기아 광주공장,KR,ko,리어콤비램프(SL-LMP-74626) 부품에서 표면·도금불량 발생. Kia 기아 광주공장에서 확인됨.,SL 진량공장,KR,Lamp Systems,리어콤비램프,Rear Combination Lamp,SL-LMP-74626,2023-04-11,2023-05-01,2024-02-05,2024-02-07,2024-03-10,확정,표면·도금불량,Surface & Plating Defect,Minor,1,80.72,81.53
CLM-001318,Kia,기아 광주공장,KR,ko,와이어링하네스(SL-ELE-18489) 부품에서 배선·전장불량 발생. Kia 기아 광주공장에서 확인됨.,SL 성서공장,KR,Electrification,와이어링하네스,Wiring Harness,SL-ELE-18489,2025-03-16,2025-03-27,2025-12-17,2025-12-27,,조사중,배선·전장불량,Wiring & Electrical Defect,Minor,1,54.69,54.69
CLM-001319,Honda,Honda Marysville Auto Plant,US,en,Material Defect detected on Tail Lamp (SL-LMP-21941). Identified at Honda Marysville Auto Plant.,SL Tennessee,US,Lamp Systems,후미등,Tail Lamp,SL-LMP-21941,2023-05-08,2023-05-20,2023-11-26,2023-11-30,2023-12-20,기각,소재불량,Material Defect,Minor,3,41.06,99.78
CLM-001320,Ford,Ford Kentucky Truck Plant,US,en,Assembly Defect detected on Inside Mirror (SL-MIR-28648). Identified at Ford Kentucky Truck Plant.,SL Tennessee,US,Mirror Systems,룸미러,Inside Mirror,SL-MIR-28648,2022-07-05,2022-07-24,2023-07-25,2023-08-01,,조사중,조립불량,Assembly Defect,Minor,5,28.16,183.04
CLM-001321,Hyundai,Beijing Hyundai Motor (BHMC),CN,zh,在Fog Lamp（SL-LMP-14251）上发现Surface & Plating Defect。由Beijing Hyundai Motor (BHMC)确认。,북경삼립,CN,Lamp Systems,안개등,Fog Lamp,SL-LMP-14251,2022-09-30,2022-10-12,2023-01-28,2023-02-12,2023-02-22,보상완료,표면·도금불량,Surface & Plating Defect,Minor,2,73.76,154.9
CLM-001322,Hyundai,HMGMA (Hyundai Motor Group Metaplant America),US,en,Wiring & Electrical Defect detected on Head Lamp (SL-LMP-92620). Identified at HMGMA (Hyundai Motor Group Metaplant America).,SL Brazil,BR,Lamp Systems,전조등,Head Lamp,SL-LMP-92620,2024-12-01,2024-12-15,2025-03-05,2025-03-16,2025-03-22,기각,배선·전장불량,Wiring & Electrical Defect,Minor,8,31.4,281.34
CLM-001323,Stellantis,Stellantis Toluca Assembly,MX,es,Se detectó Material Defect en Head Lamp (SL-LMP-20097). Identificado en Stellantis Toluca Assembly.,SL Mexico (SLP),MX,Lamp Systems,전조등,Head Lamp,SL-LMP-20097,2023-07-03,2023-07-16,2024-02-26,2024-03-01,2024-03-14,확정,소재불량,Material Defect,Minor,1,55.72,49.03
CLM-001324,GM,GM Fort Wayne Assembly,US,en,Dimensional Out-of-Spec detected on Inside Mirror (SL-MIR-88478). Identified at GM Fort Wayne Assembly.,SL Alabama,US,Mirror Systems,룸미러,Inside Mirror,SL-MIR-88478,2022-04-14,2022-04-24,2023-04-26,2023-05-04,,조사중,치수불량,Dimensional Out-of-Spec,Minor,2,41.34,89.29
CLM-001325,GM,SAIC-GM Shanghai,CN,zh,在Side Repeater Mirror（SL-MIR-88082）上发现Surface & Plating Defect。由SAIC-GM Shanghai确认。,SL 옌타이,CN,Mirror Systems,사이드리피터미러,Side Repeater Mirror,SL-MIR-88082,2024-10-01,2024-10-19,2025-02-25,2025-03-05,2025-04-11,보상완료,표면·도금불량,Surface & Plating Defect,Minor,50,36.94,1680.77
CLM-001326,GM,GM Fort Wayne Assembly,US,en,Wiring & Electrical Defect detected on Inside Mirror (SL-MIR-81700). Identified at GM Fort Wayne Assembly.,SL Tennessee,US,Mirror Systems,룸미러,Inside Mirror,SL-MIR-81700,2022-01-31,2022-02-20,2023-01-31,2023-02-06,2023-03-10,보상완료,배선·전장불량,Wiring & Electrical Defect,Minor,1,20.74,23.44
CLM-001327,BMW,BMW Spartanburg Plant,US,en,Dimensional Out-of-Spec detected on Bonnet Latch (SL-FEM-31268). Identified at BMW Spartanburg Plant.,SL Tennessee,US,Front End Module,본넷래치,Bonnet Latch,SL-FEM-31268,2023-02-13,2023-02-17,2023-09-06,2023-09-19,2023-10-30,보상완료,치수불량,Dimensional Out-of-Spec,Minor,100,17.52,1804.56
CLM-001328,Kia,Kia Georgia Plant,US,en,Material Defect detected on Daytime Running Lamp (SL-LMP-91231). Identified at Kia Georgia Plant.,SL Alabama,US,Lamp Systems,주간주행등,Daytime Running Lamp,SL-LMP-91231,2023-04-13,2023-04-27,2023-08-31,2023-09-12,2023-09-24,기각,소재불량,Material Defect,Minor,12,28.57,294.84
CLM-001329,Kia,기아 광주공장,KR,ko,전조등(SL-LMP-72959) 부품에서 배선·전장불량 발생. Kia 기아 광주공장에서 확인됨.,호북삼립,CN,Lamp Systems,전조등,Head Lamp,SL-LMP-72959,2022-09-21,2022-09-30,2023-01-20,2023-01-26,,조사중,배선·전장불량,Wiring & Electrical Defect,Minor,8,83.03,584.53
CLM-001330,Stellantis,Stellantis Toluca Assembly,MX,es,Se detectó Surface & Plating Defect en Wiring Harness (SL-ELE-85744). Identificado en Stellantis Toluca Assembly.,SL 천안공장,KR,Electrification,와이어링하네스,Wiring Harness,SL-ELE-85744,2023-04-23,2023-05-13,2023-10-08,2023-10-22,2023-10-29,확정,표면·도금불량,Surface & Plating Defect,Minor,1,10.46,13.18
CLM-001331,Ford,Ford Kentucky Truck Plant,US,en,Wiring & Electrical Defect detected on Outside Mirror (SL-MIR-29314). Identified at Ford Kentucky Truck Plant.,동풍삼립(우한),CN,Mirror Systems,아웃사이드미러,Outside Mirror,SL-MIR-29314,2023-01-13,2023-01-18,2023-07-26,2023-08-02,2023-08-28,확정,배선·전장불량,Wiring & Electrical Defect,Minor,20,54.91,1098.2
CLM-001332,Stellantis,Stellantis Toledo Assembly,US,en,Functional Failure detected on Stabilizer Link (SL-CHS-21890). Identified at Stellantis Toledo Assembly.,SL Tennessee,US,Chassis Systems,스태빌라이저링크,Stabilizer Link,SL-CHS-21890,2023-06-26,2023-07-09,2023-07-11,2023-07-12,2023-08-01,보상완료,기능불량,Functional Failure,Minor,20,20.57,534.82
CLM-001333,GM,SAIC-GM Shanghai,CN,zh,在Steering Knuckle（SL-CHS-42346）上发现Functional Failure。由SAIC-GM Shanghai确认。,SL 천안공장,KR,Chassis Systems,너클,Steering Knuckle,SL-CHS-42346,2024-06-03,2024-06-09,2024-11-21,2024-11-24,2024-12-01,확정,기능불량,Functional Failure,Minor,50,22.87,971.98
CLM-001334,Kia,기아 광주공장,KR,ko,액추에이터모터(SL-ELE-54743) 부품에서 조립불량 발생. Kia 기아 광주공장에서 확인됨.,SL Poland,PL,Electrification,액추에이터모터,Actuator Motor,SL-ELE-54743,2024-08-24,2024-08-31,2025-01-11,2025-01-18,2025-03-02,보상완료,조립불량,Assembly Defect,Critical,500,46.54,23968.1
CLM-001335,Kia,Kia Georgia Plant,US,en,Foreign Material Contamination detected on Horn (SL-FEM-46724). Identified at Kia Georgia Plant.,SL Alabama,US,Front End Module,혼,Horn,SL-FEM-46724,2024-03-28,2024-04-14,2025-05-15,2025-05-23,,조사중,이물혼입,Foreign Material Contamination,Minor,2,19.92,32.27
CLM-001336,Hyundai,Beijing Hyundai Motor (BHMC),CN,zh,在Stabilizer Link（SL-CHS-73004）上发现Assembly Defect。由Beijing Hyundai Motor (BHMC)确认。,상해삼립,CN,Chassis Systems,스태빌라이저링크,Stabilizer Link,SL-CHS-73004,2025-01-19,2025-01-29,2025-12-24,2025-12-31,,접수,조립불량,Assembly Defect,Minor,5,15.22,73.06
CLM-001337,KGM,KGM 평택공장,KR,ko,로어암(SL-CHS-49546) 부품에서 설계결함 발생. KGM 평택공장에서 확인됨.,SL Mexico (SLP),MX,Chassis Systems,로어암,Lower Control Arm,SL-CHS-49546,2025-04-26,2025-05-13,2025-10-27,2025-11-07,2025-11-13,확정,설계결함,Design Flaw,Major,200,17.7,3292.2
CLM-001338,Ford,Changan Ford Chongqing,CN,zh,在Side Repeater Mirror（SL-MIR-77658）上发现Assembly Defect。由Changan Ford Chongqing确认。,SL Mexico (SLP),MX,Mirror Systems,사이드리피터미러,Side Repeater Mirror,SL-MIR-77658,2024-07-27,2024-08-13,2024-09-06,2024-09-13,2024-09-24,확정,조립불량,Assembly Defect,Minor,50,52.64,2605.68
CLM-001339,Hyundai,HMGMA (Hyundai Motor Group Metaplant America),US,en,Other detected on Lower Control Arm (SL-CHS-81891). Identified at HMGMA (Hyundai Motor Group Metaplant America).,SL Tennessee,US,Chassis Systems,로어암,Lower Control Arm,SL-CHS-81891,2024-07-15,2024-07-31,2025-04-01,2025-04-13,,조사중,기타,Other,Minor,3,19.19,61.02
CLM-001340,Ford,Changan Ford Chongqing,CN,zh,在Stabilizer Link（SL-CHS-78592）上发现Foreign Material Contamination。由Changan Ford Chongqing确认。,북경삼립,CN,Chassis Systems,스태빌라이저링크,Stabilizer Link,SL-CHS-78592,2024-05-07,2024-05-17,2025-03-16,2025-03-19,,조사중,이물혼입,Foreign Material Contamination,Minor,12,37.65,420.17
CLM-001341,Kia,기아 화성공장,KR,ko,사이드리피터미러(SL-MIR-64803) 부품에서 이물혼입 발생. Kia 기아 화성공장에서 확인됨.,SL 천안공장,KR,Mirror Systems,사이드리피터미러,Side Repeater Mirror,SL-MIR-64803,2022-12-18,2023-01-04,2023-06-21,2023-06-28,2023-07-01,보상완료,이물혼입,Foreign Material Contamination,Minor,5,54.09,316.43
CLM-001342,Kia,기아 화성공장,KR,ko,파워윈도우스위치(SL-ELE-75511) 부품에서 기타 발생. Kia 기아 화성공장에서 확인됨.,SL Lumax (India),IN,Electrification,파워윈도우스위치,Power Window Switch,SL-ELE-75511,2024-05-21,2024-06-01,2024-11-25,2024-11-28,2024-12-05,확정,기타,Other,Minor,1,20.86,24.82
CLM-001343,Kia,기아 광명공장,KR,ko,룸미러(SL-MIR-37032) 부품에서 기능불량 발생. Kia 기아 광명공장에서 확인됨.,SL 미러텍(시흥),KR,Mirror Systems,룸미러,Inside Mirror,SL-MIR-37032,2023-11-27,2023-12-05,2024-01-05,2024-01-08,2024-01-20,보상완료,기능불량,Functional Failure,Minor,2,25.32,42.54
CLM-001344,GM,GM Spring Hill Assembly,US,en,Other detected on Actuator Motor (SL-ELE-74463). Identified at GM Spring Hill Assembly.,SL Alabama,US,Electrification,액추에이터모터,Actuator Motor,SL-ELE-74463,2022-12-25,2023-01-02,2023-08-07,2023-08-08,2023-08-21,보상완료,기타,Other,Minor,100,26.74,2513.56
CLM-001345,Stellantis,Stellantis Sterling Heights Assembly,US,en,Design Flaw detected on Lower Control Arm (SL-CHS-23574). Identified at Stellantis Sterling Heights Assembly.,SL Tennessee,US,Chassis Systems,로어암,Lower Control Arm,SL-CHS-23574,2024-07-24,2024-07-27,2025-05-20,2025-05-24,2025-06-07,확정,설계결함,Design Flaw,Minor,1,41.65,48.73
CLM-001346,KGM,KGM 평택공장,KR,ko,혼(SL-FEM-74940) 부품에서 소재불량 발생. KGM 평택공장에서 확인됨.,SL 대구공장,KR,Front End Module,혼,Horn,SL-FEM-74940,2023-04-21,2023-05-07,2023-06-08,2023-06-17,,접수,소재불량,Material Defect,Minor,50,20.54,1273.48
CLM-001347,Hyundai,현대자동차 아산공장,KR,ko,본넷래치(SL-FEM-68412) 부품에서 표면·도금불량 발생. Hyundai 현대자동차 아산공장에서 확인됨.,SL 안산공장,KR,Front End Module,본넷래치,Bonnet Latch,SL-FEM-68412,2022-09-24,2022-09-27,2023-03-22,2023-03-23,2023-04-07,확정,표면·도금불량,Surface & Plating Defect,Minor,3,19.16,59.2
CLM-001348,Kia,기아 광주공장,KR,ko,본넷래치(SL-FEM-83819) 부품에서 배선·전장불량 발생. Kia 기아 광주공장에서 확인됨.,SL 진량공장,KR,Front End Module,본넷래치,Bonnet Latch,SL-FEM-83819,2023-11-23,2023-12-09,2024-07-24,2024-07-28,2024-07-31,보상완료,배선·전장불량,Wiring & Electrical Defect,Minor,5,33.86,138.83
CLM-001349,Kia,기아 광주공장,KR,ko,센서모듈(SL-ELE-24250) 부품에서 기능불량 발생. Kia 기아 광주공장에서 확인됨.,SL 안산공장,KR,Electrification,센서모듈,Sensor Module,SL-ELE-24250,2023-03-02,2023-03-12,2024-03-24,2024-03-27,2024-04-09,확정,기능불량,Functional Failure,Minor,3,34.34,86.54
CLM-001350,Honda,Honda Marysville Auto Plant,US,en,Dimensional Out-of-Spec detected on Stabilizer Link (SL-CHS-16259). Identified at Honda Marysville Auto Plant.,SL Alabama,US,Chassis Systems,스태빌라이저링크,Stabilizer Link,SL-CHS-16259,2023-07-19,2023-08-04,2024-09-03,2024-09-04,,조사중,치수불량,Dimensional Out-of-Spec,Minor,20,26.93,603.23
CLM-001351,Stellantis,Stellantis Sterling Heights Assembly,US,en,Wiring & Electrical Defect detected on Lower Control Arm (SL-CHS-87085). Identified at Stellantis Sterling Heights Assembly.,SL 옌타이,CN,Chassis Systems,로어암,Lower Control Arm,SL-CHS-87085,2025-05-01,2025-05-15,2025-09-28,2025-09-29,2025-10-02,확정,배선·전장불량,Wiring & Electrical Defect,Major,100,26.35,3188.35
CLM-001352,Kia,Kia Georgia Plant,US,en,Other detected on Tail Lamp (SL-LMP-15845). Identified at Kia Georgia Plant.,SL Brazil,BR,Lamp Systems,후미등,Tail Lamp,SL-LMP-15845,2022-02-08,2022-02-14,2023-01-21,2023-01-31,2023-02-13,보상완료,기타,Other,Minor,1,35.78,42.58
CLM-001353,Honda,Honda Suzuka Factory,JP,ja,Actuator Motor（SL-ELE-46633）にForeign Material Contaminationを検出。Honda Suzuka Factoryにて確認。,SL Alabama,US,Electrification,액추에이터모터,Actuator Motor,SL-ELE-46633,2023-09-06,2023-09-10,2024-06-14,2024-06-24,2024-07-07,확정,이물혼입,Foreign Material Contamination,Minor,5,21.13,94.03
CLM-001354,Subaru,Subaru of Indiana Automotive,US,en,Foreign Material Contamination detected on Stabilizer Link (SL-CHS-53435). Identified at Subaru of Indiana Automotive.,SL Tennessee,US,Chassis Systems,스태빌라이저링크,Stabilizer Link,SL-CHS-53435,2024-10-29,2024-11-04,2024-12-05,2024-12-15,2025-01-01,보상완료,이물혼입,Foreign Material Contamination,Minor,8,22.84,211.96
CLM-001355,Honda,Honda Marysville Auto Plant,US,en,Surface & Plating Defect detected on Sensor Module (SL-ELE-37282). Identified at Honda Marysville Auto Plant.,SL Lumax (India),IN,Electrification,센서모듈,Sensor Module,SL-ELE-37282,2022-12-31,2023-01-10,2024-02-01,2024-02-05,2024-02-26,보상완료,표면·도금불량,Surface & Plating Defect,Minor,20,51.36,1129.92
CLM-001356,Hyundai,Beijing Hyundai Motor (BHMC),CN,zh,在Inside Mirror（SL-MIR-45418）上发现Dimensional Out-of-Spec。由Beijing Hyundai Motor (BHMC)确认。,북경삼립,CN,Mirror Systems,룸미러,Inside Mirror,SL-MIR-45418,2023-04-09,2023-04-13,2023-07-05,2023-07-13,2023-08-23,보상완료,치수불량,Dimensional Out-of-Spec,Minor,12,65.38,870.86
CLM-001357,BMW,BMW Leipzig Plant,DE,de,Material Defect bei Bonnet Latch (SL-FEM-19863) festgestellt. Erkannt bei BMW Leipzig Plant.,SL Poland,PL,Front End Module,본넷래치,Bonnet Latch,SL-FEM-19863,2025-01-07,2025-01-19,2025-09-12,2025-09-22,2025-10-05,확정,소재불량,Material Defect,Minor,1,18.37,20.21
CLM-001358,Honda,Honda Marysville Auto Plant,US,en,Surface & Plating Defect detected on Actuator Motor (SL-ELE-86802). Identified at Honda Marysville Auto Plant.,SL Alabama,US,Electrification,액추에이터모터,Actuator Motor,SL-ELE-86802,2023-06-13,2023-06-28,2023-09-29,2023-10-07,,조사중,표면·도금불량,Surface & Plating Defect,Minor,2,31.67,58.27
CLM-001359,Kia,Kia Georgia Plant,US,en,Design Flaw detected on Horn (SL-FEM-29810). Identified at Kia Georgia Plant.,북경삼립,CN,Front End Module,혼,Horn,SL-FEM-29810,2024-12-04,2024-12-19,2025-11-07,2025-11-12,,조사중,설계결함,Design Flaw,Minor,1,32.04,32.36
CLM-001360,GM,GM Korea 창원공장,KR,ko,센서모듈(SL-ELE-51340) 부품에서 소재불량 발생. GM Korea 창원공장에서 확인됨.,SL 미러텍(시흥),KR,Electrification,센서모듈,Sensor Module,SL-ELE-51340,2023-05-19,2023-05-23,2023-10-09,2023-10-13,2023-10-22,확정,소재불량,Material Defect,Minor,12,41.1,606.64
CLM-001361,Kia,기아 광주공장,KR,ko,아웃사이드미러(SL-MIR-86269) 부품에서 기능불량 발생. Kia 기아 광주공장에서 확인됨.,SL 미러텍(시흥),KR,Mirror Systems,아웃사이드미러,Outside Mirror,SL-MIR-86269,2023-02-21,2023-03-03,2023-08-04,2023-08-15,2023-09-20,보상완료,기능불량,Functional Failure,Major,50,65.87,3392.31
CLM-001362,Hyundai,HMGMA (Hyundai Motor Group Metaplant America),US,en,Foreign Material Contamination detected on Lower Control Arm (SL-CHS-30096). Identified at HMGMA (Hyundai Motor Group Metaplant America).,SL Alabama,US,Chassis Systems,로어암,Lower Control Arm,SL-CHS-30096,2022-10-07,2022-10-27,2023-07-11,2023-07-15,2023-08-03,기각,이물혼입,Foreign Material Contamination,Major,100,38.11,4192.1
CLM-001363,Ford,Ford Kentucky Truck Plant,US,en,Other detected on Daytime Running Lamp (SL-LMP-74580). Identified at Ford Kentucky Truck Plant.,SL Alabama,US,Lamp Systems,주간주행등,Daytime Running Lamp,SL-LMP-74580,2024-04-23,2024-05-02,2025-02-21,2025-02-25,2025-03-10,보상완료,기타,Other,Critical,200,89.1,17998.2
CLM-001364,Hyundai,Beijing Hyundai Motor (BHMC),CN,zh,在Steering Knuckle（SL-CHS-81159）上发现Wiring & Electrical Defect。由Beijing Hyundai Motor (BHMC)确认。,SL 미러텍(시흥),KR,Chassis Systems,너클,Steering Knuckle,SL-CHS-81159,2023-12-27,2024-01-07,2024-08-16,2024-08-17,2024-09-10,보상완료,배선·전장불량,Wiring & Electrical Defect,Minor,12,36.26,465.58
CLM-001365,Stellantis,Stellantis Toluca Assembly,MX,es,Se detectó Other en Bonnet Latch (SL-FEM-63022). Identificado en Stellantis Toluca Assembly.,SL Mexico (SLP),MX,Front End Module,본넷래치,Bonnet Latch,SL-FEM-63022,2023-11-20,2023-12-09,2023-12-19,2023-12-24,2024-01-04,확정,기타,Other,Minor,3,17.79,67.25
CLM-001366,Honda,Honda Suzuka Factory,JP,ja,Power Window Switch（SL-ELE-32121）にWiring & Electrical Defectを検出。Honda Suzuka Factoryにて確認。,SL 안산공장,KR,Electrification,파워윈도우스위치,Power Window Switch,SL-ELE-32121,2023-08-17,2023-08-25,2023-11-22,2023-12-06,2023-12-15,확정,배선·전장불량,Wiring & Electrical Defect,Minor,3,25.87,93.13
CLM-001367,Subaru,Subaru Gunma Oizumi Plant,JP,ja,Side Repeater Mirror（SL-MIR-63895）にMaterial Defectを検出。Subaru Gunma Oizumi Plantにて確認。,SL 천안공장,KR,Mirror Systems,사이드리피터미러,Side Repeater Mirror,SL-MIR-63895,2023-03-15,2023-03-26,2024-01-22,2024-02-06,2024-02-09,확정,소재불량,Material Defect,Minor,3,59.65,164.63
CLM-001368,Kia,기아 광주공장,KR,ko,전조등(SL-LMP-89362) 부품에서 설계결함 발생. Kia 기아 광주공장에서 확인됨.,SL 성서공장,KR,Lamp Systems,전조등,Head Lamp,SL-LMP-89362,2024-10-07,2024-10-15,2025-05-05,2025-05-19,2025-05-24,기각,설계결함,Design Flaw,Minor,20,50.9,946.74
CLM-001369,Stellantis,Stellantis Sterling Heights Assembly,US,en,Assembly Defect detected on Sensor Module (SL-ELE-66401). Identified at Stellantis Sterling Heights Assembly.,SL 대구공장,KR,Electrification,센서모듈,Sensor Module,SL-ELE-66401,2023-10-25,2023-10-30,2024-02-02,2024-02-10,2024-03-25,보상완료,조립불량,Assembly Defect,Minor,1,42.27,46.92
CLM-001370,Hyundai,현대자동차 울산공장,KR,ko,사이드리피터미러(SL-MIR-91158) 부품에서 소재불량 발생. Hyundai 현대자동차 울산공장에서 확인됨.,SL 안산공장,KR,Mirror Systems,사이드리피터미러,Side Repeater Mirror,SL-MIR-91158,2023-10-14,2023-10-22,2023-12-30,2024-01-04,2024-01-12,보상완료,소재불량,Material Defect,Major,200,31.11,7653.06
CLM-001371,Ford,Changan Ford Chongqing,CN,zh,在Inside Mirror（SL-MIR-73681）上发现Assembly Defect。由Changan Ford Chongqing确认。,SL Lumax (India),IN,Mirror Systems,룸미러,Inside Mirror,SL-MIR-73681,2022-09-19,2022-10-04,2023-03-18,2023-03-23,2023-04-21,확정,조립불량,Assembly Defect,Major,50,68.78,4264.36
CLM-001372,Kia,기아 광명공장,KR,ko,전조등(SL-LMP-85031) 부품에서 소재불량 발생. Kia 기아 광명공장에서 확인됨.,상해삼립,CN,Lamp Systems,전조등,Head Lamp,SL-LMP-85031,2024-06-16,2024-07-03,2024-10-28,2024-10-31,2024-11-30,확정,소재불량,Material Defect,Major,50,78.7,4446.55
CLM-001373,Stellantis,Stellantis Toluca Assembly,MX,es,Se detectó Material Defect en Head Lamp (SL-LMP-94268). Identificado en Stellantis Toluca Assembly.,SL Mexico (SLP),MX,Lamp Systems,전조등,Head Lamp,SL-LMP-94268,2024-01-16,2024-01-21,2024-06-14,2024-06-21,2024-07-06,확정,소재불량,Material Defect,Minor,20,47.68,1192.0
CLM-001374,Kia,기아 광명공장,KR,ko,혼(SL-FEM-72470) 부품에서 크랙·파손 발생. Kia 기아 광명공장에서 확인됨.,SL 천안공장,KR,Front End Module,혼,Horn,SL-FEM-72470,2024-04-15,2024-04-19,2025-05-10,2025-05-17,2025-06-02,보상완료,크랙·파손,Crack & Breakage,Major,200,15.89,3527.58
CLM-001375,Hyundai,HMMA (Hyundai Motor Manufacturing Alabama),US,en,Material Defect detected on Horn (SL-FEM-54588). Identified at HMMA (Hyundai Motor Manufacturing Alabama).,SL 안산공장,KR,Front End Module,혼,Horn,SL-FEM-54588,2022-10-15,2022-11-04,2023-07-24,2023-08-01,,접수,소재불량,Material Defect,Minor,50,24.73,1335.42
CLM-001376,Hyundai,현대자동차 아산공장,KR,ko,와이어링하네스(SL-ELE-68365) 부품에서 표면·도금불량 발생. Hyundai 현대자동차 아산공장에서 확인됨.,SL 안산공장,KR,Electrification,와이어링하네스,Wiring Harness,SL-ELE-68365,2024-04-27,2024-05-08,2024-09-22,2024-09-24,2024-10-07,보상완료,표면·도금불량,Surface & Plating Defect,Minor,8,25.54,243.14
CLM-001377,Stellantis,Stellantis Toluca Assembly,MX,es,Se detectó Design Flaw en Bumper Beam (SL-FEM-31693). Identificado en Stellantis Toluca Assembly.,북경삼립,CN,Front End Module,범퍼빔,Bumper Beam,SL-FEM-31693,2024-07-18,2024-08-07,2025-01-05,2025-01-11,2025-02-07,기각,설계결함,Design Flaw,Minor,20,23.1,378.84
CLM-001378,Ford,Ford Michigan Assembly,US,en,Functional Failure detected on Head Lamp (SL-LMP-10421). Identified at Ford Michigan Assembly.,SL Alabama,US,Lamp Systems,전조등,Head Lamp,SL-LMP-10421,2024-07-12,2024-07-31,2024-11-25,2024-12-09,2025-01-01,확정,기능불량,Functional Failure,Minor,8,36.33,290.64
CLM-001379,Kia,기아 광주공장,KR,ko,리어콤비램프(SL-LMP-38884) 부품에서 크랙·파손 발생. Kia 기아 광주공장에서 확인됨.,SL 진량공장,KR,Lamp Systems,리어콤비램프,Rear Combination Lamp,SL-LMP-38884,2024-11-28,2024-12-03,2025-09-03,2025-09-08,2025-09-14,기각,크랙·파손,Crack & Breakage,Major,50,80.02,4481.12
CLM-001380,Ford,Ford-Werke Cologne,DE,de,Foreign Material Contamination bei Inside Mirror (SL-MIR-16714) festgestellt. Erkannt bei Ford-Werke Cologne.,SL 안산공장,KR,Mirror Systems,룸미러,Inside Mirror,SL-MIR-16714,2024-02-28,2024-03-14,2025-03-22,2025-03-24,2025-04-24,확정,이물혼입,Foreign Material Contamination,Minor,20,32.82,662.96
CLM-001381,GM,GM Brazil Gravataí,BR,pt,Other detectado em Bumper Beam (SL-FEM-58200). Identificado na GM Brazil Gravataí.,SL Alabama,US,Front End Module,범퍼빔,Bumper Beam,SL-FEM-58200,2023-09-05,2023-09-10,2024-08-31,2024-09-09,2024-10-15,확정,기타,Other,Minor,200,8.91,1479.06
CLM-001382,GM,GM Brazil Gravataí,BR,pt,Dimensional Out-of-Spec detectado em Sensor Module (SL-ELE-53846). Identificado na GM Brazil Gravataí.,SL Brazil,BR,Electrification,센서모듈,Sensor Module,SL-ELE-53846,2022-03-15,2022-04-01,2023-03-25,2023-04-05,2023-05-13,보상완료,치수불량,Dimensional Out-of-Spec,Minor,1,23.05,21.21
CLM-001383,Kia,Kia Georgia Plant,US,en,Functional Failure detected on Inside Mirror (SL-MIR-44997). Identified at Kia Georgia Plant.,SL Tennessee,US,Mirror Systems,룸미러,Inside Mirror,SL-MIR-44997,2024-07-01,2024-07-20,2025-05-20,2025-05-24,2025-06-21,확정,기능불량,Functional Failure,Critical,500,42.0,19110.0
CLM-001384,Stellantis,Stellantis Sterling Heights Assembly,US,en,Crack & Breakage detected on Wiring Harness (SL-ELE-33990). Identified at Stellantis Sterling Heights Assembly.,SL 천안공장,KR,Electrification,와이어링하네스,Wiring Harness,SL-ELE-33990,2023-05-24,2023-06-09,2024-01-11,2024-01-26,2024-03-05,보상완료,크랙·파손,Crack & Breakage,Minor,2,37.64,89.58
CLM-001385,GM,GM Brazil Gravataí,BR,pt,Surface & Plating Defect detectado em Sensor Module (SL-ELE-98637). Identificado na GM Brazil Gravataí.,SL Brazil,BR,Electrification,센서모듈,Sensor Module,SL-ELE-98637,2022-09-01,2022-09-19,2023-04-06,2023-04-19,2023-05-18,확정,표면·도금불량,Surface & Plating Defect,Minor,8,40.59,285.75
CLM-001386,GM,SAIC-GM Shanghai,CN,zh,在Radiator Support（SL-FEM-13154）上发现Crack & Breakage。由SAIC-GM Shanghai确认。,SL Lumax (India),IN,Front End Module,라디에이터서포트,Radiator Support,SL-FEM-13154,2023-11-01,2023-11-14,2024-10-06,2024-10-20,,접수,크랙·파손,Crack & Breakage,Minor,200,11.73,2838.66
CLM-001387,Ford,Ford Kentucky Truck Plant,US,en,Material Defect detected on Power Window Switch (SL-ELE-99495). Identified at Ford Kentucky Truck Plant.,SL Tennessee,US,Electrification,파워윈도우스위치,Power Window Switch,SL-ELE-99495,2025-05-24,2025-06-09,2025-06-25,2025-07-02,2025-07-08,확정,소재불량,Material Defect,Minor,20,44.34,966.61
CLM-001388,KGM,KGM 평택공장,KR,ko,액추에이터모터(SL-ELE-98198) 부품에서 표면·도금불량 발생. KGM 평택공장에서 확인됨.,SL 성서공장,KR,Electrification,액추에이터모터,Actuator Motor,SL-ELE-98198,2023-03-11,2023-03-17,2023-11-24,2023-12-03,2023-12-26,확정,표면·도금불량,Surface & Plating Defect,Minor,5,30.86,158.93
CLM-001389,Honda,Honda Marysville Auto Plant,US,en,Wiring & Electrical Defect detected on Inside Mirror (SL-MIR-86980). Identified at Honda Marysville Auto Plant.,SL Alabama,US,Mirror Systems,룸미러,Inside Mirror,SL-MIR-86980,2024-05-28,2024-05-31,2024-08-20,2024-08-24,2024-10-03,기각,배선·전장불량,Wiring & Electrical Defect,Critical,500,67.68,31132.8
CLM-001390,Honda,Honda Marysville Auto Plant,US,en,Dimensional Out-of-Spec detected on Actuator Motor (SL-ELE-24805). Identified at Honda Marysville Auto Plant.,SL 옌타이,CN,Electrification,액추에이터모터,Actuator Motor,SL-ELE-24805,2024-01-14,2024-01-30,2024-08-01,2024-08-09,,접수,치수불량,Dimensional Out-of-Spec,Major,200,18.08,4013.76
CLM-001391,Stellantis,Stellantis Sterling Heights Assembly,US,en,Surface & Plating Defect detected on Wiring Harness (SL-ELE-45593). Identified at Stellantis Sterling Heights Assembly.,SL Alabama,US,Electrification,와이어링하네스,Wiring Harness,SL-ELE-45593,2023-06-18,2023-07-07,2024-04-20,2024-05-02,2024-06-16,보상완료,표면·도금불량,Surface & Plating Defect,Minor,1,41.38,49.24
CLM-001392,Ford,Ford Kentucky Truck Plant,US,en,Foreign Material Contamination detected on Bumper Beam (SL-FEM-60641). Identified at Ford Kentucky Truck Plant.,SL Alabama,US,Front End Module,범퍼빔,Bumper Beam,SL-FEM-60641,2024-03-07,2024-03-18,2025-02-10,2025-02-21,2025-03-03,확정,이물혼입,Foreign Material Contamination,Major,500,22.25,13683.75
CLM-001393,Ford,Ford Kentucky Truck Plant,US,en,Functional Failure detected on Actuator Motor (SL-ELE-53066). Identified at Ford Kentucky Truck Plant.,SL Tennessee,US,Electrification,액추에이터모터,Actuator Motor,SL-ELE-53066,2022-09-06,2022-09-23,2023-01-04,2023-01-17,,조사중,기능불량,Functional Failure,Minor,1,52.16,67.29
CLM-001394,Kia,기아 광주공장,KR,ko,리어콤비램프(SL-LMP-92457) 부품에서 배선·전장불량 발생. Kia 기아 광주공장에서 확인됨.,SL 대구공장,KR,Lamp Systems,리어콤비램프,Rear Combination Lamp,SL-LMP-92457,2022-06-08,2022-06-13,2023-03-06,2023-03-14,2023-03-26,확정,배선·전장불량,Wiring & Electrical Defect,Minor,3,64.04,194.04
CLM-001395,Hyundai,HMMA (Hyundai Motor Manufacturing Alabama),US,en,Foreign Material Contamination detected on Lower Control Arm (SL-CHS-96574). Identified at HMMA (Hyundai Motor Manufacturing Alabama).,SL Lumax (India),IN,Chassis Systems,로어암,Lower Control Arm,SL-CHS-96574,2022-06-12,2022-06-19,2023-02-09,2023-02-18,2023-03-30,확정,이물혼입,Foreign Material Contamination,Major,200,18.07,4047.68
CLM-001396,BMW,BMW Leipzig Plant,DE,de,Design Flaw bei Actuator Motor (SL-ELE-88622) festgestellt. Erkannt bei BMW Leipzig Plant.,SL Poland,PL,Electrification,액추에이터모터,Actuator Motor,SL-ELE-88622,2024-12-24,2025-01-01,2025-02-27,2025-03-12,2025-04-09,확정,설계결함,Design Flaw,Minor,1,35.09,37.55
CLM-001397,Stellantis,Stellantis Toledo Assembly,US,en,Dimensional Out-of-Spec detected on Inside Mirror (SL-MIR-35509). Identified at Stellantis Toledo Assembly.,SL Tennessee,US,Mirror Systems,룸미러,Inside Mirror,SL-MIR-35509,2024-01-22,2024-02-02,2024-06-25,2024-06-29,2024-08-09,확정,치수불량,Dimensional Out-of-Spec,Critical,500,52.55,29428.0
CLM-001398,Kia,Kia India (Anantapur),IN,en,Surface & Plating Defect detected on Tail Lamp (SL-LMP-11435). Identified at Kia India (Anantapur).,SL Lumax (India),IN,Lamp Systems,후미등,Tail Lamp,SL-LMP-11435,2023-09-16,2023-09-23,2024-08-27,2024-09-01,2024-09-27,확정,표면·도금불량,Surface & Plating Defect,Minor,20,63.78,1390.4
CLM-001399,Subaru,Subaru of Indiana Automotive,US,en,Surface & Plating Defect detected on Lower Control Arm (SL-CHS-11173). Identified at Subaru of Indiana Automotive.,SL Mexico (SLP),MX,Chassis Systems,로어암,Lower Control Arm,SL-CHS-11173,2023-03-22,2023-04-02,2024-01-10,2024-01-20,2024-01-26,확정,표면·도금불량,Surface & Plating Defect,Major,200,24.43,5765.48
CLM-001400,Hyundai,HMMA (Hyundai Motor Manufacturing Alabama),US,en,Wiring & Electrical Defect detected on Lower Control Arm (SL-CHS-56128). Identified at HMMA (Hyundai Motor Manufacturing Alabama).,SL Tennessee,US,Chassis Systems,로어암,Lower Control Arm,SL-CHS-56128,2024-08-19,2024-09-04,2024-12-27,2025-01-01,2025-01-09,확정,배선·전장불량,Wiring & Electrical Defect,Minor,50,38.06,2264.57
CLM-001401,Kia,기아 화성공장,KR,ko,스태빌라이저링크(SL-CHS-81668) 부품에서 기능불량 발생. Kia 기아 화성공장에서 확인됨.,호북삼립,CN,Chassis Systems,스태빌라이저링크,Stabilizer Link,SL-CHS-81668,2023-08-14,2023-08-28,2023-10-28,2023-11-11,2023-12-12,기각,기능불량,Functional Failure,Minor,5,29.09,136.72
CLM-001402,Ford,Changan Ford Chongqing,CN,zh,在Inside Mirror（SL-MIR-15038）上发现Dimensional Out-of-Spec。由Changan Ford Chongqing确认。,SL 옌타이,CN,Mirror Systems,룸미러,Inside Mirror,SL-MIR-15038,2024-07-10,2024-07-27,2025-02-19,2025-03-01,2025-04-06,보상완료,치수불량,Dimensional Out-of-Spec,Minor,8,49.27,338.98
CLM-001403,BMW,BMW Brilliance Shenyang,CN,zh,在Side Repeater Mirror（SL-MIR-16618）上发现Other。由BMW Brilliance Shenyang确认。,SL 미러텍(시흥),KR,Mirror Systems,사이드리피터미러,Side Repeater Mirror,SL-MIR-16618,2024-02-15,2024-03-05,2024-06-09,2024-06-16,2024-07-15,확정,기타,Other,Major,200,26.44,5235.12
CLM-001404,Kia,Kia Georgia Plant,US,en,Wiring & Electrical Defect detected on Outside Mirror (SL-MIR-55187). Identified at Kia Georgia Plant.,SL Brazil,BR,Mirror Systems,아웃사이드미러,Outside Mirror,SL-MIR-55187,2024-03-28,2024-04-04,2025-02-11,2025-02-21,2025-04-03,보상완료,배선·전장불량,Wiring & Electrical Defect,Minor,5,30.77,181.54
CLM-001405,Ford,Changan Ford Chongqing,CN,zh,在Bonnet Latch（SL-FEM-58780）上发现Design Flaw。由Changan Ford Chongqing确认。,상해삼립,CN,Front End Module,본넷래치,Bonnet Latch,SL-FEM-58780,2025-05-19,2025-05-31,2025-06-07,2025-06-09,2025-07-15,확정,설계결함,Design Flaw,Minor,1,22.13,27.22
CLM-001406,Kia,Kia India (Anantapur),IN,en,Design Flaw detected on Lower Control Arm (SL-CHS-89052). Identified at Kia India (Anantapur).,SL 천안공장,KR,Chassis Systems,로어암,Lower Control Arm,SL-CHS-89052,2024-11-21,2024-11-30,2025-12-17,2025-12-30,,접수,설계결함,Design Flaw,Minor,3,25.28,61.43
CLM-001407,Honda,Honda Suzuka Factory,JP,ja,Side Repeater Mirror（SL-MIR-18826）にCrack & Breakageを検出。Honda Suzuka Factoryにて確認。,SL 천안공장,KR,Mirror Systems,사이드리피터미러,Side Repeater Mirror,SL-MIR-18826,2023-08-23,2023-09-02,2024-09-16,2024-09-30,,조사중,크랙·파손,Crack & Breakage,Major,200,23.54,4472.6
CLM-001408,Hyundai,Beijing Hyundai Motor (BHMC),CN,zh,在Lower Control Arm（SL-CHS-93305）上发现Foreign Material Contamination。由Beijing Hyundai Motor (BHMC)确认。,SL Poland,PL,Chassis Systems,로어암,Lower Control Arm,SL-CHS-93305,2025-06-09,2025-06-13,2025-08-20,2025-08-30,2025-09-29,기각,이물혼입,Foreign Material Contamination,Major,500,24.66,10850.4
CLM-001409,Stellantis,Stellantis Toluca Assembly,MX,es,Se detectó Other en Wiring Harness (SL-ELE-17289). Identificado en Stellantis Toluca Assembly.,SL Mexico (SLP),MX,Electrification,와이어링하네스,Wiring Harness,SL-ELE-17289,2025-08-16,2025-08-26,2025-11-28,2025-12-04,2025-12-08,확정,기타,Other,Minor,50,54.7,2762.35
CLM-001410,Subaru,Subaru of Indiana Automotive,US,en,Material Defect detected on Side Repeater Mirror (SL-MIR-81460). Identified at Subaru of Indiana Automotive.,SL Alabama,US,Mirror Systems,사이드리피터미러,Side Repeater Mirror,SL-MIR-81460,2022-03-29,2022-04-12,2023-03-11,2023-03-18,2023-03-21,확정,소재불량,Material Defect,Minor,50,52.94,2435.24
CLM-001411,Subaru,Subaru Gunma Oizumi Plant,JP,ja,Power Window Switch（SL-ELE-84956）にCrack & Breakageを検出。Subaru Gunma Oizumi Plantにて確認。,SL 진량공장,KR,Electrification,파워윈도우스위치,Power Window Switch,SL-ELE-84956,2024-03-05,2024-03-12,2024-11-13,2024-11-26,2025-01-09,보상완료,크랙·파손,Crack & Breakage,Minor,1,23.93,28.72
CLM-001412,Kia,기아 광주공장,KR,ko,아웃사이드미러(SL-MIR-96068) 부품에서 조립불량 발생. Kia 기아 광주공장에서 확인됨.,SL 안산공장,KR,Mirror Systems,아웃사이드미러,Outside Mirror,SL-MIR-96068,2023-05-18,2023-05-31,2024-02-02,2024-02-16,2024-02-19,확정,조립불량,Assembly Defect,Minor,50,44.51,2002.95
CLM-001413,Hyundai,HMGMA (Hyundai Motor Group Metaplant America),US,en,Foreign Material Contamination detected on Tail Lamp (SL-LMP-64924). Identified at HMGMA (Hyundai Motor Group Metaplant America).,상해삼립,CN,Lamp Systems,후미등,Tail Lamp,SL-LMP-64924,2022-05-26,2022-06-03,2023-06-26,2023-06-27,,조사중,이물혼입,Foreign Material Contamination,Critical,200,73.37,15994.66
CLM-001414,Ford,Ford Michigan Assembly,US,en,Crack & Breakage detected on Bumper Beam (SL-FEM-34887). Identified at Ford Michigan Assembly.,SL Tennessee,US,Front End Module,범퍼빔,Bumper Beam,SL-FEM-34887,2023-08-16,2023-08-24,2024-09-02,2024-09-15,2024-10-07,확정,크랙·파손,Crack & Breakage,Minor,50,15.74,865.7
CLM-001415,Ford,Changan Ford Chongqing,CN,zh,在Bonnet Latch（SL-FEM-39555）上发现Foreign Material Contamination。由Changan Ford Chongqing确认。,호북삼립,CN,Front End Module,본넷래치,Bonnet Latch,SL-FEM-39555,2024-08-31,2024-09-03,2024-10-07,2024-10-19,2024-11-17,보상완료,이물혼입,Foreign Material Contamination,Minor,2,28.99,63.78
CLM-001416,Stellantis,Stellantis Toluca Assembly,MX,es,Se detectó Surface & Plating Defect en Bonnet Latch (SL-FEM-96168). Identificado en Stellantis Toluca Assembly.,SL Mexico (SLP),MX,Front End Module,본넷래치,Bonnet Latch,SL-FEM-96168,2023-02-20,2023-03-06,2023-12-07,2023-12-09,2024-01-05,확정,표면·도금불량,Surface & Plating Defect,Minor,8,9.0,87.12
CLM-001417,GM,GM Spring Hill Assembly,US,en,Dimensional Out-of-Spec detected on Actuator Motor (SL-ELE-22509). Identified at GM Spring Hill Assembly.,SL Alabama,US,Electrification,액추에이터모터,Actuator Motor,SL-ELE-22509,2024-02-19,2024-03-01,2024-10-19,2024-10-24,2024-12-05,기각,치수불량,Dimensional Out-of-Spec,Major,500,26.46,14553.0
CLM-001418,Hyundai,HMGMA (Hyundai Motor Group Metaplant America),US,en,Crack & Breakage detected on Head Lamp (SL-LMP-47362). Identified at HMGMA (Hyundai Motor Group Metaplant America).,SL Alabama,US,Lamp Systems,전조등,Head Lamp,SL-LMP-47362,2022-03-19,2022-03-29,2023-01-24,2023-02-08,2023-02-11,보상완료,크랙·파손,Crack & Breakage,Minor,12,83.03,856.87
CLM-001419,Kia,기아 화성공장,KR,ko,와이어링하네스(SL-ELE-33358) 부품에서 치수불량 발생. Kia 기아 화성공장에서 확인됨.,SL Alabama,US,Electrification,와이어링하네스,Wiring Harness,SL-ELE-33358,2022-09-09,2022-09-12,2023-06-16,2023-06-27,2023-07-24,확정,치수불량,Dimensional Out-of-Spec,Minor,3,44.52,156.27
CLM-001420,Hyundai,Beijing Hyundai Motor (BHMC),CN,zh,在Daytime Running Lamp（SL-LMP-80015）上发现Material Defect。由Beijing Hyundai Motor (BHMC)确认。,동풍삼립(우한),CN,Lamp Systems,주간주행등,Daytime Running Lamp,SL-LMP-80015,2022-10-25,2022-11-09,2023-01-26,2023-02-01,2023-02-25,확정,소재불량,Material Defect,Minor,20,43.36,884.54
CLM-001421,BMW,BMW Munich Plant,DE,de,Wiring & Electrical Defect bei Bonnet Latch (SL-FEM-36225) festgestellt. Erkannt bei BMW Munich Plant.,동풍삼립(우한),CN,Front End Module,본넷래치,Bonnet Latch,SL-FEM-36225,2022-12-30,2023-01-16,2023-04-24,2023-04-29,2023-05-03,확정,배선·전장불량,Wiring & Electrical Defect,Major,100,32.3,3811.4
CLM-001422,Stellantis,Stellantis Sterling Heights Assembly,US,en,Crack & Breakage detected on Wiring Harness (SL-ELE-15377). Identified at Stellantis Sterling Heights Assembly.,SL Tennessee,US,Electrification,와이어링하네스,Wiring Harness,SL-ELE-15377,2022-10-21,2022-10-26,2023-08-29,2023-09-07,2023-10-20,보상완료,크랙·파손,Crack & Breakage,Minor,5,13.55,60.98
CLM-001423,Stellantis,Stellantis Toledo Assembly,US,en,Design Flaw detected on Head Lamp (SL-LMP-53946). Identified at Stellantis Toledo Assembly.,호북삼립,CN,Lamp Systems,전조등,Head Lamp,SL-LMP-53946,2023-09-25,2023-10-08,2024-07-18,2024-07-27,,조사중,설계결함,Design Flaw,Minor,20,40.66,918.92
CLM-001424,Hyundai,HMGMA (Hyundai Motor Group Metaplant America),US,en,Functional Failure detected on Outside Mirror (SL-MIR-51096). Identified at HMGMA (Hyundai Motor Group Metaplant America).,SL Tennessee,US,Mirror Systems,아웃사이드미러,Outside Mirror,SL-MIR-51096,2023-05-17,2023-06-04,2024-04-07,2024-04-18,,접수,기능불량,Functional Failure,Minor,8,38.17,287.04
CLM-001425,GM,GM Brazil Gravataí,BR,pt,Dimensional Out-of-Spec detectado em Wiring Harness (SL-ELE-93961). Identificado na GM Brazil Gravataí.,SL 대구공장,KR,Electrification,와이어링하네스,Wiring Harness,SL-ELE-93961,2023-12-11,2023-12-28,2024-02-07,2024-02-20,,조사중,치수불량,Dimensional Out-of-Spec,Minor,2,47.03,102.53
CLM-001426,Ford,Ford-Werke Cologne,DE,de,Assembly Defect bei Bonnet Latch (SL-FEM-63404) festgestellt. Erkannt bei Ford-Werke Cologne.,SL 천안공장,KR,Front End Module,본넷래치,Bonnet Latch,SL-FEM-63404,2023-08-16,2023-08-29,2024-01-04,2024-01-16,2024-02-12,보상완료,조립불량,Assembly Defect,Minor,12,14.27,138.7
CLM-001427,Ford,Ford Kentucky Truck Plant,US,en,Wiring & Electrical Defect detected on Tail Lamp (SL-LMP-59017). Identified at Ford Kentucky Truck Plant.,SL 옌타이,CN,Lamp Systems,후미등,Tail Lamp,SL-LMP-59017,2024-11-24,2024-12-11,2025-09-22,2025-09-23,2025-10-20,확정,배선·전장불량,Wiring & Electrical Defect,Minor,20,28.15,709.38
CLM-001428,Hyundai,현대자동차 아산공장,KR,ko,범퍼빔(SL-FEM-58623) 부품에서 치수불량 발생. Hyundai 현대자동차 아산공장에서 확인됨.,SL 대구공장,KR,Front End Module,범퍼빔,Bumper Beam,SL-FEM-58623,2023-01-05,2023-01-24,2023-04-01,2023-04-16,2023-05-30,기각,치수불량,Dimensional Out-of-Spec,Minor,8,30.61,271.82
CLM-001429,BMW,BMW Leipzig Plant,DE,de,Foreign Material Contamination bei Actuator Motor (SL-ELE-31614) festgestellt. Erkannt bei BMW Leipzig Plant.,SL 대구공장,KR,Electrification,액추에이터모터,Actuator Motor,SL-ELE-31614,2022-04-06,2022-04-16,2023-05-01,2023-05-12,,접수,이물혼입,Foreign Material Contamination,Minor,3,11.05,30.83
CLM-001430,Hyundai,현대자동차 아산공장,KR,ko,스태빌라이저링크(SL-CHS-71274) 부품에서 치수불량 발생. Hyundai 현대자동차 아산공장에서 확인됨.,SL Mexico (SLP),MX,Chassis Systems,스태빌라이저링크,Stabilizer Link,SL-CHS-71274,2024-09-17,2024-09-23,2025-01-20,2025-01-30,2025-02-13,기각,치수불량,Dimensional Out-of-Spec,Minor,1,13.63,15.81
CLM-001431,GM,GM Korea 창원공장,KR,ko,너클(SL-CHS-48702) 부품에서 조립불량 발생. GM Korea 창원공장에서 확인됨.,SL Mexico (SLP),MX,Chassis Systems,너클,Steering Knuckle,SL-CHS-48702,2024-05-30,2024-06-10,2024-10-20,2024-10-31,2024-11-11,확정,조립불량,Assembly Defect,Minor,12,21.43,277.73
CLM-001432,BMW,BMW Spartanburg Plant,US,en,Dimensional Out-of-Spec detected on Actuator Motor (SL-ELE-26299). Identified at BMW Spartanburg Plant.,SL Alabama,US,Electrification,액추에이터모터,Actuator Motor,SL-ELE-26299,2022-02-25,2022-03-17,2023-02-03,2023-02-05,2023-03-18,기각,치수불량,Dimensional Out-of-Spec,Minor,12,38.32,487.43
CLM-001433,Kia,기아 광주공장,KR,ko,본넷래치(SL-FEM-32003) 부품에서 이물혼입 발생. Kia 기아 광주공장에서 확인됨.,호북삼립,CN,Front End Module,본넷래치,Bonnet Latch,SL-FEM-32003,2024-11-07,2024-11-13,2025-01-29,2025-02-06,2025-02-12,기각,이물혼입,Foreign Material Contamination,Minor,20,18.26,335.98
CLM-001434,Stellantis,Stellantis Toledo Assembly,US,en,Design Flaw detected on Stabilizer Link (SL-CHS-65450). Identified at Stellantis Toledo Assembly.,SL 성서공장,KR,Chassis Systems,스태빌라이저링크,Stabilizer Link,SL-CHS-65450,2022-07-14,2022-07-17,2023-03-04,2023-03-09,2023-04-21,확정,설계결함,Design Flaw,Minor,20,41.76,835.2
CLM-001435,Hyundai,HMMA (Hyundai Motor Manufacturing Alabama),US,en,Functional Failure detected on Stabilizer Link (SL-CHS-57863). Identified at HMMA (Hyundai Motor Manufacturing Alabama).,SL 안산공장,KR,Chassis Systems,스태빌라이저링크,Stabilizer Link,SL-CHS-57863,2023-01-05,2023-01-19,2023-02-25,2023-03-01,2023-03-08,기각,기능불량,Functional Failure,Minor,5,34.42,192.75
CLM-001436,Hyundai,HMGMA (Hyundai Motor Group Metaplant America),US,en,Crack & Breakage detected on Bumper Beam (SL-FEM-55463). Identified at HMGMA (Hyundai Motor Group Metaplant America).,동풍삼립(우한),CN,Front End Module,범퍼빔,Bumper Beam,SL-FEM-55463,2025-04-28,2025-05-02,2025-12-14,2025-12-20,,접수,크랙·파손,Crack & Breakage,Minor,8,10.03,73.82
CLM-001437,Kia,Kia Georgia Plant,US,en,Other detected on Stabilizer Link (SL-CHS-57889). Identified at Kia Georgia Plant.,SL Alabama,US,Chassis Systems,스태빌라이저링크,Stabilizer Link,SL-CHS-57889,2024-01-10,2024-01-23,2024-03-13,2024-03-25,2024-04-26,보상완료,기타,Other,Minor,1,22.54,23.22
CLM-001438,GM,GM Brazil Gravataí,BR,pt,Surface & Plating Defect detectado em Stabilizer Link (SL-CHS-63033). Identificado na GM Brazil Gravataí.,SL Brazil,BR,Chassis Systems,스태빌라이저링크,Stabilizer Link,SL-CHS-63033,2023-07-26,2023-08-08,2024-03-15,2024-03-22,2024-04-29,보상완료,표면·도금불량,Surface & Plating Defect,Minor,5,41.08,238.26
CLM-001439,GM,GM Brazil Gravataí,BR,pt,Functional Failure detectado em Actuator Motor (SL-ELE-59054). Identificado na GM Brazil Gravataí.,SL Brazil,BR,Electrification,액추에이터모터,Actuator Motor,SL-ELE-59054,2025-07-14,2025-07-22,2025-08-17,2025-08-21,2025-09-23,보상완료,기능불량,Functional Failure,Minor,2,34.39,63.28
CLM-001440,Hyundai,현대자동차 울산공장,KR,ko,센서모듈(SL-ELE-66686) 부품에서 기타 발생. Hyundai 현대자동차 울산공장에서 확인됨.,SL 진량공장,KR,Electrification,센서모듈,Sensor Module,SL-ELE-66686,2025-05-18,2025-05-27,2025-09-28,2025-10-02,2025-10-14,보상완료,기타,Other,Minor,50,19.57,1115.49
CLM-001441,Hyundai,HMGMA (Hyundai Motor Group Metaplant America),US,en,Dimensional Out-of-Spec detected on Wiring Harness (SL-ELE-52226). Identified at HMGMA (Hyundai Motor Group Metaplant America).,SL Tennessee,US,Electrification,와이어링하네스,Wiring Harness,SL-ELE-52226,2023-04-03,2023-04-11,2024-05-06,2024-05-20,2024-06-21,확정,치수불량,Dimensional Out-of-Spec,Major,200,48.68,11001.68
CLM-001442,Kia,Kia Georgia Plant,US,en,Design Flaw detected on Side Repeater Mirror (SL-MIR-80112). Identified at Kia Georgia Plant.,SL Tennessee,US,Mirror Systems,사이드리피터미러,Side Repeater Mirror,SL-MIR-80112,2023-12-18,2023-12-25,2024-11-23,2024-11-24,,조사중,설계결함,Design Flaw,Minor,1,48.76,45.35
CLM-001443,KGM,KGM 평택공장,KR,ko,사이드리피터미러(SL-MIR-46556) 부품에서 기타 발생. KGM 평택공장에서 확인됨.,SL 대구공장,KR,Mirror Systems,사이드리피터미러,Side Repeater Mirror,SL-MIR-46556,2024-06-04,2024-06-13,2024-08-23,2024-08-28,2024-09-04,확정,기타,Other,Major,200,46.26,11472.48
CLM-001444,Hyundai,HMGMA (Hyundai Motor Group Metaplant America),US,en,Dimensional Out-of-Spec detected on Steering Knuckle (SL-CHS-54839). Identified at HMGMA (Hyundai Motor Group Metaplant America).,SL Tennessee,US,Chassis Systems,너클,Steering Knuckle,SL-CHS-54839,2023-02-25,2023-03-01,2023-09-17,2023-10-02,2023-10-25,보상완료,치수불량,Dimensional Out-of-Spec,Major,200,34.76,7716.72
CLM-001445,Hyundai,현대자동차 아산공장,KR,ko,혼(SL-FEM-42224) 부품에서 설계결함 발생. Hyundai 현대자동차 아산공장에서 확인됨.,SL 미러텍(시흥),KR,Front End Module,혼,Horn,SL-FEM-42224,2023-03-27,2023-04-03,2024-03-13,2024-03-16,2024-04-15,보상완료,설계결함,Design Flaw,Minor,3,21.3,65.82
CLM-001446,Hyundai,현대자동차 울산공장,KR,ko,혼(SL-FEM-72671) 부품에서 표면·도금불량 발생. Hyundai 현대자동차 울산공장에서 확인됨.,SL 천안공장,KR,Front End Module,혼,Horn,SL-FEM-72671,2022-07-12,2022-07-15,2023-02-27,2023-03-03,2023-03-09,확정,표면·도금불량,Surface & Plating Defect,Minor,20,29.53,572.88
CLM-001447,Kia,Kia India (Anantapur),IN,en,Functional Failure detected on Lower Control Arm (SL-CHS-14927). Identified at Kia India (Anantapur).,SL Lumax (India),IN,Chassis Systems,로어암,Lower Control Arm,SL-CHS-14927,2024-08-16,2024-08-28,2025-08-26,2025-09-07,,조사중,기능불량,Functional Failure,Minor,8,12.61,112.99
CLM-001448,GM,GM Spring Hill Assembly,US,en,Dimensional Out-of-Spec detected on Bonnet Latch (SL-FEM-58660). Identified at GM Spring Hill Assembly.,SL Alabama,US,Front End Module,본넷래치,Bonnet Latch,SL-FEM-58660,2022-05-21,2022-05-29,2023-01-05,2023-01-06,2023-01-24,보상완료,치수불량,Dimensional Out-of-Spec,Minor,5,29.73,167.97
CLM-001449,Kia,Kia Georgia Plant,US,en,Surface & Plating Defect detected on Bumper Beam (SL-FEM-47057). Identified at Kia Georgia Plant.,북경삼립,CN,Front End Module,범퍼빔,Bumper Beam,SL-FEM-47057,2025-02-06,2025-02-19,2025-07-06,2025-07-16,2025-08-25,확정,표면·도금불량,Surface & Plating Defect,Minor,2,22.11,40.24
CLM-001450,BMW,BMW Brilliance Shenyang,CN,zh,在Actuator Motor（SL-ELE-43775）上发现Foreign Material Contamination。由BMW Brilliance Shenyang确认。,북경삼립,CN,Electrification,액추에이터모터,Actuator Motor,SL-ELE-43775,2025-03-24,2025-03-28,2025-11-02,2025-11-12,2025-12-05,확정,이물혼입,Foreign Material Contamination,Minor,1,49.0,53.9
CLM-001451,Stellantis,Stellantis Toledo Assembly,US,en,Material Defect detected on Lower Control Arm (SL-CHS-26719). Identified at Stellantis Toledo Assembly.,SL Alabama,US,Chassis Systems,로어암,Lower Control Arm,SL-CHS-26719,2022-08-31,2022-09-10,2023-09-27,2023-10-07,2023-11-03,확정,소재불량,Material Defect,Minor,3,15.33,53.35
CLM-001452,BMW,BMW Leipzig Plant,DE,de,Material Defect bei Sensor Module (SL-ELE-83712) festgestellt. Erkannt bei BMW Leipzig Plant.,SL Poland,PL,Electrification,센서모듈,Sensor Module,SL-ELE-83712,2024-07-21,2024-08-01,2024-11-26,2024-11-27,,접수,소재불량,Material Defect,Minor,3,40.83,124.94
CLM-001453,Ford,Ford Michigan Assembly,US,en,Functional Failure detected on Horn (SL-FEM-32626). Identified at Ford Michigan Assembly.,SL Alabama,US,Front End Module,혼,Horn,SL-FEM-32626,2023-05-21,2023-06-05,2023-11-27,2023-12-09,2024-01-13,확정,기능불량,Functional Failure,Minor,2,30.88,73.49
CLM-001454,GM,GM Korea 창원공장,KR,ko,스태빌라이저링크(SL-CHS-81651) 부품에서 소재불량 발생. GM Korea 창원공장에서 확인됨.,SL 진량공장,KR,Chassis Systems,스태빌라이저링크,Stabilizer Link,SL-CHS-81651,2024-06-28,2024-07-13,2024-08-17,2024-08-26,,조사중,소재불량,Material Defect,Minor,5,35.03,162.89
CLM-001455,BMW,BMW Brilliance Shenyang,CN,zh,在Fog Lamp（SL-LMP-77543）上发现Surface & Plating Defect。由BMW Brilliance Shenyang确认。,상해삼립,CN,Lamp Systems,안개등,Fog Lamp,SL-LMP-77543,2024-05-23,2024-06-09,2025-05-27,2025-06-06,2025-07-03,확정,표면·도금불량,Surface & Plating Defect,Critical,500,60.2,38829.0
CLM-001456,Stellantis,Stellantis Sterling Heights Assembly,US,en,Material Defect detected on Rear Combination Lamp (SL-LMP-17779). Identified at Stellantis Sterling Heights Assembly.,SL Tennessee,US,Lamp Systems,리어콤비램프,Rear Combination Lamp,SL-LMP-17779,2023-03-11,2023-03-16,2023-10-16,2023-10-23,2023-10-26,확정,소재불량,Material Defect,Minor,20,45.97,1149.25
CLM-001457,Ford,Changan Ford Chongqing,CN,zh,在Radiator Support（SL-FEM-52267）上发现Design Flaw。由Changan Ford Chongqing确认。,동풍삼립(우한),CN,Front End Module,라디에이터서포트,Radiator Support,SL-FEM-52267,2023-09-30,2023-10-14,2024-11-02,2024-11-17,2024-11-26,확정,설계결함,Design Flaw,Minor,8,20.7,155.66
CLM-001458,Hyundai,HMGMA (Hyundai Motor Group Metaplant America),US,en,Foreign Material Contamination detected on Wiring Harness (SL-ELE-48164). Identified at HMGMA (Hyundai Motor Group Metaplant America).,SL Alabama,US,Electrification,와이어링하네스,Wiring Harness,SL-ELE-48164,2022-10-22,2022-10-27,2023-04-28,2023-05-05,2023-05-24,확정,이물혼입,Foreign Material Contamination,Minor,2,16.93,42.33
CLM-001459,Honda,Honda Suzuka Factory,JP,ja,Tail Lamp（SL-LMP-36439）にAssembly Defectを検出。Honda Suzuka Factoryにて確認。,SL 안산공장,KR,Lamp Systems,후미등,Tail Lamp,SL-LMP-36439,2023-05-06,2023-05-22,2024-02-17,2024-03-03,2024-04-02,확정,조립불량,Assembly Defect,Major,100,75.41,9200.02
CLM-001460,Stellantis,Stellantis Toledo Assembly,US,en,Surface & Plating Defect detected on Tail Lamp (SL-LMP-63504). Identified at Stellantis Toledo Assembly.,SL Mexico (SLP),MX,Lamp Systems,후미등,Tail Lamp,SL-LMP-63504,2023-12-28,2024-01-09,2024-02-02,2024-02-15,2024-02-27,보상완료,표면·도금불량,Surface & Plating Defect,Major,100,66.79,5543.57
CLM-001461,Hyundai,HMMA (Hyundai Motor Manufacturing Alabama),US,en,Dimensional Out-of-Spec detected on Rear Combination Lamp (SL-LMP-46435). Identified at HMMA (Hyundai Motor Manufacturing Alabama).,SL Alabama,US,Lamp Systems,리어콤비램프,Rear Combination Lamp,SL-LMP-46435,2023-01-22,2023-02-02,2023-05-22,2023-06-02,2023-07-12,확정,치수불량,Dimensional Out-of-Spec,Critical,500,29.3,16115.0
CLM-001462,BMW,BMW Brilliance Shenyang,CN,zh,在Side Repeater Mirror（SL-MIR-45222）上发现Assembly Defect。由BMW Brilliance Shenyang确认。,동풍삼립(우한),CN,Mirror Systems,사이드리피터미러,Side Repeater Mirror,SL-MIR-45222,2023-04-13,2023-04-27,2023-08-13,2023-08-20,2023-09-25,기각,조립불량,Assembly Defect,Minor,8,35.89,235.44
CLM-001463,Hyundai,HMGMA (Hyundai Motor Group Metaplant America),US,en,Foreign Material Contamination detected on Stabilizer Link (SL-CHS-11856). Identified at HMGMA (Hyundai Motor Group Metaplant America).,SL Poland,PL,Chassis Systems,스태빌라이저링크,Stabilizer Link,SL-CHS-11856,2024-01-29,2024-02-08,2024-10-21,2024-10-31,2024-11-04,확정,이물혼입,Foreign Material Contamination,Major,200,39.34,9284.24
CLM-001464,Hyundai,HMGMA (Hyundai Motor Group Metaplant America),US,en,Foreign Material Contamination detected on Side Repeater Mirror (SL-MIR-15805). Identified at HMGMA (Hyundai Motor Group Metaplant America).,SL Alabama,US,Mirror Systems,사이드리피터미러,Side Repeater Mirror,SL-MIR-15805,2024-02-21,2024-03-06,2024-04-22,2024-05-07,2024-05-18,확정,이물혼입,Foreign Material Contamination,Major,100,34.02,4150.44
CLM-001465,Hyundai,현대자동차 아산공장,KR,ko,후미등(SL-LMP-22631) 부품에서 기능불량 발생. Hyundai 현대자동차 아산공장에서 확인됨.,SL 성서공장,KR,Lamp Systems,후미등,Tail Lamp,SL-LMP-22631,2024-06-27,2024-07-14,2025-06-20,2025-06-28,2025-07-28,확정,기능불량,Functional Failure,Minor,12,64.63,992.72
CLM-001466,Hyundai,HMMA (Hyundai Motor Manufacturing Alabama),US,en,Foreign Material Contamination detected on Wiring Harness (SL-ELE-36406). Identified at HMMA (Hyundai Motor Manufacturing Alabama).,SL Alabama,US,Electrification,와이어링하네스,Wiring Harness,SL-ELE-36406,2022-04-07,2022-04-26,2023-01-08,2023-01-21,2023-03-03,기각,이물혼입,Foreign Material Contamination,Critical,500,33.4,16700.0
CLM-001467,GM,GM Spring Hill Assembly,US,en,Dimensional Out-of-Spec detected on Side Repeater Mirror (SL-MIR-38807). Identified at GM Spring Hill Assembly.,SL Tennessee,US,Mirror Systems,사이드리피터미러,Side Repeater Mirror,SL-MIR-38807,2023-05-02,2023-05-05,2023-12-11,2023-12-23,2024-01-30,기각,치수불량,Dimensional Out-of-Spec,Major,200,57.84,10179.84
CLM-001468,Kia,Kia Georgia Plant,US,en,Material Defect detected on Bonnet Latch (SL-FEM-10326). Identified at Kia Georgia Plant.,SL Tennessee,US,Front End Module,본넷래치,Bonnet Latch,SL-FEM-10326,2024-07-25,2024-08-02,2025-02-25,2025-03-11,2025-04-25,확정,소재불량,Material Defect,Minor,12,10.49,152.31
CLM-001469,Subaru,Subaru of Indiana Automotive,US,en,Assembly Defect detected on Inside Mirror (SL-MIR-57423). Identified at Subaru of Indiana Automotive.,SL Alabama,US,Mirror Systems,룸미러,Inside Mirror,SL-MIR-57423,2024-01-31,2024-02-12,2024-11-27,2024-12-04,2025-01-13,기각,조립불량,Assembly Defect,Minor,20,66.39,1221.58
CLM-001470,GM,GM Korea 창원공장,KR,ko,범퍼빔(SL-FEM-29857) 부품에서 조립불량 발생. GM Korea 창원공장에서 확인됨.,SL 진량공장,KR,Front End Module,범퍼빔,Bumper Beam,SL-FEM-29857,2023-08-04,2023-08-22,2023-12-17,2023-12-28,2024-01-03,보상완료,조립불량,Assembly Defect,Minor,20,16.54,310.95
CLM-001471,Stellantis,Stellantis Toluca Assembly,MX,es,Se detectó Functional Failure en Sensor Module (SL-ELE-71081). Identificado en Stellantis Toluca Assembly.,SL Mexico (SLP),MX,Electrification,센서모듈,Sensor Module,SL-ELE-71081,2024-08-26,2024-09-08,2025-07-03,2025-07-15,2025-08-27,확정,기능불량,Functional Failure,Minor,20,32.34,620.93
CLM-001472,BMW,BMW Leipzig Plant,DE,de,Functional Failure bei Bonnet Latch (SL-FEM-70656) festgestellt. Erkannt bei BMW Leipzig Plant.,SL 대구공장,KR,Front End Module,본넷래치,Bonnet Latch,SL-FEM-70656,2025-10-02,2025-10-16,2025-11-19,2025-11-29,,접수,기능불량,Functional Failure,Minor,200,9.57,2086.26
CLM-001473,Kia,Kia India (Anantapur),IN,en,Surface & Plating Defect detected on Inside Mirror (SL-MIR-82080). Identified at Kia India (Anantapur).,호북삼립,CN,Mirror Systems,룸미러,Inside Mirror,SL-MIR-82080,2023-06-10,2023-06-21,2024-03-06,2024-03-15,2024-04-13,확정,표면·도금불량,Surface & Plating Defect,Minor,100,21.14,1860.32
CLM-001474,Hyundai,HMGMA (Hyundai Motor Group Metaplant America),US,en,Other detected on Power Window Switch (SL-ELE-99293). Identified at HMGMA (Hyundai Motor Group Metaplant America).,SL Tennessee,US,Electrification,파워윈도우스위치,Power Window Switch,SL-ELE-99293,2023-05-04,2023-05-10,2023-08-11,2023-08-26,2023-10-10,기각,기타,Other,Minor,1,38.44,37.29
CLM-001475,Hyundai,Beijing Hyundai Motor (BHMC),CN,zh,在Wiring Harness（SL-ELE-13480）上发现Assembly Defect。由Beijing Hyundai Motor (BHMC)确认。,북경삼립,CN,Electrification,와이어링하네스,Wiring Harness,SL-ELE-13480,2025-09-08,2025-09-23,2025-09-27,2025-10-04,2025-11-14,기각,조립불량,Assembly Defect,Minor,2,12.12,26.42
CLM-001476,Hyundai,현대자동차 아산공장,KR,ko,와이어링하네스(SL-ELE-39347) 부품에서 크랙·파손 발생. Hyundai 현대자동차 아산공장에서 확인됨.,SL 천안공장,KR,Electrification,와이어링하네스,Wiring Harness,SL-ELE-39347,2023-07-01,2023-07-20,2024-07-16,2024-07-27,2024-08-26,보상완료,크랙·파손,Crack & Breakage,Major,200,50.6,12751.2
CLM-001477,Kia,기아 광주공장,KR,ko,라디에이터서포트(SL-FEM-77969) 부품에서 기능불량 발생. Kia 기아 광주공장에서 확인됨.,SL 안산공장,KR,Front End Module,라디에이터서포트,Radiator Support,SL-FEM-77969,2023-12-17,2023-12-30,2024-04-06,2024-04-12,2024-04-15,기각,기능불량,Functional Failure,Minor,50,14.38,611.15
CLM-001478,Hyundai,현대자동차 아산공장,KR,ko,안개등(SL-LMP-67668) 부품에서 기능불량 발생. Hyundai 현대자동차 아산공장에서 확인됨.,SL 안산공장,KR,Lamp Systems,안개등,Fog Lamp,SL-LMP-67668,2022-08-30,2022-09-06,2023-03-09,2023-03-20,,조사중,기능불량,Functional Failure,Critical,200,64.23,15929.04
CLM-001479,Kia,기아 광주공장,KR,ko,로어암(SL-CHS-50786) 부품에서 소재불량 발생. Kia 기아 광주공장에서 확인됨.,북경삼립,CN,Chassis Systems,로어암,Lower Control Arm,SL-CHS-50786,2024-04-16,2024-05-06,2025-01-22,2025-01-26,,조사중,소재불량,Material Defect,Minor,8,14.11,139.97
CLM-001480,Subaru,Subaru of Indiana Automotive,US,en,Wiring & Electrical Defect detected on Lower Control Arm (SL-CHS-36011). Identified at Subaru of Indiana Automotive.,SL Alabama,US,Chassis Systems,로어암,Lower Control Arm,SL-CHS-36011,2024-06-12,2024-06-29,2025-03-31,2025-04-02,2025-04-30,확정,배선·전장불량,Wiring & Electrical Defect,Minor,200,14.46,2371.44
CLM-001481,BMW,BMW Brilliance Shenyang,CN,zh,在Side Repeater Mirror（SL-MIR-49656）上发现Functional Failure。由BMW Brilliance Shenyang确认。,SL 옌타이,CN,Mirror Systems,사이드리피터미러,Side Repeater Mirror,SL-MIR-49656,2023-12-14,2023-12-30,2024-06-30,2024-07-09,2024-08-07,확정,기능불량,Functional Failure,Major,200,60.51,9802.62
CLM-001482,Ford,Ford Michigan Assembly,US,en,Surface & Plating Defect detected on Horn (SL-FEM-12837). Identified at Ford Michigan Assembly.,SL Brazil,BR,Front End Module,혼,Horn,SL-FEM-12837,2022-09-27,2022-10-06,2023-05-16,2023-05-19,2023-06-21,기각,표면·도금불량,Surface & Plating Defect,Minor,50,21.66,974.7
CLM-001483,Hyundai,Beijing Hyundai Motor (BHMC),CN,zh,在Bonnet Latch（SL-FEM-88829）上发现Dimensional Out-of-Spec。由Beijing Hyundai Motor (BHMC)确认。,상해삼립,CN,Front End Module,본넷래치,Bonnet Latch,SL-FEM-88829,2022-11-06,2022-11-23,2023-10-29,2023-11-02,,조사중,치수불량,Dimensional Out-of-Spec,Minor,100,28.9,2601.0
CLM-001484,Hyundai,Beijing Hyundai Motor (BHMC),CN,zh,在Sensor Module（SL-ELE-96755）上发现Crack & Breakage。由Beijing Hyundai Motor (BHMC)确认。,동풍삼립(우한),CN,Electrification,센서모듈,Sensor Module,SL-ELE-96755,2023-10-14,2023-10-22,2024-09-15,2024-09-29,2024-10-13,확정,크랙·파손,Crack & Breakage,Minor,2,26.92,69.99
CLM-001485,Kia,Kia India (Anantapur),IN,en,Functional Failure detected on Power Window Switch (SL-ELE-60995). Identified at Kia India (Anantapur).,SL Lumax (India),IN,Electrification,파워윈도우스위치,Power Window Switch,SL-ELE-60995,2022-06-16,2022-06-25,2023-02-19,2023-02-24,2023-03-23,확정,기능불량,Functional Failure,Minor,8,27.49,255.11
CLM-001486,Kia,Kia India (Anantapur),IN,en,Assembly Defect detected on Horn (SL-FEM-89922). Identified at Kia India (Anantapur).,SL Lumax (India),IN,Front End Module,혼,Horn,SL-FEM-89922,2023-01-13,2023-01-18,2023-08-24,2023-09-01,,접수,조립불량,Assembly Defect,Minor,3,32.23,81.22
CLM-001487,BMW,BMW Brilliance Shenyang,CN,zh,在Tail Lamp（SL-LMP-49302）上发现Other。由BMW Brilliance Shenyang确认。,동풍삼립(우한),CN,Lamp Systems,후미등,Tail Lamp,SL-LMP-49302,2023-07-20,2023-08-07,2024-07-14,2024-07-21,2024-07-27,기각,기타,Other,Minor,8,78.12,562.46
CLM-001488,GM,GM Fort Wayne Assembly,US,en,Foreign Material Contamination detected on Power Window Switch (SL-ELE-47829). Identified at GM Fort Wayne Assembly.,SL Tennessee,US,Electrification,파워윈도우스위치,Power Window Switch,SL-ELE-47829,2024-01-23,2024-01-26,2024-05-09,2024-05-22,2024-07-04,확정,이물혼입,Foreign Material Contamination,Minor,1,35.88,40.19
CLM-001489,Kia,기아 광명공장,KR,ko,라디에이터서포트(SL-FEM-70251) 부품에서 조립불량 발생. Kia 기아 광명공장에서 확인됨.,SL 천안공장,KR,Front End Module,라디에이터서포트,Radiator Support,SL-FEM-70251,2022-10-22,2022-11-06,2023-09-10,2023-09-17,2023-09-24,확정,조립불량,Assembly Defect,Minor,3,34.93,122.6
CLM-001490,Honda,Honda Suzuka Factory,JP,ja,Outside Mirror（SL-MIR-99135）にSurface & Plating Defectを検出。Honda Suzuka Factoryにて確認。,SL 옌타이,CN,Mirror Systems,아웃사이드미러,Outside Mirror,SL-MIR-99135,2023-10-20,2023-11-09,2024-03-26,2024-03-27,,조사중,표면·도금불량,Surface & Plating Defect,Major,50,68.6,3704.4
CLM-001491,Honda,Honda Suzuka Factory,JP,ja,Radiator Support（SL-FEM-90513）にMaterial Defectを検出。Honda Suzuka Factoryにて確認。,북경삼립,CN,Front End Module,라디에이터서포트,Radiator Support,SL-FEM-90513,2022-12-04,2022-12-11,2023-05-28,2023-06-08,2023-07-06,확정,소재불량,Material Defect,Minor,8,15.93,141.46
CLM-001492,Hyundai,HMMA (Hyundai Motor Manufacturing Alabama),US,en,Functional Failure detected on Steering Knuckle (SL-CHS-50261). Identified at HMMA (Hyundai Motor Manufacturing Alabama).,SL Alabama,US,Chassis Systems,너클,Steering Knuckle,SL-CHS-50261,2023-03-31,2023-04-04,2023-10-14,2023-10-16,2023-11-03,확정,기능불량,Functional Failure,Minor,3,24.53,61.08
CLM-001493,BMW,BMW Spartanburg Plant,US,en,Crack & Breakage detected on Sensor Module (SL-ELE-56663). Identified at BMW Spartanburg Plant.,호북삼립,CN,Electrification,센서모듈,Sensor Module,SL-ELE-56663,2022-12-19,2022-12-27,2023-11-20,2023-11-28,2023-12-25,기각,크랙·파손,Crack & Breakage,Minor,2,23.44,38.44
CLM-001494,Hyundai,Beijing Hyundai Motor (BHMC),CN,zh,在Lower Control Arm（SL-CHS-37300）上发现Dimensional Out-of-Spec。由Beijing Hyundai Motor (BHMC)确认。,동풍삼립(우한),CN,Chassis Systems,로어암,Lower Control Arm,SL-CHS-37300,2023-05-24,2023-06-05,2024-07-09,2024-07-24,2024-08-31,기각,치수불량,Dimensional Out-of-Spec,Minor,50,16.64,890.24
CLM-001495,GM,SAIC-GM Shanghai,CN,zh,在Outside Mirror（SL-MIR-43120）上发现Foreign Material Contamination。由SAIC-GM Shanghai确认。,SL 옌타이,CN,Mirror Systems,아웃사이드미러,Outside Mirror,SL-MIR-43120,2024-08-05,2024-08-20,2025-01-09,2025-01-21,2025-01-29,기각,이물혼입,Foreign Material Contamination,Critical,500,44.11,24039.95
CLM-001496,Hyundai,HMMA (Hyundai Motor Manufacturing Alabama),US,en,Crack & Breakage detected on Power Window Switch (SL-ELE-87286). Identified at HMMA (Hyundai Motor Manufacturing Alabama).,SL Alabama,US,Electrification,파워윈도우스위치,Power Window Switch,SL-ELE-87286,2024-06-17,2024-06-22,2024-10-10,2024-10-13,2024-10-16,보상완료,크랙·파손,Crack & Breakage,Minor,1,36.24,34.07
CLM-001497,GM,GM Brazil Gravataí,BR,pt,Functional Failure detectado em Rear Combination Lamp (SL-LMP-59017). Identificado na GM Brazil Gravataí.,SL Brazil,BR,Lamp Systems,리어콤비램프,Rear Combination Lamp,SL-LMP-59017,2025-09-24,2025-09-28,2025-10-25,2025-10-27,2025-12-03,기각,기능불량,Functional Failure,Minor,5,30.58,137.61
CLM-001498,Hyundai,현대자동차 울산공장,KR,ko,룸미러(SL-MIR-73095) 부품에서 조립불량 발생. Hyundai 현대자동차 울산공장에서 확인됨.,북경삼립,CN,Mirror Systems,룸미러,Inside Mirror,SL-MIR-73095,2025-05-25,2025-06-02,2025-12-31,2025-12-31,,접수,조립불량,Assembly Defect,Minor,50,59.92,2516.64
CLM-001499,GM,GM Korea 부평공장,KR,ko,센서모듈(SL-ELE-65475) 부품에서 치수불량 발생. GM Korea 부평공장에서 확인됨.,SL 미러텍(시흥),KR,Electrification,센서모듈,Sensor Module,SL-ELE-65475,2024-06-21,2024-07-04,2024-09-08,2024-09-21,2024-09-27,확정,치수불량,Dimensional Out-of-Spec,Critical,500,34.66,21142.6
CLM-001500,Hyundai,HMGMA (Hyundai Motor Group Metaplant America),US,en,Dimensional Out-of-Spec detected on Side Repeater Mirror (SL-MIR-19450). Identified at HMGMA (Hyundai Motor Group Metaplant America).,SL Tennessee,US,Mirror Systems,사이드리피터미러,Side Repeater Mirror,SL-MIR-19450,2024-09-11,2024-09-19,2025-02-01,2025-02-13,2025-02-16,기각,치수불량,Dimensional Out-of-Spec,Minor,1,22.64,20.38
CLM-001501,Hyundai,Beijing Hyundai Motor (BHMC),CN,zh,在Fog Lamp（SL-LMP-28101）上发现Assembly Defect。由Beijing Hyundai Motor (BHMC)确认。,동풍삼립(우한),CN,Lamp Systems,안개등,Fog Lamp,SL-LMP-28101,2023-07-10,2023-07-16,2023-12-11,2023-12-13,2023-12-25,확정,조립불량,Assembly Defect,Minor,20,51.58,845.91
CLM-001502,Kia,기아 광주공장,KR,ko,주간주행등(SL-LMP-65628) 부품에서 설계결함 발생. Kia 기아 광주공장에서 확인됨.,SL 진량공장,KR,Lamp Systems,주간주행등,Daytime Running Lamp,SL-LMP-65628,2024-01-22,2024-02-10,2024-05-26,2024-05-29,,조사중,설계결함,Design Flaw,Minor,8,27.43,285.27
CLM-001503,Kia,Kia India (Anantapur),IN,en,Surface & Plating Defect detected on Steering Knuckle (SL-CHS-28328). Identified at Kia India (Anantapur).,SL Lumax (India),IN,Chassis Systems,너클,Steering Knuckle,SL-CHS-28328,2023-01-04,2023-01-08,2023-02-26,2023-03-12,,조사중,표면·도금불량,Surface & Plating Defect,Minor,8,29.63,213.34
CLM-001504,GM,GM Korea 창원공장,KR,ko,사이드리피터미러(SL-MIR-59654) 부품에서 이물혼입 발생. GM Korea 창원공장에서 확인됨.,SL 안산공장,KR,Mirror Systems,사이드리피터미러,Side Repeater Mirror,SL-MIR-59654,2023-05-02,2023-05-10,2023-08-28,2023-09-01,2023-09-20,기각,이물혼입,Foreign Material Contamination,Minor,20,53.96,1046.82
CLM-001505,Hyundai,현대자동차 아산공장,KR,ko,파워윈도우스위치(SL-ELE-66124) 부품에서 표면·도금불량 발생. Hyundai 현대자동차 아산공장에서 확인됨.,SL 안산공장,KR,Electrification,파워윈도우스위치,Power Window Switch,SL-ELE-66124,2022-10-03,2022-10-14,2023-01-11,2023-01-21,2023-02-20,확정,표면·도금불량,Surface & Plating Defect,Minor,8,17.82,118.32
CLM-001506,Stellantis,Stellantis Sterling Heights Assembly,US,en,Material Defect detected on Inside Mirror (SL-MIR-96752). Identified at Stellantis Sterling Heights Assembly.,SL Alabama,US,Mirror Systems,룸미러,Inside Mirror,SL-MIR-96752,2024-09-21,2024-10-09,2025-01-08,2025-01-22,2025-02-19,확정,소재불량,Material Defect,Minor,12,54.42,848.95
CLM-001507,KGM,KGM 평택공장,KR,ko,안개등(SL-LMP-73953) 부품에서 배선·전장불량 발생. KGM 평택공장에서 확인됨.,SL 성서공장,KR,Lamp Systems,안개등,Fog Lamp,SL-LMP-73953,2024-12-04,2024-12-18,2025-03-09,2025-03-22,2025-05-04,확정,배선·전장불량,Wiring & Electrical Defect,Minor,1,65.27,65.92
CLM-001508,Kia,기아 광주공장,KR,ko,룸미러(SL-MIR-86232) 부품에서 치수불량 발생. Kia 기아 광주공장에서 확인됨.,SL 대구공장,KR,Mirror Systems,룸미러,Inside Mirror,SL-MIR-86232,2024-10-27,2024-11-08,2025-01-29,2025-02-13,2025-03-05,확정,치수불량,Dimensional Out-of-Spec,Minor,20,55.98,1265.15
CLM-001509,Kia,Kia India (Anantapur),IN,en,Functional Failure detected on Sensor Module (SL-ELE-42747). Identified at Kia India (Anantapur).,SL Lumax (India),IN,Electrification,센서모듈,Sensor Module,SL-ELE-42747,2023-06-07,2023-06-16,2023-11-12,2023-11-27,2023-12-24,보상완료,기능불량,Functional Failure,Minor,200,16.78,2852.6
CLM-001510,GM,GM Korea 창원공장,KR,ko,와이어링하네스(SL-ELE-52464) 부품에서 치수불량 발생. GM Korea 창원공장에서 확인됨.,SL 대구공장,KR,Electrification,와이어링하네스,Wiring Harness,SL-ELE-52464,2024-03-10,2024-03-22,2024-07-09,2024-07-16,2024-08-20,확정,치수불량,Dimensional Out-of-Spec,Minor,5,40.09,162.36
CLM-001511,Stellantis,Stellantis Sterling Heights Assembly,US,en,Material Defect detected on Stabilizer Link (SL-CHS-71654). Identified at Stellantis Sterling Heights Assembly.,SL 성서공장,KR,Chassis Systems,스태빌라이저링크,Stabilizer Link,SL-CHS-71654,2023-05-29,2023-06-18,2024-04-29,2024-05-12,2024-06-10,기각,소재불량,Material Defect,Minor,12,40.39,552.54
CLM-001512,GM,GM Korea 부평공장,KR,ko,범퍼빔(SL-FEM-13830) 부품에서 치수불량 발생. GM Korea 부평공장에서 확인됨.,SL 미러텍(시흥),KR,Front End Module,범퍼빔,Bumper Beam,SL-FEM-13830,2024-04-16,2024-05-04,2024-05-16,2024-05-29,2024-06-09,확정,치수불량,Dimensional Out-of-Spec,Minor,1,20.73,18.24
CLM-001513,Stellantis,Stellantis Toledo Assembly,US,en,Surface & Plating Defect detected on Power Window Switch (SL-ELE-73173). Identified at Stellantis Toledo Assembly.,북경삼립,CN,Electrification,파워윈도우스위치,Power Window Switch,SL-ELE-73173,2022-04-23,2022-04-30,2023-02-09,2023-02-16,2023-03-27,기각,표면·도금불량,Surface & Plating Defect,Minor,2,15.93,27.4
CLM-001514,Kia,기아 광명공장,KR,ko,본넷래치(SL-FEM-52377) 부품에서 이물혼입 발생. Kia 기아 광명공장에서 확인됨.,SL 천안공장,KR,Front End Module,본넷래치,Bonnet Latch,SL-FEM-52377,2024-05-02,2024-05-10,2024-07-23,2024-07-30,2024-08-20,보상완료,이물혼입,Foreign Material Contamination,Minor,20,13.54,327.67
CLM-001515,BMW,BMW Brilliance Shenyang,CN,zh,在Inside Mirror（SL-MIR-85059）上发现Dimensional Out-of-Spec。由BMW Brilliance Shenyang确认。,북경삼립,CN,Mirror Systems,룸미러,Inside Mirror,SL-MIR-85059,2023-10-01,2023-10-06,2024-06-21,2024-07-02,,조사중,치수불량,Dimensional Out-of-Spec,Minor,20,55.93,1208.09
CLM-001516,Hyundai,HMGMA (Hyundai Motor Group Metaplant America),US,en,Dimensional Out-of-Spec detected on Wiring Harness (SL-ELE-38632). Identified at HMGMA (Hyundai Motor Group Metaplant America).,SL Alabama,US,Electrification,와이어링하네스,Wiring Harness,SL-ELE-38632,2024-07-08,2024-07-14,2024-11-04,2024-11-05,,조사중,치수불량,Dimensional Out-of-Spec,Minor,2,17.64,41.98
CLM-001517,GM,GM Korea 부평공장,KR,ko,센서모듈(SL-ELE-86690) 부품에서 크랙·파손 발생. GM Korea 부평공장에서 확인됨.,SL 성서공장,KR,Electrification,센서모듈,Sensor Module,SL-ELE-86690,2022-02-09,2022-02-14,2023-03-11,2023-03-15,2023-04-04,확정,크랙·파손,Crack & Breakage,Minor,5,31.43,177.58
CLM-001518,Stellantis,Stellantis Toluca Assembly,MX,es,Se detectó Assembly Defect en Actuator Motor (SL-ELE-46889). Identificado en Stellantis Toluca Assembly.,북경삼립,CN,Electrification,액추에이터모터,Actuator Motor,SL-ELE-46889,2022-05-30,2022-06-19,2023-04-04,2023-04-17,2023-04-25,기각,조립불량,Assembly Defect,Minor,2,48.92,102.73
CLM-001519,Hyundai,현대자동차 울산공장,KR,ko,주간주행등(SL-LMP-11366) 부품에서 크랙·파손 발생. Hyundai 현대자동차 울산공장에서 확인됨.,SL 안산공장,KR,Lamp Systems,주간주행등,Daytime Running Lamp,SL-LMP-11366,2023-10-05,2023-10-10,2024-08-02,2024-08-15,,접수,크랙·파손,Crack & Breakage,Critical,500,83.43,36709.2
CLM-001520,Honda,Honda Marysville Auto Plant,US,en,Surface & Plating Defect detected on Daytime Running Lamp (SL-LMP-81341). Identified at Honda Marysville Auto Plant.,SL Alabama,US,Lamp Systems,주간주행등,Daytime Running Lamp,SL-LMP-81341,2022-02-14,2022-02-19,2023-03-09,2023-03-24,2023-03-29,기각,표면·도금불량,Surface & Plating Defect,Minor,8,34.38,352.05
CLM-001521,Ford,Ford-Werke Cologne,DE,de,Assembly Defect bei Sensor Module (SL-ELE-30438) festgestellt. Erkannt bei Ford-Werke Cologne.,SL 안산공장,KR,Electrification,센서모듈,Sensor Module,SL-ELE-30438,2023-01-02,2023-01-15,2023-05-03,2023-05-07,,조사중,조립불량,Assembly Defect,Minor,50,35.45,2020.65
CLM-001522,GM,SAIC-GM Shanghai,CN,zh,在Fog Lamp（SL-LMP-72986）上发现Design Flaw。由SAIC-GM Shanghai确认。,북경삼립,CN,Lamp Systems,안개등,Fog Lamp,SL-LMP-72986,2022-07-22,2022-07-27,2023-07-22,2023-08-04,2023-08-20,확정,설계결함,Design Flaw,Minor,2,62.89,119.49
CLM-001523,Stellantis,Stellantis Toledo Assembly,US,en,Design Flaw detected on Bumper Beam (SL-FEM-31177). Identified at Stellantis Toledo Assembly.,SL 옌타이,CN,Front End Module,범퍼빔,Bumper Beam,SL-FEM-31177,2025-02-15,2025-02-20,2025-12-02,2025-12-07,,접수,설계결함,Design Flaw,Minor,100,20.4,2284.8
CLM-001524,Kia,Kia Georgia Plant,US,en,Surface & Plating Defect detected on Wiring Harness (SL-ELE-67165). Identified at Kia Georgia Plant.,SL 안산공장,KR,Electrification,와이어링하네스,Wiring Harness,SL-ELE-67165,2024-11-30,2024-12-14,2025-09-02,2025-09-10,2025-10-10,확정,표면·도금불량,Surface & Plating Defect,Minor,200,13.23,2857.68
CLM-001525,KGM,KGM 평택공장,KR,ko,스태빌라이저링크(SL-CHS-24575) 부품에서 소재불량 발생. KGM 평택공장에서 확인됨.,SL Poland,PL,Chassis Systems,스태빌라이저링크,Stabilizer Link,SL-CHS-24575,2024-12-02,2024-12-14,2025-02-15,2025-02-18,2025-03-02,확정,소재불량,Material Defect,Minor,12,21.37,210.28
CLM-001526,Ford,Ford Kentucky Truck Plant,US,en,Wiring & Electrical Defect detected on Lower Control Arm (SL-CHS-63865). Identified at Ford Kentucky Truck Plant.,SL Tennessee,US,Chassis Systems,로어암,Lower Control Arm,SL-CHS-63865,2024-06-24,2024-07-02,2025-06-06,2025-06-13,,조사중,배선·전장불량,Wiring & Electrical Defect,Minor,8,38.87,301.63
CLM-001527,KGM,KGM 평택공장,KR,ko,로어암(SL-CHS-10264) 부품에서 기능불량 발생. KGM 평택공장에서 확인됨.,SL Poland,PL,Chassis Systems,로어암,Lower Control Arm,SL-CHS-10264,2022-11-07,2022-11-21,2023-10-12,2023-10-17,2023-10-24,확정,기능불량,Functional Failure,Major,200,29.91,6879.3
CLM-001528,Kia,Kia India (Anantapur),IN,en,Material Defect detected on Radiator Support (SL-FEM-89234). Identified at Kia India (Anantapur).,상해삼립,CN,Front End Module,라디에이터서포트,Radiator Support,SL-FEM-89234,2023-11-05,2023-11-15,2024-08-01,2024-08-02,,조사중,소재불량,Material Defect,Major,200,34.74,7990.2
CLM-001529,Kia,Kia Georgia Plant,US,en,Functional Failure detected on Steering Knuckle (SL-CHS-76173). Identified at Kia Georgia Plant.,SL Tennessee,US,Chassis Systems,너클,Steering Knuckle,SL-CHS-76173,2024-06-07,2024-06-15,2024-08-29,2024-09-06,2024-09-14,기각,기능불량,Functional Failure,Minor,3,24.86,64.88
CLM-001530,BMW,BMW Brilliance Shenyang,CN,zh,在Daytime Running Lamp（SL-LMP-12956）上发现Material Defect。由BMW Brilliance Shenyang确认。,상해삼립,CN,Lamp Systems,주간주행등,Daytime Running Lamp,SL-LMP-12956,2023-02-02,2023-02-14,2023-03-29,2023-04-12,2023-05-02,보상완료,소재불량,Material Defect,Minor,5,25.33,153.25
CLM-001531,GM,GM Fort Wayne Assembly,US,en,Dimensional Out-of-Spec detected on Rear Combination Lamp (SL-LMP-68337). Identified at GM Fort Wayne Assembly.,북경삼립,CN,Lamp Systems,리어콤비램프,Rear Combination Lamp,SL-LMP-68337,2023-07-24,2023-07-27,2023-07-30,2023-08-10,2023-09-08,보상완료,치수불량,Dimensional Out-of-Spec,Major,100,63.97,7292.58
CLM-001532,KGM,KGM 평택공장,KR,ko,라디에이터서포트(SL-FEM-32085) 부품에서 설계결함 발생. KGM 평택공장에서 확인됨.,SL 진량공장,KR,Front End Module,라디에이터서포트,Radiator Support,SL-FEM-32085,2023-05-11,2023-05-17,2024-01-29,2024-01-31,2024-03-16,확정,설계결함,Design Flaw,Minor,3,14.19,45.98
CLM-001533,Hyundai,Beijing Hyundai Motor (BHMC),CN,zh,在Steering Knuckle（SL-CHS-52826）上发现Other。由Beijing Hyundai Motor (BHMC)确认。,호북삼립,CN,Chassis Systems,너클,Steering Knuckle,SL-CHS-52826,2023-02-09,2023-02-18,2023-11-15,2023-11-21,2023-12-31,보상완료,기타,Other,Minor,8,13.05,98.14
CLM-001534,Hyundai,Beijing Hyundai Motor (BHMC),CN,zh,在Lower Control Arm（SL-CHS-25133）上发现Surface & Plating Defect。由Beijing Hyundai Motor (BHMC)确认。,SL 옌타이,CN,Chassis Systems,로어암,Lower Control Arm,SL-CHS-25133,2023-11-20,2023-11-23,2024-05-19,2024-06-02,2024-06-25,보상완료,표면·도금불량,Surface & Plating Defect,Minor,12,43.92,669.34
CLM-001535,Subaru,Subaru of Indiana Automotive,US,en,Foreign Material Contamination detected on Wiring Harness (SL-ELE-11003). Identified at Subaru of Indiana Automotive.,SL Lumax (India),IN,Electrification,와이어링하네스,Wiring Harness,SL-ELE-11003,2025-01-09,2025-01-15,2025-06-13,2025-06-24,2025-08-08,기각,이물혼입,Foreign Material Contamination,Minor,50,35.04,1436.64
CLM-001536,Ford,Ford Michigan Assembly,US,en,Foreign Material Contamination detected on Fog Lamp (SL-LMP-23412). Identified at Ford Michigan Assembly.,SL Tennessee,US,Lamp Systems,안개등,Fog Lamp,SL-LMP-23412,2023-07-31,2023-08-13,2024-08-12,2024-08-16,2024-09-27,확정,이물혼입,Foreign Material Contamination,Minor,3,76.13,242.09
CLM-001537,Honda,Honda Suzuka Factory,JP,ja,Stabilizer Link（SL-CHS-92419）にWiring & Electrical Defectを検出。Honda Suzuka Factoryにて確認。,SL 천안공장,KR,Chassis Systems,스태빌라이저링크,Stabilizer Link,SL-CHS-92419,2022-12-09,2022-12-13,2023-09-21,2023-09-24,,조사중,배선·전장불량,Wiring & Electrical Defect,Critical,500,30.33,16833.15
CLM-001538,Hyundai,현대자동차 아산공장,KR,ko,액추에이터모터(SL-ELE-98301) 부품에서 설계결함 발생. Hyundai 현대자동차 아산공장에서 확인됨.,SL Poland,PL,Electrification,액추에이터모터,Actuator Motor,SL-ELE-98301,2023-07-27,2023-08-16,2024-04-10,2024-04-20,2024-06-04,보상완료,설계결함,Design Flaw,Minor,2,19.99,45.18
CLM-001539,Ford,Changan Ford Chongqing,CN,zh,在Actuator Motor（SL-ELE-51803）上发现Other。由Changan Ford Chongqing确认。,상해삼립,CN,Electrification,액추에이터모터,Actuator Motor,SL-ELE-51803,2024-01-19,2024-02-01,2024-11-10,2024-11-16,2024-12-12,보상완료,기타,Other,Major,200,23.77,5609.72
CLM-001540,GM,GM Spring Hill Assembly,US,en,Other detected on Power Window Switch (SL-ELE-84244). Identified at GM Spring Hill Assembly.,SL Alabama,US,Electrification,파워윈도우스위치,Power Window Switch,SL-ELE-84244,2022-04-10,2022-04-22,2023-04-11,2023-04-17,2023-05-23,보상완료,기타,Other,Minor,100,29.31,2901.69
CLM-001541,Ford,Changan Ford Chongqing,CN,zh,在Inside Mirror（SL-MIR-45830）上发现Functional Failure。由Changan Ford Chongqing确认。,SL 옌타이,CN,Mirror Systems,룸미러,Inside Mirror,SL-MIR-45830,2024-06-12,2024-06-16,2025-01-30,2025-02-01,2025-02-13,확정,기능불량,Functional Failure,Minor,20,24.66,448.81
CLM-001542,BMW,BMW Leipzig Plant,DE,de,Other bei Lower Control Arm (SL-CHS-93233) festgestellt. Erkannt bei BMW Leipzig Plant.,SL Poland,PL,Chassis Systems,로어암,Lower Control Arm,SL-CHS-93233,2022-05-13,2022-05-24,2023-02-11,2023-02-15,2023-03-15,확정,기타,Other,Major,200,17.3,3840.6
CLM-001543,Kia,기아 광주공장,KR,ko,로어암(SL-CHS-79665) 부품에서 설계결함 발생. Kia 기아 광주공장에서 확인됨.,SL 대구공장,KR,Chassis Systems,로어암,Lower Control Arm,SL-CHS-79665,2023-08-12,2023-08-20,2024-07-31,2024-08-04,2024-08-23,기각,설계결함,Design Flaw,Minor,5,21.95,87.8
CLM-001544,Hyundai,현대자동차 울산공장,KR,ko,안개등(SL-LMP-54827) 부품에서 기능불량 발생. Hyundai 현대자동차 울산공장에서 확인됨.,SL 안산공장,KR,Lamp Systems,안개등,Fog Lamp,SL-LMP-54827,2023-10-23,2023-10-29,2024-05-20,2024-05-26,2024-06-18,확정,기능불량,Functional Failure,Minor,8,79.98,697.43
CLM-001545,Hyundai,현대자동차 아산공장,KR,ko,후미등(SL-LMP-46379) 부품에서 표면·도금불량 발생. Hyundai 현대자동차 아산공장에서 확인됨.,호북삼립,CN,Lamp Systems,후미등,Tail Lamp,SL-LMP-46379,2023-05-11,2023-05-28,2023-12-03,2023-12-04,2023-12-20,확정,표면·도금불량,Surface & Plating Defect,Critical,500,34.39,20634.0
CLM-001546,BMW,BMW Spartanburg Plant,US,en,Assembly Defect detected on Stabilizer Link (SL-CHS-80493). Identified at BMW Spartanburg Plant.,SL Tennessee,US,Chassis Systems,스태빌라이저링크,Stabilizer Link,SL-CHS-80493,2023-01-02,2023-01-17,2023-10-13,2023-10-17,,조사중,조립불량,Assembly Defect,Minor,3,31.97,95.91
CLM-001547,Honda,Honda Marysville Auto Plant,US,en,Functional Failure detected on Lower Control Arm (SL-CHS-88674). Identified at Honda Marysville Auto Plant.,SL Alabama,US,Chassis Systems,로어암,Lower Control Arm,SL-CHS-88674,2023-08-02,2023-08-05,2023-10-12,2023-10-17,,조사중,기능불량,Functional Failure,Major,100,42.61,3792.29
CLM-001548,Hyundai,현대자동차 아산공장,KR,ko,와이어링하네스(SL-ELE-72238) 부품에서 표면·도금불량 발생. Hyundai 현대자동차 아산공장에서 확인됨.,SL 천안공장,KR,Electrification,와이어링하네스,Wiring Harness,SL-ELE-72238,2022-06-12,2022-06-22,2023-01-11,2023-01-14,2023-01-19,보상완료,표면·도금불량,Surface & Plating Defect,Minor,2,47.76,104.12
CLM-001549,GM,GM Spring Hill Assembly,US,en,Surface & Plating Defect detected on Outside Mirror (SL-MIR-15909). Identified at GM Spring Hill Assembly.,SL Tennessee,US,Mirror Systems,아웃사이드미러,Outside Mirror,SL-MIR-15909,2025-03-14,2025-03-18,2025-05-06,2025-05-08,2025-06-21,확정,표면·도금불량,Surface & Plating Defect,Minor,5,38.68,175.99
CLM-001550,BMW,BMW Leipzig Plant,DE,de,Foreign Material Contamination bei Tail Lamp (SL-LMP-86253) festgestellt. Erkannt bei BMW Leipzig Plant.,SL Poland,PL,Lamp Systems,후미등,Tail Lamp,SL-LMP-86253,2024-04-17,2024-04-23,2024-11-30,2024-12-07,,조사중,이물혼입,Foreign Material Contamination,Minor,20,71.51,1630.43
CLM-001551,Ford,Ford Kentucky Truck Plant,US,en,Foreign Material Contamination detected on Sensor Module (SL-ELE-10322). Identified at Ford Kentucky Truck Plant.,SL Alabama,US,Electrification,센서모듈,Sensor Module,SL-ELE-10322,2024-09-08,2024-09-15,2025-07-09,2025-07-13,,접수,이물혼입,Foreign Material Contamination,Minor,5,16.15,74.29
CLM-001552,KGM,KGM 평택공장,KR,ko,너클(SL-CHS-47961) 부품에서 소재불량 발생. KGM 평택공장에서 확인됨.,SL 안산공장,KR,Chassis Systems,너클,Steering Knuckle,SL-CHS-47961,2024-05-30,2024-06-11,2025-06-22,2025-07-06,2025-07-09,확정,소재불량,Material Defect,Major,200,21.76,5135.36
CLM-001553,Hyundai,Beijing Hyundai Motor (BHMC),CN,zh,在Radiator Support（SL-FEM-66086）上发现Design Flaw。由Beijing Hyundai Motor (BHMC)确认。,북경삼립,CN,Front End Module,라디에이터서포트,Radiator Support,SL-FEM-66086,2024-04-25,2024-05-11,2025-05-11,2025-05-17,,조사중,설계결함,Design Flaw,Major,500,20.72,12950.0
CLM-001554,Kia,기아 광명공장,KR,ko,안개등(SL-LMP-72493) 부품에서 설계결함 발생. Kia 기아 광명공장에서 확인됨.,SL 성서공장,KR,Lamp Systems,안개등,Fog Lamp,SL-LMP-72493,2022-09-21,2022-09-26,2023-04-23,2023-05-06,2023-05-12,기각,설계결함,Design Flaw,Minor,3,40.98,140.15
CLM-001555,Kia,Kia India (Anantapur),IN,en,Surface & Plating Defect detected on Radiator Support (SL-FEM-92917). Identified at Kia India (Anantapur).,SL Lumax (India),IN,Front End Module,라디에이터서포트,Radiator Support,SL-FEM-92917,2025-01-27,2025-02-09,2025-05-25,2025-05-29,,조사중,표면·도금불량,Surface & Plating Defect,Major,500,21.13,11304.55
CLM-001556,BMW,BMW Leipzig Plant,DE,de,Material Defect bei Sensor Module (SL-ELE-94819) festgestellt. Erkannt bei BMW Leipzig Plant.,호북삼립,CN,Electrification,센서모듈,Sensor Module,SL-ELE-94819,2025-04-24,2025-05-10,2025-11-15,2025-11-19,2025-11-27,기각,소재불량,Material Defect,Minor,8,48.06,422.93
CLM-001557,Hyundai,현대자동차 울산공장,KR,ko,로어암(SL-CHS-84684) 부품에서 치수불량 발생. Hyundai 현대자동차 울산공장에서 확인됨.,SL 천안공장,KR,Chassis Systems,로어암,Lower Control Arm,SL-CHS-84684,2023-06-24,2023-06-29,2023-11-01,2023-11-05,,조사중,치수불량,Dimensional Out-of-Spec,Minor,12,31.78,423.31
CLM-001558,Stellantis,Stellantis Sterling Heights Assembly,US,en,Dimensional Out-of-Spec detected on Sensor Module (SL-ELE-23537). Identified at Stellantis Sterling Heights Assembly.,SL Alabama,US,Electrification,센서모듈,Sensor Module,SL-ELE-23537,2024-10-09,2024-10-29,2025-10-02,2025-10-06,2025-11-09,보상완료,치수불량,Dimensional Out-of-Spec,Minor,12,35.66,530.62
CLM-001559,Kia,기아 광명공장,KR,ko,전조등(SL-LMP-22892) 부품에서 설계결함 발생. Kia 기아 광명공장에서 확인됨.,SL 성서공장,KR,Lamp Systems,전조등,Head Lamp,SL-LMP-22892,2023-08-06,2023-08-09,2024-07-16,2024-07-30,2024-08-24,확정,설계결함,Design Flaw,Minor,20,50.54,899.61
CLM-001560,GM,GM Korea 창원공장,KR,ko,후미등(SL-LMP-73943) 부품에서 기능불량 발생. GM Korea 창원공장에서 확인됨.,상해삼립,CN,Lamp Systems,후미등,Tail Lamp,SL-LMP-73943,2023-08-06,2023-08-19,2024-01-10,2024-01-16,2024-02-03,확정,기능불량,Functional Failure,Minor,12,68.72,791.65
CLM-001561,Ford,Changan Ford Chongqing,CN,zh,在Power Window Switch（SL-ELE-77018）上发现Crack & Breakage。由Changan Ford Chongqing确认。,북경삼립,CN,Electrification,파워윈도우스위치,Power Window Switch,SL-ELE-77018,2023-10-11,2023-10-27,2024-08-24,2024-08-27,2024-10-05,확정,크랙·파손,Crack & Breakage,Minor,12,47.37,460.44
CLM-001562,Kia,기아 광명공장,KR,ko,사이드리피터미러(SL-MIR-64893) 부품에서 설계결함 발생. Kia 기아 광명공장에서 확인됨.,SL 성서공장,KR,Mirror Systems,사이드리피터미러,Side Repeater Mirror,SL-MIR-64893,2024-03-28,2024-04-17,2024-10-31,2024-11-15,2024-11-25,확정,설계결함,Design Flaw,Major,500,22.71,11468.55
CLM-001563,Hyundai,HMGMA (Hyundai Motor Group Metaplant America),US,en,Crack & Breakage detected on Side Repeater Mirror (SL-MIR-40332). Identified at HMGMA (Hyundai Motor Group Metaplant America).,SL Poland,PL,Mirror Systems,사이드리피터미러,Side Repeater Mirror,SL-MIR-40332,2023-10-19,2023-10-22,2024-10-16,2024-10-26,2024-11-11,확정,크랙·파손,Crack & Breakage,Critical,500,63.87,39280.05
CLM-001564,Hyundai,Beijing Hyundai Motor (BHMC),CN,zh,在Tail Lamp（SL-LMP-29312）上发现Assembly Defect。由Beijing Hyundai Motor (BHMC)确认。,동풍삼립(우한),CN,Lamp Systems,후미등,Tail Lamp,SL-LMP-29312,2023-08-22,2023-09-09,2024-02-06,2024-02-14,2024-03-30,확정,조립불량,Assembly Defect,Minor,8,84.2,868.94
CLM-001565,Ford,Changan Ford Chongqing,CN,zh,在Lower Control Arm（SL-CHS-78124）上发现Surface & Plating Defect。由Changan Ford Chongqing确认。,SL 성서공장,KR,Chassis Systems,로어암,Lower Control Arm,SL-CHS-78124,2023-08-23,2023-08-27,2024-08-19,2024-08-27,,접수,표면·도금불량,Surface & Plating Defect,Major,500,32.16,13989.6
CLM-001566,Kia,Kia India (Anantapur),IN,en,Foreign Material Contamination detected on Inside Mirror (SL-MIR-94555). Identified at Kia India (Anantapur).,SL Lumax (India),IN,Mirror Systems,룸미러,Inside Mirror,SL-MIR-94555,2022-11-21,2022-11-25,2023-11-16,2023-12-01,2023-12-21,확정,이물혼입,Foreign Material Contamination,Minor,2,55.89,111.78
CLM-001567,Kia,Kia Georgia Plant,US,en,Design Flaw detected on Side Repeater Mirror (SL-MIR-28431). Identified at Kia Georgia Plant.,SL Alabama,US,Mirror Systems,사이드리피터미러,Side Repeater Mirror,SL-MIR-28431,2025-04-17,2025-04-26,2025-12-01,2025-12-02,,접수,설계결함,Design Flaw,Minor,3,21.35,81.34
CLM-001568,Hyundai,Beijing Hyundai Motor (BHMC),CN,zh,在Horn（SL-FEM-81190）上发现Dimensional Out-of-Spec。由Beijing Hyundai Motor (BHMC)确认。,SL 옌타이,CN,Front End Module,혼,Horn,SL-FEM-81190,2023-10-30,2023-11-08,2024-02-21,2024-02-28,2024-04-07,보상완료,치수불량,Dimensional Out-of-Spec,Minor,1,33.57,35.25
CLM-001569,Subaru,Subaru Gunma Oizumi Plant,JP,ja,Bumper Beam（SL-FEM-53983）にDesign Flawを検出。Subaru Gunma Oizumi Plantにて確認。,SL 옌타이,CN,Front End Module,범퍼빔,Bumper Beam,SL-FEM-53983,2023-07-15,2023-07-27,2024-06-02,2024-06-17,2024-07-28,확정,설계결함,Design Flaw,Minor,1,23.18,22.95
CLM-001570,Kia,Kia India (Anantapur),IN,en,Surface & Plating Defect detected on Tail Lamp (SL-LMP-29080). Identified at Kia India (Anantapur).,SL 대구공장,KR,Lamp Systems,후미등,Tail Lamp,SL-LMP-29080,2023-07-22,2023-08-05,2024-06-19,2024-07-02,2024-08-10,보상완료,표면·도금불량,Surface & Plating Defect,Minor,12,28.24,382.93
CLM-001571,Honda,Honda Marysville Auto Plant,US,en,Wiring & Electrical Defect detected on Bumper Beam (SL-FEM-72284). Identified at Honda Marysville Auto Plant.,SL Alabama,US,Front End Module,범퍼빔,Bumper Beam,SL-FEM-72284,2024-03-06,2024-03-10,2024-12-07,2024-12-16,2025-01-01,보상완료,배선·전장불량,Wiring & Electrical Defect,Minor,100,23.58,2782.44
CLM-001572,Ford,Ford-Werke Cologne,DE,de,Foreign Material Contamination bei Lower Control Arm (SL-CHS-45643) festgestellt. Erkannt bei Ford-Werke Cologne.,SL Poland,PL,Chassis Systems,로어암,Lower Control Arm,SL-CHS-45643,2024-03-24,2024-04-07,2024-05-10,2024-05-17,2024-06-21,확정,이물혼입,Foreign Material Contamination,Minor,2,34.67,84.59
CLM-001573,Hyundai,현대자동차 울산공장,KR,ko,너클(SL-CHS-51906) 부품에서 조립불량 발생. Hyundai 현대자동차 울산공장에서 확인됨.,SL 천안공장,KR,Chassis Systems,너클,Steering Knuckle,SL-CHS-51906,2024-04-03,2024-04-07,2024-12-22,2024-12-26,,조사중,조립불량,Assembly Defect,Minor,2,42.43,89.95
CLM-001574,Kia,기아 광주공장,KR,ko,센서모듈(SL-ELE-14730) 부품에서 소재불량 발생. Kia 기아 광주공장에서 확인됨.,SL 천안공장,KR,Electrification,센서모듈,Sensor Module,SL-ELE-14730,2022-08-24,2022-08-28,2023-07-06,2023-07-09,2023-08-23,보상완료,소재불량,Material Defect,Minor,20,50.39,1068.27
CLM-001575,GM,GM Brazil Gravataí,BR,pt,Dimensional Out-of-Spec detectado em Head Lamp (SL-LMP-57947). Identificado na GM Brazil Gravataí.,SL Brazil,BR,Lamp Systems,전조등,Head Lamp,SL-LMP-57947,2025-04-20,2025-05-06,2025-11-22,2025-12-05,,조사중,치수불량,Dimensional Out-of-Spec,Minor,2,30.54,66.58
CLM-001576,Stellantis,Stellantis Sterling Heights Assembly,US,en,Wiring & Electrical Defect detected on Inside Mirror (SL-MIR-18607). Identified at Stellantis Sterling Heights Assembly.,SL Tennessee,US,Mirror Systems,룸미러,Inside Mirror,SL-MIR-18607,2025-07-29,2025-08-11,2025-09-02,2025-09-16,,접수,배선·전장불량,Wiring & Electrical Defect,Minor,5,38.75,180.19
CLM-001577,BMW,BMW Leipzig Plant,DE,de,Other bei Bonnet Latch (SL-FEM-81490) festgestellt. Erkannt bei BMW Leipzig Plant.,SL 안산공장,KR,Front End Module,본넷래치,Bonnet Latch,SL-FEM-81490,2024-09-07,2024-09-21,2025-01-26,2025-01-30,2025-03-11,보상완료,기타,Other,Minor,100,12.4,1091.2
CLM-001578,Kia,기아 광명공장,KR,ko,액추에이터모터(SL-ELE-18720) 부품에서 기능불량 발생. Kia 기아 광명공장에서 확인됨.,SL 안산공장,KR,Electrification,액추에이터모터,Actuator Motor,SL-ELE-18720,2024-01-24,2024-02-04,2024-11-07,2024-11-22,2024-12-30,확정,기능불량,Functional Failure,Major,200,49.11,7857.6
CLM-001579,Honda,Honda Marysville Auto Plant,US,en,Surface & Plating Defect detected on Inside Mirror (SL-MIR-33431). Identified at Honda Marysville Auto Plant.,SL Tennessee,US,Mirror Systems,룸미러,Inside Mirror,SL-MIR-33431,2024-08-01,2024-08-16,2025-09-07,2025-09-14,2025-10-28,확정,표면·도금불량,Surface & Plating Defect,Minor,8,35.83,321.04
CLM-001580,Stellantis,Stellantis Toluca Assembly,MX,es,Se detectó Surface & Plating Defect en Sensor Module (SL-ELE-49298). Identificado en Stellantis Toluca Assembly.,SL Mexico (SLP),MX,Electrification,센서모듈,Sensor Module,SL-ELE-49298,2025-03-19,2025-03-29,2025-05-23,2025-05-24,2025-06-25,보상완료,표면·도금불량,Surface & Plating Defect,Minor,1,34.08,36.81
CLM-001581,GM,GM Brazil Gravataí,BR,pt,Material Defect detectado em Side Repeater Mirror (SL-MIR-31878). Identificado na GM Brazil Gravataí.,SL Mexico (SLP),MX,Mirror Systems,사이드리피터미러,Side Repeater Mirror,SL-MIR-31878,2024-12-29,2025-01-16,2025-09-17,2025-09-25,2025-10-05,보상완료,소재불량,Material Defect,Major,100,34.62,3323.52
CLM-001582,Ford,Changan Ford Chongqing,CN,zh,在Rear Combination Lamp（SL-LMP-18058）上发现Design Flaw。由Changan Ford Chongqing确认。,SL 옌타이,CN,Lamp Systems,리어콤비램프,Rear Combination Lamp,SL-LMP-18058,2022-05-31,2022-06-05,2023-01-18,2023-01-21,,조사중,설계결함,Design Flaw,Minor,8,34.15,259.54
CLM-001583,Kia,기아 광명공장,KR,ko,스태빌라이저링크(SL-CHS-96330) 부품에서 기타 발생. Kia 기아 광명공장에서 확인됨.,SL 대구공장,KR,Chassis Systems,스태빌라이저링크,Stabilizer Link,SL-CHS-96330,2024-09-10,2024-09-27,2025-09-17,2025-09-25,,조사중,기타,Other,Minor,20,42.84,976.75
CLM-001584,BMW,BMW Brilliance Shenyang,CN,zh,在Horn（SL-FEM-62266）上发现Other。由BMW Brilliance Shenyang确认。,호북삼립,CN,Front End Module,혼,Horn,SL-FEM-62266,2024-02-17,2024-03-05,2025-04-04,2025-04-11,2025-05-22,확정,기타,Other,Major,500,18.2,11193.0
CLM-001585,Hyundai,HMMA (Hyundai Motor Manufacturing Alabama),US,en,Surface & Plating Defect detected on Inside Mirror (SL-MIR-28141). Identified at HMMA (Hyundai Motor Manufacturing Alabama).,SL Tennessee,US,Mirror Systems,룸미러,Inside Mirror,SL-MIR-28141,2024-02-18,2024-03-03,2025-02-16,2025-02-20,2025-04-03,보상완료,표면·도금불량,Surface & Plating Defect,Minor,3,26.36,66.43
CLM-001586,Hyundai,HMMA (Hyundai Motor Manufacturing Alabama),US,en,Material Defect detected on Fog Lamp (SL-LMP-47291). Identified at HMMA (Hyundai Motor Manufacturing Alabama).,SL Alabama,US,Lamp Systems,안개등,Fog Lamp,SL-LMP-47291,2024-09-17,2024-09-27,2025-09-06,2025-09-13,,조사중,소재불량,Material Defect,Minor,12,57.03,766.48
CLM-001587,Hyundai,HMMA (Hyundai Motor Manufacturing Alabama),US,en,Dimensional Out-of-Spec detected on Daytime Running Lamp (SL-LMP-29843). Identified at HMMA (Hyundai Motor Manufacturing Alabama).,SL Tennessee,US,Lamp Systems,주간주행등,Daytime Running Lamp,SL-LMP-29843,2025-04-30,2025-05-03,2025-05-08,2025-05-17,,조사중,치수불량,Dimensional Out-of-Spec,Minor,12,61.43,855.11
CLM-001588,BMW,BMW Brilliance Shenyang,CN,zh,在Wiring Harness（SL-ELE-38921）上发现Functional Failure。由BMW Brilliance Shenyang确认。,SL Mexico (SLP),MX,Electrification,와이어링하네스,Wiring Harness,SL-ELE-38921,2024-04-30,2024-05-19,2024-10-14,2024-10-23,2024-11-17,기각,기능불량,Functional Failure,Minor,2,37.01,62.92
CLM-001589,GM,GM Fort Wayne Assembly,US,en,Design Flaw detected on Side Repeater Mirror (SL-MIR-76238). Identified at GM Fort Wayne Assembly.,SL Alabama,US,Mirror Systems,사이드리피터미러,Side Repeater Mirror,SL-MIR-76238,2024-05-21,2024-06-05,2025-04-26,2025-05-10,2025-05-28,확정,설계결함,Design Flaw,Minor,1,63.83,54.26
CLM-001590,KGM,KGM 평택공장,KR,ko,로어암(SL-CHS-77953) 부품에서 설계결함 발생. KGM 평택공장에서 확인됨.,SL 천안공장,KR,Chassis Systems,로어암,Lower Control Arm,SL-CHS-77953,2023-04-27,2023-05-12,2023-10-18,2023-10-27,2023-12-06,확정,설계결함,Design Flaw,Minor,50,34.1,1619.75
CLM-001591,Hyundai,현대자동차 울산공장,KR,ko,파워윈도우스위치(SL-ELE-97041) 부품에서 이물혼입 발생. Hyundai 현대자동차 울산공장에서 확인됨.,SL 진량공장,KR,Electrification,파워윈도우스위치,Power Window Switch,SL-ELE-97041,2023-02-14,2023-02-26,2023-04-12,2023-04-23,2023-04-27,기각,이물혼입,Foreign Material Contamination,Minor,2,36.52,78.88
CLM-001592,Kia,기아 광명공장,KR,ko,주간주행등(SL-LMP-95419) 부품에서 표면·도금불량 발생. Kia 기아 광명공장에서 확인됨.,SL Poland,PL,Lamp Systems,주간주행등,Daytime Running Lamp,SL-LMP-95419,2023-02-07,2023-02-11,2024-02-20,2024-03-06,2024-03-21,기각,표면·도금불량,Surface & Plating Defect,Minor,12,83.41,1221.12
CLM-001593,Honda,Honda Suzuka Factory,JP,ja,Head Lamp（SL-LMP-17453）にSurface & Plating Defectを検出。Honda Suzuka Factoryにて確認。,북경삼립,CN,Lamp Systems,전조등,Head Lamp,SL-LMP-17453,2022-05-17,2022-05-21,2023-03-19,2023-03-28,2023-05-07,보상완료,표면·도금불량,Surface & Plating Defect,Minor,2,60.95,129.21
CLM-001594,Ford,Ford-Werke Cologne,DE,de,Design Flaw bei Side Repeater Mirror (SL-MIR-94370) festgestellt. Erkannt bei Ford-Werke Cologne.,SL 대구공장,KR,Mirror Systems,사이드리피터미러,Side Repeater Mirror,SL-MIR-94370,2023-10-17,2023-10-28,2024-04-17,2024-04-19,2024-05-30,확정,설계결함,Design Flaw,Major,200,54.15,12021.3
CLM-001595,Kia,기아 광주공장,KR,ko,라디에이터서포트(SL-FEM-21602) 부품에서 조립불량 발생. Kia 기아 광주공장에서 확인됨.,SL Mexico (SLP),MX,Front End Module,라디에이터서포트,Radiator Support,SL-FEM-21602,2023-03-27,2023-04-12,2024-05-11,2024-05-18,2024-07-01,확정,조립불량,Assembly Defect,Minor,100,29.3,2461.2
CLM-001596,KGM,KGM 평택공장,KR,ko,너클(SL-CHS-43611) 부품에서 소재불량 발생. KGM 평택공장에서 확인됨.,SL 성서공장,KR,Chassis Systems,너클,Steering Knuckle,SL-CHS-43611,2025-07-10,2025-07-24,2025-07-26,2025-08-10,2025-08-17,기각,소재불량,Material Defect,Minor,1,44.32,50.52
CLM-001597,Subaru,Subaru of Indiana Automotive,US,en,Crack & Breakage detected on Side Repeater Mirror (SL-MIR-68702). Identified at Subaru of Indiana Automotive.,SL Alabama,US,Mirror Systems,사이드리피터미러,Side Repeater Mirror,SL-MIR-68702,2025-05-25,2025-06-01,2025-10-28,2025-10-30,2025-11-09,확정,크랙·파손,Crack & Breakage,Minor,3,53.36,176.09
CLM-001598,GM,GM Fort Wayne Assembly,US,en,Functional Failure detected on Head Lamp (SL-LMP-63154). Identified at GM Fort Wayne Assembly.,상해삼립,CN,Lamp Systems,전조등,Head Lamp,SL-LMP-63154,2025-01-27,2025-02-14,2025-09-21,2025-10-03,2025-11-07,보상완료,기능불량,Functional Failure,Major,50,50.88,3180.0
CLM-001599,BMW,BMW Munich Plant,DE,de,Design Flaw bei Sensor Module (SL-ELE-13221) festgestellt. Erkannt bei BMW Munich Plant.,SL Poland,PL,Electrification,센서모듈,Sensor Module,SL-ELE-13221,2022-06-05,2022-06-20,2023-06-29,2023-07-14,2023-08-26,보상완료,설계결함,Design Flaw,Minor,50,51.59,2295.76
CLM-001600,Hyundai,HMGMA (Hyundai Motor Group Metaplant America),US,en,Wiring & Electrical Defect detected on Wiring Harness (SL-ELE-68660). Identified at HMGMA (Hyundai Motor Group Metaplant America).,SL Tennessee,US,Electrification,와이어링하네스,Wiring Harness,SL-ELE-68660,2025-01-24,2025-02-08,2025-03-24,2025-04-07,2025-04-21,확정,배선·전장불량,Wiring & Electrical Defect,Critical,500,37.1,23187.5
CLM-001601,GM,SAIC-GM Shanghai,CN,zh,在Wiring Harness（SL-ELE-51679）上发现Functional Failure。由SAIC-GM Shanghai确认。,호북삼립,CN,Electrification,와이어링하네스,Wiring Harness,SL-ELE-51679,2023-05-15,2023-05-28,2023-08-06,2023-08-12,2023-09-14,기각,기능불량,Functional Failure,Minor,3,29.52,114.24
CLM-001602,Stellantis,Stellantis Sterling Heights Assembly,US,en,Dimensional Out-of-Spec detected on Actuator Motor (SL-ELE-51561). Identified at Stellantis Sterling Heights Assembly.,SL Alabama,US,Electrification,액추에이터모터,Actuator Motor,SL-ELE-51561,2023-01-11,2023-01-23,2023-03-02,2023-03-04,2023-03-13,보상완료,치수불량,Dimensional Out-of-Spec,Minor,12,31.73,415.03
CLM-001603,GM,GM Korea 창원공장,KR,ko,로어암(SL-CHS-80042) 부품에서 크랙·파손 발생. GM Korea 창원공장에서 확인됨.,SL 천안공장,KR,Chassis Systems,로어암,Lower Control Arm,SL-CHS-80042,2025-05-10,2025-05-15,2025-12-27,2025-12-31,,접수,크랙·파손,Crack & Breakage,Minor,100,26.14,2169.62
CLM-001604,BMW,BMW Leipzig Plant,DE,de,Foreign Material Contamination bei Stabilizer Link (SL-CHS-93702) festgestellt. Erkannt bei BMW Leipzig Plant.,SL Poland,PL,Chassis Systems,스태빌라이저링크,Stabilizer Link,SL-CHS-93702,2023-03-27,2023-04-13,2024-01-06,2024-01-15,2024-02-18,보상완료,이물혼입,Foreign Material Contamination,Major,500,27.28,11184.8
CLM-001605,Kia,기아 화성공장,KR,ko,전조등(SL-LMP-23326) 부품에서 조립불량 발생. Kia 기아 화성공장에서 확인됨.,SL Tennessee,US,Lamp Systems,전조등,Head Lamp,SL-LMP-23326,2023-05-10,2023-05-13,2023-11-04,2023-11-06,2023-12-04,기각,조립불량,Assembly Defect,Minor,50,42.89,2337.51
CLM-001606,KGM,KGM 평택공장,KR,ko,아웃사이드미러(SL-MIR-39761) 부품에서 배선·전장불량 발생. KGM 평택공장에서 확인됨.,SL 대구공장,KR,Mirror Systems,아웃사이드미러,Outside Mirror,SL-MIR-39761,2023-06-19,2023-06-28,2024-01-23,2024-02-06,,조사중,배선·전장불량,Wiring & Electrical Defect,Minor,1,39.22,48.63
CLM-001607,Hyundai,HMGMA (Hyundai Motor Group Metaplant America),US,en,Foreign Material Contamination detected on Lower Control Arm (SL-CHS-60448). Identified at HMGMA (Hyundai Motor Group Metaplant America).,SL Tennessee,US,Chassis Systems,로어암,Lower Control Arm,SL-CHS-60448,2025-02-23,2025-03-06,2025-05-17,2025-05-29,2025-06-29,보상완료,이물혼입,Foreign Material Contamination,Minor,5,27.5,165.0
CLM-001608,BMW,BMW Leipzig Plant,DE,de,Crack & Breakage bei Fog Lamp (SL-LMP-49986) festgestellt. Erkannt bei BMW Leipzig Plant.,SL 천안공장,KR,Lamp Systems,안개등,Fog Lamp,SL-LMP-49986,2024-03-22,2024-04-05,2025-03-11,2025-03-26,2025-04-29,확정,크랙·파손,Crack & Breakage,Minor,1,71.82,76.85
CLM-001609,GM,GM Korea 창원공장,KR,ko,로어암(SL-CHS-43342) 부품에서 배선·전장불량 발생. GM Korea 창원공장에서 확인됨.,SL 안산공장,KR,Chassis Systems,로어암,Lower Control Arm,SL-CHS-43342,2023-10-28,2023-11-02,2024-11-07,2024-11-12,2024-12-12,확정,배선·전장불량,Wiring & Electrical Defect,Major,100,33.87,3420.87
CLM-001610,Subaru,Subaru of Indiana Automotive,US,en,Functional Failure detected on Stabilizer Link (SL-CHS-39968). Identified at Subaru of Indiana Automotive.,SL Tennessee,US,Chassis Systems,스태빌라이저링크,Stabilizer Link,SL-CHS-39968,2024-01-03,2024-01-23,2024-12-24,2024-12-31,2025-01-29,기각,기능불량,Functional Failure,Minor,5,26.33,131.65
CLM-001611,Kia,기아 광주공장,KR,ko,라디에이터서포트(SL-FEM-57830) 부품에서 기타 발생. Kia 기아 광주공장에서 확인됨.,SL 미러텍(시흥),KR,Front End Module,라디에이터서포트,Radiator Support,SL-FEM-57830,2025-04-09,2025-04-12,2025-12-10,2025-12-25,,조사중,기타,Other,Minor,8,14.58,138.8
CLM-001612,BMW,BMW Munich Plant,DE,de,Crack & Breakage bei Side Repeater Mirror (SL-MIR-66442) festgestellt. Erkannt bei BMW Munich Plant.,SL 안산공장,KR,Mirror Systems,사이드리피터미러,Side Repeater Mirror,SL-MIR-66442,2024-02-16,2024-02-20,2024-11-21,2024-11-27,,접수,크랙·파손,Crack & Breakage,Minor,12,59.99,705.48
CLM-001613,Ford,Ford Michigan Assembly,US,en,Surface & Plating Defect detected on Side Repeater Mirror (SL-MIR-11073). Identified at Ford Michigan Assembly.,SL Alabama,US,Mirror Systems,사이드리피터미러,Side Repeater Mirror,SL-MIR-11073,2022-08-14,2022-08-23,2023-04-15,2023-04-20,2023-05-31,확정,표면·도금불량,Surface & Plating Defect,Major,200,22.28,4589.68
CLM-001614,Kia,Kia Georgia Plant,US,en,Dimensional Out-of-Spec detected on Stabilizer Link (SL-CHS-55266). Identified at Kia Georgia Plant.,동풍삼립(우한),CN,Chassis Systems,스태빌라이저링크,Stabilizer Link,SL-CHS-55266,2022-08-19,2022-09-08,2023-01-10,2023-01-25,,접수,치수불량,Dimensional Out-of-Spec,Minor,3,23.06,89.93
CLM-001615,Hyundai,현대자동차 울산공장,KR,ko,로어암(SL-CHS-96236) 부품에서 소재불량 발생. Hyundai 현대자동차 울산공장에서 확인됨.,SL 안산공장,KR,Chassis Systems,로어암,Lower Control Arm,SL-CHS-96236,2023-03-26,2023-04-01,2024-01-14,2024-01-19,2024-02-05,확정,소재불량,Material Defect,Minor,3,41.99,138.57
CLM-001616,Ford,Ford Michigan Assembly,US,en,Foreign Material Contamination detected on Sensor Module (SL-ELE-34653). Identified at Ford Michigan Assembly.,SL Poland,PL,Electrification,센서모듈,Sensor Module,SL-ELE-34653,2022-05-31,2022-06-06,2023-06-11,2023-06-13,,조사중,이물혼입,Foreign Material Contamination,Minor,200,11.31,2940.6
CLM-001617,Hyundai,HMMA (Hyundai Motor Manufacturing Alabama),US,en,Foreign Material Contamination detected on Side Repeater Mirror (SL-MIR-66902). Identified at HMMA (Hyundai Motor Manufacturing Alabama).,SL Alabama,US,Mirror Systems,사이드리피터미러,Side Repeater Mirror,SL-MIR-66902,2024-11-01,2024-11-15,2025-02-17,2025-02-19,2025-03-27,기각,이물혼입,Foreign Material Contamination,Minor,50,31.17,1402.65
CLM-001618,Ford,Ford-Werke Cologne,DE,de,Material Defect bei Stabilizer Link (SL-CHS-66543) festgestellt. Erkannt bei Ford-Werke Cologne.,SL 진량공장,KR,Chassis Systems,스태빌라이저링크,Stabilizer Link,SL-CHS-66543,2022-05-14,2022-05-19,2023-03-25,2023-04-04,2023-04-13,확정,소재불량,Material Defect,Minor,50,33.96,2139.48
CLM-001619,Kia,기아 광주공장,KR,ko,범퍼빔(SL-FEM-64772) 부품에서 기능불량 발생. Kia 기아 광주공장에서 확인됨.,SL 미러텍(시흥),KR,Front End Module,범퍼빔,Bumper Beam,SL-FEM-64772,2023-01-27,2023-02-04,2023-10-05,2023-10-14,2023-11-12,보상완료,기능불량,Functional Failure,Minor,5,14.68,68.26
CLM-001620,Hyundai,현대자동차 아산공장,KR,ko,혼(SL-FEM-65466) 부품에서 치수불량 발생. Hyundai 현대자동차 아산공장에서 확인됨.,동풍삼립(우한),CN,Front End Module,혼,Horn,SL-FEM-65466,2022-10-28,2022-11-13,2023-12-08,2023-12-13,2023-12-27,보상완료,치수불량,Dimensional Out-of-Spec,Minor,1,21.87,23.18
CLM-001621,GM,GM Brazil Gravataí,BR,pt,Surface & Plating Defect detectado em Actuator Motor (SL-ELE-65560). Identificado na GM Brazil Gravataí.,SL Brazil,BR,Electrification,액추에이터모터,Actuator Motor,SL-ELE-65560,2024-02-25,2024-03-12,2024-04-24,2024-04-28,,접수,표면·도금불량,Surface & Plating Defect,Major,200,36.9,9372.6
CLM-001622,GM,GM Fort Wayne Assembly,US,en,Design Flaw detected on Lower Control Arm (SL-CHS-53244). Identified at GM Fort Wayne Assembly.,SL 옌타이,CN,Chassis Systems,로어암,Lower Control Arm,SL-CHS-53244,2023-07-31,2023-08-16,2023-10-20,2023-10-28,2023-11-06,확정,설계결함,Design Flaw,Minor,5,21.25,96.69
CLM-001623,Ford,Ford Kentucky Truck Plant,US,en,Crack & Breakage detected on Stabilizer Link (SL-CHS-29956). Identified at Ford Kentucky Truck Plant.,SL Tennessee,US,Chassis Systems,스태빌라이저링크,Stabilizer Link,SL-CHS-29956,2023-01-29,2023-02-12,2023-04-28,2023-05-08,2023-06-05,보상완료,크랙·파손,Crack & Breakage,Minor,12,13.52,184.95
CLM-001624,GM,GM Brazil Gravataí,BR,pt,Material Defect detectado em Inside Mirror (SL-MIR-57423). Identificado na GM Brazil Gravataí.,SL Brazil,BR,Mirror Systems,룸미러,Inside Mirror,SL-MIR-57423,2024-06-01,2024-06-16,2025-01-29,2025-02-06,2025-03-20,확정,소재불량,Material Defect,Minor,2,55.92,106.25
CLM-001625,Hyundai,HMMA (Hyundai Motor Manufacturing Alabama),US,en,Material Defect detected on Wiring Harness (SL-ELE-94790). Identified at HMMA (Hyundai Motor Manufacturing Alabama).,SL Tennessee,US,Electrification,와이어링하네스,Wiring Harness,SL-ELE-94790,2024-04-13,2024-04-29,2024-09-04,2024-09-19,2024-10-06,기각,소재불량,Material Defect,Minor,1,40.86,50.26
CLM-001626,BMW,BMW Brilliance Shenyang,CN,zh,在Daytime Running Lamp（SL-LMP-29277）上发现Foreign Material Contamination。由BMW Brilliance Shenyang确认。,동풍삼립(우한),CN,Lamp Systems,주간주행등,Daytime Running Lamp,SL-LMP-29277,2022-08-26,2022-09-12,2023-08-23,2023-09-02,,조사중,이물혼입,Foreign Material Contamination,Minor,2,84.13,153.12
CLM-001627,Hyundai,현대자동차 울산공장,KR,ko,액추에이터모터(SL-ELE-17022) 부품에서 소재불량 발생. Hyundai 현대자동차 울산공장에서 확인됨.,SL 성서공장,KR,Electrification,액추에이터모터,Actuator Motor,SL-ELE-17022,2025-02-09,2025-02-19,2025-10-28,2025-11-11,2025-11-24,기각,소재불량,Material Defect,Major,200,34.75,6950.0
CLM-001628,Honda,Honda Suzuka Factory,JP,ja,Bumper Beam（SL-FEM-13526）にFunctional Failureを検出。Honda Suzuka Factoryにて確認。,SL 천안공장,KR,Front End Module,범퍼빔,Bumper Beam,SL-FEM-13526,2024-10-07,2024-10-26,2025-01-05,2025-01-16,2025-01-19,확정,기능불량,Functional Failure,Major,500,15.88,9766.2
CLM-001629,Ford,Ford Kentucky Truck Plant,US,en,Dimensional Out-of-Spec detected on Steering Knuckle (SL-CHS-51654). Identified at Ford Kentucky Truck Plant.,SL Tennessee,US,Chassis Systems,너클,Steering Knuckle,SL-CHS-51654,2023-04-01,2023-04-09,2023-04-15,2023-04-16,,조사중,치수불량,Dimensional Out-of-Spec,Minor,100,20.05,2105.25
CLM-001630,BMW,BMW Munich Plant,DE,de,Surface & Plating Defect bei Lower Control Arm (SL-CHS-32295) festgestellt. Erkannt bei BMW Munich Plant.,SL 옌타이,CN,Chassis Systems,로어암,Lower Control Arm,SL-CHS-32295,2024-01-10,2024-01-25,2024-10-09,2024-10-17,2024-10-23,보상완료,표면·도금불량,Surface & Plating Defect,Critical,500,37.71,17723.7
CLM-001631,BMW,BMW Munich Plant,DE,de,Wiring & Electrical Defect bei Steering Knuckle (SL-CHS-91976) festgestellt. Erkannt bei BMW Munich Plant.,SL 미러텍(시흥),KR,Chassis Systems,너클,Steering Knuckle,SL-CHS-91976,2022-08-12,2022-08-19,2023-05-21,2023-05-25,2023-07-01,보상완료,배선·전장불량,Wiring & Electrical Defect,Minor,2,13.47,33.41
CLM-001632,Stellantis,Stellantis Toluca Assembly,MX,es,Se detectó Wiring & Electrical Defect en Fog Lamp (SL-LMP-23124). Identificado en Stellantis Toluca Assembly.,SL Mexico (SLP),MX,Lamp Systems,안개등,Fog Lamp,SL-LMP-23124,2023-12-29,2024-01-09,2024-05-14,2024-05-21,,조사중,배선·전장불량,Wiring & Electrical Defect,Minor,8,35.38,226.43
CLM-001633,Kia,Kia India (Anantapur),IN,en,Dimensional Out-of-Spec detected on Rear Combination Lamp (SL-LMP-35819). Identified at Kia India (Anantapur).,SL Lumax (India),IN,Lamp Systems,리어콤비램프,Rear Combination Lamp,SL-LMP-35819,2022-05-02,2022-05-17,2023-06-07,2023-06-16,,조사중,치수불량,Dimensional Out-of-Spec,Minor,5,52.0,208.0
CLM-001634,GM,GM Brazil Gravataí,BR,pt,Functional Failure detectado em Side Repeater Mirror (SL-MIR-59856). Identificado na GM Brazil Gravataí.,SL Brazil,BR,Mirror Systems,사이드리피터미러,Side Repeater Mirror,SL-MIR-59856,2022-05-13,2022-06-01,2023-01-26,2023-02-05,2023-03-21,기각,기능불량,Functional Failure,Minor,20,44.11,723.4
CLM-001635,Hyundai,현대자동차 아산공장,KR,ko,범퍼빔(SL-FEM-69867) 부품에서 배선·전장불량 발생. Hyundai 현대자동차 아산공장에서 확인됨.,SL 진량공장,KR,Front End Module,범퍼빔,Bumper Beam,SL-FEM-69867,2023-01-01,2023-01-11,2023-08-22,2023-08-27,2023-08-31,확정,배선·전장불량,Wiring & Electrical Defect,Minor,200,16.66,2965.48
CLM-001636,GM,SAIC-GM Shanghai,CN,zh,在Rear Combination Lamp（SL-LMP-44711）上发现Functional Failure。由SAIC-GM Shanghai确认。,호북삼립,CN,Lamp Systems,리어콤비램프,Rear Combination Lamp,SL-LMP-44711,2024-03-01,2024-03-12,2024-09-14,2024-09-29,2024-11-09,확정,기능불량,Functional Failure,Minor,3,65.09,189.41
CLM-001637,Kia,기아 화성공장,KR,ko,범퍼빔(SL-FEM-40975) 부품에서 배선·전장불량 발생. Kia 기아 화성공장에서 확인됨.,SL 천안공장,KR,Front End Module,범퍼빔,Bumper Beam,SL-FEM-40975,2024-10-26,2024-11-01,2025-06-18,2025-06-30,2025-08-04,보상완료,배선·전장불량,Wiring & Electrical Defect,Minor,20,28.25,689.3
CLM-001638,Kia,기아 광주공장,KR,ko,라디에이터서포트(SL-FEM-67752) 부품에서 소재불량 발생. Kia 기아 광주공장에서 확인됨.,SL 미러텍(시흥),KR,Front End Module,라디에이터서포트,Radiator Support,SL-FEM-67752,2024-02-26,2024-03-11,2024-03-24,2024-03-30,2024-05-01,확정,소재불량,Material Defect,Minor,5,22.7,139.6
CLM-001639,GM,GM Spring Hill Assembly,US,en,Crack & Breakage detected on Side Repeater Mirror (SL-MIR-28322). Identified at GM Spring Hill Assembly.,SL 대구공장,KR,Mirror Systems,사이드리피터미러,Side Repeater Mirror,SL-MIR-28322,2023-03-23,2023-04-04,2024-03-21,2024-04-01,2024-04-08,확정,크랙·파손,Crack & Breakage,Minor,8,59.37,588.95
CLM-001640,Hyundai,HMGMA (Hyundai Motor Group Metaplant America),US,en,Crack & Breakage detected on Stabilizer Link (SL-CHS-24476). Identified at HMGMA (Hyundai Motor Group Metaplant America).,SL Tennessee,US,Chassis Systems,스태빌라이저링크,Stabilizer Link,SL-CHS-24476,2022-09-18,2022-10-04,2023-05-27,2023-06-09,,조사중,크랙·파손,Crack & Breakage,Minor,3,32.66,83.28
CLM-001641,Hyundai,Beijing Hyundai Motor (BHMC),CN,zh,在Bonnet Latch（SL-FEM-64481）上发现Dimensional Out-of-Spec。由Beijing Hyundai Motor (BHMC)确认。,호북삼립,CN,Front End Module,본넷래치,Bonnet Latch,SL-FEM-64481,2023-10-15,2023-10-18,2024-06-20,2024-07-04,2024-07-27,확정,치수불량,Dimensional Out-of-Spec,Major,100,34.38,3403.62
CLM-001642,GM,GM Fort Wayne Assembly,US,en,Surface & Plating Defect detected on Bonnet Latch (SL-FEM-10391). Identified at GM Fort Wayne Assembly.,SL Tennessee,US,Front End Module,본넷래치,Bonnet Latch,SL-FEM-10391,2022-09-17,2022-10-07,2023-02-27,2023-03-03,2023-04-13,확정,표면·도금불량,Surface & Plating Defect,Minor,20,27.68,636.64
CLM-001643,Hyundai,HMMA (Hyundai Motor Manufacturing Alabama),US,en,Crack & Breakage detected on Actuator Motor (SL-ELE-96680). Identified at HMMA (Hyundai Motor Manufacturing Alabama).,SL Tennessee,US,Electrification,액추에이터모터,Actuator Motor,SL-ELE-96680,2023-04-02,2023-04-06,2023-12-10,2023-12-17,2024-01-03,확정,크랙·파손,Crack & Breakage,Minor,2,11.97,22.26
CLM-001644,Kia,기아 광명공장,KR,ko,본넷래치(SL-FEM-26814) 부품에서 표면·도금불량 발생. Kia 기아 광명공장에서 확인됨.,SL 성서공장,KR,Front End Module,본넷래치,Bonnet Latch,SL-FEM-26814,2025-08-17,2025-08-28,2025-11-17,2025-11-25,,접수,표면·도금불량,Surface & Plating Defect,Minor,1,10.36,8.91
CLM-001645,Ford,Changan Ford Chongqing,CN,zh,在Horn（SL-FEM-85569）上发现Design Flaw。由Changan Ford Chongqing确认。,동풍삼립(우한),CN,Front End Module,혼,Horn,SL-FEM-85569,2025-03-25,2025-04-11,2025-09-04,2025-09-14,2025-10-07,기각,설계결함,Design Flaw,Minor,3,10.87,28.04
CLM-001646,Kia,Kia Georgia Plant,US,en,Dimensional Out-of-Spec detected on Stabilizer Link (SL-CHS-22441). Identified at Kia Georgia Plant.,SL Brazil,BR,Chassis Systems,스태빌라이저링크,Stabilizer Link,SL-CHS-22441,2025-01-18,2025-01-24,2025-12-30,2025-12-31,,조사중,치수불량,Dimensional Out-of-Spec,Minor,2,28.25,63.28
CLM-001647,Ford,Ford-Werke Cologne,DE,de,Design Flaw bei Bonnet Latch (SL-FEM-22336) festgestellt. Erkannt bei Ford-Werke Cologne.,SL Poland,PL,Front End Module,본넷래치,Bonnet Latch,SL-FEM-22336,2023-01-22,2023-02-08,2023-12-11,2023-12-17,2024-01-17,보상완료,설계결함,Design Flaw,Minor,20,10.79,237.38
CLM-001648,BMW,BMW Munich Plant,DE,de,Surface & Plating Defect bei Wiring Harness (SL-ELE-78885) festgestellt. Erkannt bei BMW Munich Plant.,SL Poland,PL,Electrification,와이어링하네스,Wiring Harness,SL-ELE-78885,2022-09-12,2022-10-01,2023-04-20,2023-04-23,2023-05-03,기각,표면·도금불량,Surface & Plating Defect,Critical,500,47.05,24701.25
CLM-001649,GM,GM Fort Wayne Assembly,US,en,Foreign Material Contamination detected on Bonnet Latch (SL-FEM-35489). Identified at GM Fort Wayne Assembly.,SL Tennessee,US,Front End Module,본넷래치,Bonnet Latch,SL-FEM-35489,2025-03-02,2025-03-12,2025-05-13,2025-05-15,2025-06-20,확정,이물혼입,Foreign Material Contamination,Minor,8,23.62,222.97
CLM-001650,Hyundai,Beijing Hyundai Motor (BHMC),CN,zh,在Bonnet Latch（SL-FEM-88823）上发现Wiring & Electrical Defect。由Beijing Hyundai Motor (BHMC)确认。,SL Alabama,US,Front End Module,본넷래치,Bonnet Latch,SL-FEM-88823,2023-12-02,2023-12-14,2025-01-01,2025-01-07,2025-01-31,확정,배선·전장불량,Wiring & Electrical Defect,Minor,5,17.23,87.01
CLM-001651,KGM,KGM 평택공장,KR,ko,혼(SL-FEM-38551) 부품에서 소재불량 발생. KGM 평택공장에서 확인됨.,SL 대구공장,KR,Front End Module,혼,Horn,SL-FEM-38551,2023-08-16,2023-08-29,2023-11-12,2023-11-25,2023-12-19,보상완료,소재불량,Material Defect,Minor,50,29.84,1238.36
CLM-001652,BMW,BMW Munich Plant,DE,de,Material Defect bei Radiator Support (SL-FEM-33527) festgestellt. Erkannt bei BMW Munich Plant.,SL Poland,PL,Front End Module,라디에이터서포트,Radiator Support,SL-FEM-33527,2022-08-02,2022-08-10,2023-08-06,2023-08-18,2023-08-23,확정,소재불량,Material Defect,Minor,100,18.67,2035.03
CLM-001653,Kia,기아 광주공장,KR,ko,센서모듈(SL-ELE-51725) 부품에서 기타 발생. Kia 기아 광주공장에서 확인됨.,SL 미러텍(시흥),KR,Electrification,센서모듈,Sensor Module,SL-ELE-51725,2024-02-21,2024-03-05,2024-04-23,2024-04-30,2024-05-06,확정,기타,Other,Minor,5,10.39,61.82
CLM-001654,GM,GM Fort Wayne Assembly,US,en,Crack & Breakage detected on Power Window Switch (SL-ELE-96717). Identified at GM Fort Wayne Assembly.,SL Tennessee,US,Electrification,파워윈도우스위치,Power Window Switch,SL-ELE-96717,2024-02-25,2024-03-16,2024-09-18,2024-09-26,,조사중,크랙·파손,Crack & Breakage,Minor,1,35.31,41.31
CLM-001655,BMW,BMW Munich Plant,DE,de,Surface & Plating Defect bei Bonnet Latch (SL-FEM-53073) festgestellt. Erkannt bei BMW Munich Plant.,SL Mexico (SLP),MX,Front End Module,본넷래치,Bonnet Latch,SL-FEM-53073,2022-11-22,2022-12-07,2023-07-10,2023-07-19,,조사중,표면·도금불량,Surface & Plating Defect,Minor,5,34.0,176.8
CLM-001656,Subaru,Subaru Gunma Oizumi Plant,JP,ja,Bonnet Latch（SL-FEM-48500）にDesign Flawを検出。Subaru Gunma Oizumi Plantにて確認。,북경삼립,CN,Front End Module,본넷래치,Bonnet Latch,SL-FEM-48500,2022-01-18,2022-01-26,2023-01-23,2023-01-28,,조사중,설계결함,Design Flaw,Major,500,12.61,7755.15
CLM-001657,Kia,Kia India (Anantapur),IN,en,Wiring & Electrical Defect detected on Bonnet Latch (SL-FEM-34225). Identified at Kia India (Anantapur).,SL Lumax (India),IN,Front End Module,본넷래치,Bonnet Latch,SL-FEM-34225,2023-09-02,2023-09-15,2024-04-25,2024-04-30,2024-05-09,보상완료,배선·전장불량,Wiring & Electrical Defect,Minor,2,25.52,49.0
CLM-001658,Kia,기아 광주공장,KR,ko,사이드리피터미러(SL-MIR-97576) 부품에서 조립불량 발생. Kia 기아 광주공장에서 확인됨.,북경삼립,CN,Mirror Systems,사이드리피터미러,Side Repeater Mirror,SL-MIR-97576,2022-12-03,2022-12-14,2023-03-05,2023-03-09,2023-04-04,보상완료,조립불량,Assembly Defect,Major,200,35.38,7146.76
CLM-001659,Ford,Ford Kentucky Truck Plant,US,en,Surface & Plating Defect detected on Steering Knuckle (SL-CHS-45909). Identified at Ford Kentucky Truck Plant.,SL Tennessee,US,Chassis Systems,너클,Steering Knuckle,SL-CHS-45909,2022-02-25,2022-03-09,2023-01-17,2023-01-19,2023-02-13,확정,표면·도금불량,Surface & Plating Defect,Major,200,29.79,6851.7
CLM-001660,Honda,Honda Suzuka Factory,JP,ja,Inside Mirror（SL-MIR-52570）にDimensional Out-of-Specを検出。Honda Suzuka Factoryにて確認。,SL 미러텍(시흥),KR,Mirror Systems,룸미러,Inside Mirror,SL-MIR-52570,2022-07-21,2022-07-25,2023-07-11,2023-07-20,2023-08-03,보상완료,치수불량,Dimensional Out-of-Spec,Minor,2,53.37,129.16
CLM-001661,Hyundai,현대자동차 아산공장,KR,ko,로어암(SL-CHS-85747) 부품에서 치수불량 발생. Hyundai 현대자동차 아산공장에서 확인됨.,SL 성서공장,KR,Chassis Systems,로어암,Lower Control Arm,SL-CHS-85747,2023-11-29,2023-12-07,2023-12-26,2023-12-30,2024-01-26,확정,치수불량,Dimensional Out-of-Spec,Major,200,33.91,8816.6
CLM-001662,BMW,BMW Munich Plant,DE,de,Other bei Power Window Switch (SL-ELE-22225) festgestellt. Erkannt bei BMW Munich Plant.,SL Poland,PL,Electrification,파워윈도우스위치,Power Window Switch,SL-ELE-22225,2024-04-04,2024-04-09,2024-05-27,2024-06-07,2024-06-22,보상완료,기타,Other,Major,500,10.73,5955.15
CLM-001663,Kia,기아 광주공장,KR,ko,주간주행등(SL-LMP-65658) 부품에서 크랙·파손 발생. Kia 기아 광주공장에서 확인됨.,SL 안산공장,KR,Lamp Systems,주간주행등,Daytime Running Lamp,SL-LMP-65658,2023-04-02,2023-04-11,2023-12-30,2024-01-04,2024-01-19,확정,크랙·파손,Crack & Breakage,Critical,500,58.63,32246.5
CLM-001664,Subaru,Subaru Gunma Oizumi Plant,JP,ja,Power Window Switch（SL-ELE-67170）にCrack & Breakageを検出。Subaru Gunma Oizumi Plantにて確認。,SL 진량공장,KR,Electrification,파워윈도우스위치,Power Window Switch,SL-ELE-67170,2023-05-23,2023-05-27,2024-06-05,2024-06-14,2024-07-10,확정,크랙·파손,Crack & Breakage,Minor,3,22.79,79.31
CLM-001665,Hyundai,Beijing Hyundai Motor (BHMC),CN,zh,在Lower Control Arm（SL-CHS-68951）上发现Foreign Material Contamination。由Beijing Hyundai Motor (BHMC)确认。,동풍삼립(우한),CN,Chassis Systems,로어암,Lower Control Arm,SL-CHS-68951,2024-03-08,2024-03-21,2024-07-04,2024-07-18,2024-08-26,보상완료,이물혼입,Foreign Material Contamination,Minor,3,44.14,162.88
CLM-001666,BMW,BMW Spartanburg Plant,US,en,Functional Failure detected on Side Repeater Mirror (SL-MIR-65957). Identified at BMW Spartanburg Plant.,SL Tennessee,US,Mirror Systems,사이드리피터미러,Side Repeater Mirror,SL-MIR-65957,2024-12-06,2024-12-19,2025-05-14,2025-05-18,2025-05-27,확정,기능불량,Functional Failure,Minor,20,36.41,677.23
CLM-001667,Hyundai,Beijing Hyundai Motor (BHMC),CN,zh,在Sensor Module（SL-ELE-45909）上发现Crack & Breakage。由Beijing Hyundai Motor (BHMC)确认。,북경삼립,CN,Electrification,센서모듈,Sensor Module,SL-ELE-45909,2022-12-10,2022-12-29,2023-10-07,2023-10-15,2023-11-04,확정,크랙·파손,Crack & Breakage,Major,200,39.03,8820.78
CLM-001668,GM,GM Fort Wayne Assembly,US,en,Other detected on Daytime Running Lamp (SL-LMP-23958). Identified at GM Fort Wayne Assembly.,SL Alabama,US,Lamp Systems,주간주행등,Daytime Running Lamp,SL-LMP-23958,2024-07-29,2024-08-01,2025-07-26,2025-08-09,2025-09-08,보상완료,기타,Other,Minor,1,30.53,28.39
CLM-001669,GM,GM Korea 부평공장,KR,ko,스태빌라이저링크(SL-CHS-68724) 부품에서 치수불량 발생. GM Korea 부평공장에서 확인됨.,SL 성서공장,KR,Chassis Systems,스태빌라이저링크,Stabilizer Link,SL-CHS-68724,2023-01-23,2023-02-07,2023-07-30,2023-08-07,2023-09-05,보상완료,치수불량,Dimensional Out-of-Spec,Minor,12,12.0,139.68
CLM-001670,GM,SAIC-GM Shanghai,CN,zh,在Radiator Support（SL-FEM-96794）上发现Foreign Material Contamination。由SAIC-GM Shanghai确认。,북경삼립,CN,Front End Module,라디에이터서포트,Radiator Support,SL-FEM-96794,2024-04-02,2024-04-10,2024-08-22,2024-08-26,2024-09-11,확정,이물혼입,Foreign Material Contamination,Major,200,31.96,8245.68
CLM-001671,GM,GM Spring Hill Assembly,US,en,Design Flaw detected on Fog Lamp (SL-LMP-63603). Identified at GM Spring Hill Assembly.,SL Alabama,US,Lamp Systems,안개등,Fog Lamp,SL-LMP-63603,2024-04-08,2024-04-18,2025-04-16,2025-04-24,2025-04-29,확정,설계결함,Design Flaw,Minor,8,83.58,802.37
CLM-001672,GM,GM Fort Wayne Assembly,US,en,Surface & Plating Defect detected on Steering Knuckle (SL-CHS-26301). Identified at GM Fort Wayne Assembly.,SL 미러텍(시흥),KR,Chassis Systems,너클,Steering Knuckle,SL-CHS-26301,2024-08-13,2024-08-20,2024-09-07,2024-09-13,,조사중,표면·도금불량,Surface & Plating Defect,Minor,100,22.68,2608.2
CLM-001673,GM,GM Brazil Gravataí,BR,pt,Surface & Plating Defect detectado em Actuator Motor (SL-ELE-92468). Identificado na GM Brazil Gravataí.,SL Brazil,BR,Electrification,액추에이터모터,Actuator Motor,SL-ELE-92468,2024-03-18,2024-03-28,2025-04-22,2025-05-01,2025-06-09,기각,표면·도금불량,Surface & Plating Defect,Minor,20,48.68,1197.53
CLM-001674,BMW,BMW Munich Plant,DE,de,Other bei Head Lamp (SL-LMP-12848) festgestellt. Erkannt bei BMW Munich Plant.,SL 대구공장,KR,Lamp Systems,전조등,Head Lamp,SL-LMP-12848,2022-05-09,2022-05-16,2023-06-12,2023-06-20,2023-07-17,확정,기타,Other,Minor,12,30.46,438.62
CLM-001675,BMW,BMW Leipzig Plant,DE,de,Surface & Plating Defect bei Lower Control Arm (SL-CHS-74189) festgestellt. Erkannt bei BMW Leipzig Plant.,SL Lumax (India),IN,Chassis Systems,로어암,Lower Control Arm,SL-CHS-74189,2025-01-12,2025-01-31,2025-07-30,2025-08-06,2025-08-12,보상완료,표면·도금불량,Surface & Plating Defect,Minor,20,22.81,396.89
CLM-001676,Subaru,Subaru Gunma Oizumi Plant,JP,ja,Lower Control Arm（SL-CHS-92426）にSurface & Plating Defectを検出。Subaru Gunma Oizumi Plantにて確認。,SL 미러텍(시흥),KR,Chassis Systems,로어암,Lower Control Arm,SL-CHS-92426,2023-10-30,2023-11-18,2024-06-12,2024-06-25,2024-07-13,확정,표면·도금불량,Surface & Plating Defect,Minor,2,29.73,67.78
CLM-001677,Hyundai,현대자동차 아산공장,KR,ko,범퍼빔(SL-FEM-68784) 부품에서 기능불량 발생. Hyundai 현대자동차 아산공장에서 확인됨.,SL 진량공장,KR,Front End Module,범퍼빔,Bumper Beam,SL-FEM-68784,2024-01-05,2024-01-22,2024-03-26,2024-03-31,2024-04-25,확정,기능불량,Functional Failure,Minor,50,31.93,1420.88
CLM-001678,Kia,기아 광명공장,KR,ko,센서모듈(SL-ELE-15392) 부품에서 기능불량 발생. Kia 기아 광명공장에서 확인됨.,SL 천안공장,KR,Electrification,센서모듈,Sensor Module,SL-ELE-15392,2024-12-09,2024-12-29,2025-11-09,2025-11-24,2025-12-28,기각,기능불량,Functional Failure,Minor,8,45.26,463.46
CLM-001679,Stellantis,Stellantis Toluca Assembly,MX,es,Se detectó Crack & Breakage en Stabilizer Link (SL-CHS-53815). Identificado en Stellantis Toluca Assembly.,SL Mexico (SLP),MX,Chassis Systems,스태빌라이저링크,Stabilizer Link,SL-CHS-53815,2022-11-30,2022-12-14,2023-10-11,2023-10-25,2023-11-26,확정,크랙·파손,Crack & Breakage,Minor,1,43.76,52.07
CLM-001680,GM,GM Fort Wayne Assembly,US,en,Other detected on Fog Lamp (SL-LMP-29699). Identified at GM Fort Wayne Assembly.,SL Alabama,US,Lamp Systems,안개등,Fog Lamp,SL-LMP-29699,2022-05-30,2022-06-15,2023-02-16,2023-02-24,2023-03-18,확정,기타,Other,Minor,50,47.8,2270.5
CLM-001681,Hyundai,HMGMA (Hyundai Motor Group Metaplant America),US,en,Dimensional Out-of-Spec detected on Rear Combination Lamp (SL-LMP-87117). Identified at HMGMA (Hyundai Motor Group Metaplant America).,SL Tennessee,US,Lamp Systems,리어콤비램프,Rear Combination Lamp,SL-LMP-87117,2023-04-09,2023-04-13,2023-04-30,2023-05-10,2023-05-15,보상완료,치수불량,Dimensional Out-of-Spec,Minor,12,50.9,708.53
CLM-001682,Hyundai,HMMA (Hyundai Motor Manufacturing Alabama),US,en,Design Flaw detected on Side Repeater Mirror (SL-MIR-53716). Identified at HMMA (Hyundai Motor Manufacturing Alabama).,동풍삼립(우한),CN,Mirror Systems,사이드리피터미러,Side Repeater Mirror,SL-MIR-53716,2024-10-29,2024-11-08,2025-05-15,2025-05-21,2025-06-05,보상완료,설계결함,Design Flaw,Minor,20,41.49,680.44
CLM-001683,Ford,Ford Kentucky Truck Plant,US,en,Other detected on Steering Knuckle (SL-CHS-13788). Identified at Ford Kentucky Truck Plant.,SL 대구공장,KR,Chassis Systems,너클,Steering Knuckle,SL-CHS-13788,2023-05-02,2023-05-06,2023-06-11,2023-06-23,2023-07-15,확정,기타,Other,Major,500,23.94,12089.7
CLM-001684,Hyundai,Beijing Hyundai Motor (BHMC),CN,zh,在Head Lamp（SL-LMP-81777）上发现Crack & Breakage。由Beijing Hyundai Motor (BHMC)确认。,동풍삼립(우한),CN,Lamp Systems,전조등,Head Lamp,SL-LMP-81777,2022-07-30,2022-08-12,2023-07-28,2023-08-06,2023-09-06,확정,크랙·파손,Crack & Breakage,Minor,20,52.72,1012.22
CLM-001685,Kia,Kia Georgia Plant,US,en,Dimensional Out-of-Spec detected on Power Window Switch (SL-ELE-97677). Identified at Kia Georgia Plant.,SL Alabama,US,Electrification,파워윈도우스위치,Power Window Switch,SL-ELE-97677,2022-07-24,2022-08-10,2023-01-01,2023-01-13,2023-02-10,확정,치수불량,Dimensional Out-of-Spec,Major,100,49.84,5731.6
CLM-001686,Hyundai,HMMA (Hyundai Motor Manufacturing Alabama),US,en,Design Flaw detected on Horn (SL-FEM-88695). Identified at HMMA (Hyundai Motor Manufacturing Alabama).,상해삼립,CN,Front End Module,혼,Horn,SL-FEM-88695,2025-01-09,2025-01-28,2025-02-06,2025-02-17,2025-03-09,기각,설계결함,Design Flaw,Minor,5,26.67,106.68
CLM-001687,Hyundai,현대자동차 아산공장,KR,ko,너클(SL-CHS-73069) 부품에서 소재불량 발생. Hyundai 현대자동차 아산공장에서 확인됨.,SL 진량공장,KR,Chassis Systems,너클,Steering Knuckle,SL-CHS-73069,2023-06-05,2023-06-25,2024-05-10,2024-05-17,2024-05-29,확정,소재불량,Material Defect,Minor,8,13.81,91.7
CLM-001688,Honda,Honda Suzuka Factory,JP,ja,Steering Knuckle（SL-CHS-41933）にForeign Material Contaminationを検出。Honda Suzuka Factoryにて確認。,SL 천안공장,KR,Chassis Systems,너클,Steering Knuckle,SL-CHS-41933,2023-05-29,2023-06-03,2024-03-12,2024-03-17,2024-04-21,확정,이물혼입,Foreign Material Contamination,Minor,3,20.62,58.77
CLM-001689,Kia,기아 광명공장,KR,ko,너클(SL-CHS-23515) 부품에서 기능불량 발생. Kia 기아 광명공장에서 확인됨.,SL 성서공장,KR,Chassis Systems,너클,Steering Knuckle,SL-CHS-23515,2022-01-09,2022-01-17,2023-02-04,2023-02-19,2023-03-26,기각,기능불량,Functional Failure,Major,500,19.45,9530.5
CLM-001690,Hyundai,HMGMA (Hyundai Motor Group Metaplant America),US,en,Assembly Defect detected on Lower Control Arm (SL-CHS-36710). Identified at HMGMA (Hyundai Motor Group Metaplant America).,SL Alabama,US,Chassis Systems,로어암,Lower Control Arm,SL-CHS-36710,2023-03-07,2023-03-21,2023-07-04,2023-07-06,2023-07-21,확정,조립불량,Assembly Defect,Minor,3,23.73,70.48
CLM-001691,Kia,Kia Georgia Plant,US,en,Material Defect detected on Lower Control Arm (SL-CHS-91526). Identified at Kia Georgia Plant.,SL 안산공장,KR,Chassis Systems,로어암,Lower Control Arm,SL-CHS-91526,2024-10-23,2024-11-12,2025-12-15,2025-12-21,,접수,소재불량,Material Defect,Minor,50,30.16,1447.68
CLM-001692,Honda,Honda Marysville Auto Plant,US,en,Material Defect detected on Stabilizer Link (SL-CHS-98790). Identified at Honda Marysville Auto Plant.,SL Lumax (India),IN,Chassis Systems,스태빌라이저링크,Stabilizer Link,SL-CHS-98790,2023-02-17,2023-03-09,2023-06-05,2023-06-12,2023-07-18,확정,소재불량,Material Defect,Minor,20,27.2,641.92
CLM-001693,Hyundai,Beijing Hyundai Motor (BHMC),CN,zh,在Inside Mirror（SL-MIR-79794）上发现Surface & Plating Defect。由Beijing Hyundai Motor (BHMC)确认。,호북삼립,CN,Mirror Systems,룸미러,Inside Mirror,SL-MIR-79794,2022-09-25,2022-09-29,2023-07-07,2023-07-19,,조사중,표면·도금불량,Surface & Plating Defect,Minor,100,23.25,2162.25
CLM-001694,Kia,기아 광주공장,KR,ko,아웃사이드미러(SL-MIR-89726) 부품에서 기타 발생. Kia 기아 광주공장에서 확인됨.,SL 안산공장,KR,Mirror Systems,아웃사이드미러,Outside Mirror,SL-MIR-89726,2024-03-21,2024-04-07,2025-01-27,2025-02-08,2025-02-14,보상완료,기타,Other,Minor,2,28.67,60.78
CLM-001695,Hyundai,현대자동차 아산공장,KR,ko,범퍼빔(SL-FEM-35774) 부품에서 표면·도금불량 발생. Hyundai 현대자동차 아산공장에서 확인됨.,SL 안산공장,KR,Front End Module,범퍼빔,Bumper Beam,SL-FEM-35774,2024-03-30,2024-04-12,2024-05-25,2024-06-09,2024-07-05,기각,표면·도금불량,Surface & Plating Defect,Minor,1,33.71,32.36
CLM-001696,Hyundai,현대자동차 울산공장,KR,ko,주간주행등(SL-LMP-67796) 부품에서 치수불량 발생. Hyundai 현대자동차 울산공장에서 확인됨.,SL 옌타이,CN,Lamp Systems,주간주행등,Daytime Running Lamp,SL-LMP-67796,2025-11-05,2025-11-11,2025-12-27,2025-12-31,,접수,치수불량,Dimensional Out-of-Spec,Minor,12,64.9,739.86
CLM-001697,Ford,Ford-Werke Cologne,DE,de,Dimensional Out-of-Spec bei Steering Knuckle (SL-CHS-49790) festgestellt. Erkannt bei Ford-Werke Cologne.,SL 대구공장,KR,Chassis Systems,너클,Steering Knuckle,SL-CHS-49790,2022-11-13,2022-11-21,2023-09-03,2023-09-13,2023-09-25,확정,치수불량,Dimensional Out-of-Spec,Major,200,40.3,8866.0
CLM-001698,Kia,기아 화성공장,KR,ko,전조등(SL-LMP-64965) 부품에서 소재불량 발생. Kia 기아 화성공장에서 확인됨.,SL 성서공장,KR,Lamp Systems,전조등,Head Lamp,SL-LMP-64965,2022-07-28,2022-08-12,2023-08-03,2023-08-14,2023-09-25,확정,소재불량,Material Defect,Minor,1,28.83,34.02
CLM-001699,Stellantis,Stellantis Toluca Assembly,MX,es,Se detectó Wiring & Electrical Defect en Side Repeater Mirror (SL-MIR-42775). Identificado en Stellantis Toluca Assembly.,SL 성서공장,KR,Mirror Systems,사이드리피터미러,Side Repeater Mirror,SL-MIR-42775,2022-09-12,2022-09-18,2023-10-02,2023-10-09,2023-11-07,확정,배선·전장불량,Wiring & Electrical Defect,Minor,3,27.6,69.55
CLM-001700,Stellantis,Stellantis Sterling Heights Assembly,US,en,Functional Failure detected on Side Repeater Mirror (SL-MIR-59942). Identified at Stellantis Sterling Heights Assembly.,호북삼립,CN,Mirror Systems,사이드리피터미러,Side Repeater Mirror,SL-MIR-59942,2024-12-04,2024-12-07,2025-02-20,2025-03-01,2025-03-21,확정,기능불량,Functional Failure,Major,200,59.98,13795.4
CLM-001701,Ford,Ford Kentucky Truck Plant,US,en,Design Flaw detected on Steering Knuckle (SL-CHS-26974). Identified at Ford Kentucky Truck Plant.,SL Tennessee,US,Chassis Systems,너클,Steering Knuckle,SL-CHS-26974,2022-12-03,2022-12-20,2023-09-29,2023-09-30,2023-10-13,기각,설계결함,Design Flaw,Minor,1,13.54,15.16
CLM-001702,GM,GM Spring Hill Assembly,US,en,Foreign Material Contamination detected on Lower Control Arm (SL-CHS-82941). Identified at GM Spring Hill Assembly.,SL Tennessee,US,Chassis Systems,로어암,Lower Control Arm,SL-CHS-82941,2025-05-28,2025-06-04,2025-08-06,2025-08-16,2025-09-06,확정,이물혼입,Foreign Material Contamination,Minor,3,41.73,151.48
CLM-001703,Kia,Kia India (Anantapur),IN,en,Design Flaw detected on Side Repeater Mirror (SL-MIR-77634). Identified at Kia India (Anantapur).,SL 진량공장,KR,Mirror Systems,사이드리피터미러,Side Repeater Mirror,SL-MIR-77634,2025-03-05,2025-03-20,2025-03-29,2025-03-30,2025-04-03,확정,설계결함,Design Flaw,Minor,3,33.11,100.32
CLM-001704,Kia,기아 광주공장,KR,ko,라디에이터서포트(SL-FEM-89559) 부품에서 배선·전장불량 발생. Kia 기아 광주공장에서 확인됨.,북경삼립,CN,Front End Module,라디에이터서포트,Radiator Support,SL-FEM-89559,2024-11-04,2024-11-07,2024-11-29,2024-12-04,2025-01-16,보상완료,배선·전장불량,Wiring & Electrical Defect,Major,200,21.64,4414.56
CLM-001705,KGM,KGM 평택공장,KR,ko,스태빌라이저링크(SL-CHS-56454) 부품에서 배선·전장불량 발생. KGM 평택공장에서 확인됨.,SL 천안공장,KR,Chassis Systems,스태빌라이저링크,Stabilizer Link,SL-CHS-56454,2025-03-15,2025-03-25,2025-06-02,2025-06-11,2025-07-17,확정,배선·전장불량,Wiring & Electrical Defect,Major,100,26.61,3299.64
CLM-001706,Kia,Kia India (Anantapur),IN,en,Assembly Defect detected on Inside Mirror (SL-MIR-96376). Identified at Kia India (Anantapur).,SL Lumax (India),IN,Mirror Systems,룸미러,Inside Mirror,SL-MIR-96376,2022-09-09,2022-09-16,2023-04-18,2023-05-03,2023-06-12,보상완료,조립불량,Assembly Defect,Minor,2,69.61,167.06
CLM-001707,Honda,Honda Suzuka Factory,JP,ja,Sensor Module（SL-ELE-97216）にForeign Material Contaminationを検出。Honda Suzuka Factoryにて確認。,SL 천안공장,KR,Electrification,센서모듈,Sensor Module,SL-ELE-97216,2025-05-21,2025-05-24,2025-07-04,2025-07-08,2025-07-24,확정,이물혼입,Foreign Material Contamination,Minor,2,44.2,103.43
CLM-001708,Stellantis,Stellantis Toluca Assembly,MX,es,Se detectó Crack & Breakage en Wiring Harness (SL-ELE-84650). Identificado en Stellantis Toluca Assembly.,SL Mexico (SLP),MX,Electrification,와이어링하네스,Wiring Harness,SL-ELE-84650,2024-03-06,2024-03-11,2024-08-16,2024-08-26,2024-09-05,기각,크랙·파손,Crack & Breakage,Minor,50,46.4,2714.4
CLM-001709,Subaru,Subaru of Indiana Automotive,US,en,Other detected on Sensor Module (SL-ELE-22186). Identified at Subaru of Indiana Automotive.,SL Tennessee,US,Electrification,센서모듈,Sensor Module,SL-ELE-22186,2024-08-08,2024-08-17,2025-04-17,2025-04-28,,조사중,기타,Other,Minor,12,42.79,441.59
CLM-001710,Ford,Changan Ford Chongqing,CN,zh,在Power Window Switch（SL-ELE-92154）上发现Dimensional Out-of-Spec。由Changan Ford Chongqing确认。,호북삼립,CN,Electrification,파워윈도우스위치,Power Window Switch,SL-ELE-92154,2024-11-13,2024-11-29,2025-12-18,2025-12-31,,조사중,치수불량,Dimensional Out-of-Spec,Major,500,16.72,10450.0
CLM-001711,Kia,Kia India (Anantapur),IN,en,Assembly Defect detected on Actuator Motor (SL-ELE-24520). Identified at Kia India (Anantapur).,SL Lumax (India),IN,Electrification,액추에이터모터,Actuator Motor,SL-ELE-24520,2025-08-18,2025-08-25,2025-12-15,2025-12-19,,접수,조립불량,Assembly Defect,Minor,20,50.42,1068.9
CLM-001712,GM,GM Brazil Gravataí,BR,pt,Surface & Plating Defect detectado em Radiator Support (SL-FEM-75848). Identificado na GM Brazil Gravataí.,SL Brazil,BR,Front End Module,라디에이터서포트,Radiator Support,SL-FEM-75848,2022-03-16,2022-03-31,2023-02-07,2023-02-12,2023-03-22,확정,표면·도금불량,Surface & Plating Defect,Minor,50,34.29,2005.96
CLM-001713,GM,SAIC-GM Shanghai,CN,zh,在Inside Mirror（SL-MIR-93385）上发现Other。由SAIC-GM Shanghai确认。,북경삼립,CN,Mirror Systems,룸미러,Inside Mirror,SL-MIR-93385,2023-12-17,2024-01-04,2024-02-15,2024-02-21,2024-03-16,보상완료,기타,Other,Major,500,27.93,14663.25
CLM-001714,BMW,BMW Spartanburg Plant,US,en,Dimensional Out-of-Spec detected on Head Lamp (SL-LMP-93376). Identified at BMW Spartanburg Plant.,SL Alabama,US,Lamp Systems,전조등,Head Lamp,SL-LMP-93376,2023-11-08,2023-11-23,2024-08-19,2024-08-30,2024-09-12,보상완료,치수불량,Dimensional Out-of-Spec,Minor,50,46.01,1978.43
CLM-001715,Ford,Ford Kentucky Truck Plant,US,en,Foreign Material Contamination detected on Horn (SL-FEM-53862). Identified at Ford Kentucky Truck Plant.,SL Poland,PL,Front End Module,혼,Horn,SL-FEM-53862,2023-11-01,2023-11-17,2024-04-03,2024-04-09,2024-04-16,보상완료,이물혼입,Foreign Material Contamination,Major,500,19.77,12257.4
CLM-001716,BMW,BMW Brilliance Shenyang,CN,zh,在Head Lamp（SL-LMP-84150）上发现Dimensional Out-of-Spec。由BMW Brilliance Shenyang确认。,SL 옌타이,CN,Lamp Systems,전조등,Head Lamp,SL-LMP-84150,2023-08-13,2023-09-01,2024-02-28,2024-03-13,2024-03-23,확정,치수불량,Dimensional Out-of-Spec,Minor,5,79.41,333.52
CLM-001717,Ford,Changan Ford Chongqing,CN,zh,在Lower Control Arm（SL-CHS-26548）上发现Other。由Changan Ford Chongqing确认。,SL 옌타이,CN,Chassis Systems,로어암,Lower Control Arm,SL-CHS-26548,2025-06-28,2025-07-18,2025-12-09,2025-12-22,2025-12-31,확정,기타,Other,Minor,3,27.83,84.32
CLM-001718,Hyundai,Beijing Hyundai Motor (BHMC),CN,zh,在Head Lamp（SL-LMP-93069）上发现Crack & Breakage。由Beijing Hyundai Motor (BHMC)确认。,SL Brazil,BR,Lamp Systems,전조등,Head Lamp,SL-LMP-93069,2025-10-04,2025-10-15,2025-11-02,2025-11-03,2025-11-18,확정,크랙·파손,Crack & Breakage,Major,100,25.33,3090.26
CLM-001719,Kia,기아 광명공장,KR,ko,파워윈도우스위치(SL-ELE-62460) 부품에서 조립불량 발생. Kia 기아 광명공장에서 확인됨.,SL 안산공장,KR,Electrification,파워윈도우스위치,Power Window Switch,SL-ELE-62460,2025-07-16,2025-07-30,2025-09-22,2025-09-28,2025-10-27,확정,조립불량,Assembly Defect,Minor,12,21.03,222.08
CLM-001720,Kia,Kia India (Anantapur),IN,en,Dimensional Out-of-Spec detected on Stabilizer Link (SL-CHS-62808). Identified at Kia India (Anantapur).,SL Poland,PL,Chassis Systems,스태빌라이저링크,Stabilizer Link,SL-CHS-62808,2023-01-22,2023-01-29,2023-10-10,2023-10-11,2023-10-27,기각,치수불량,Dimensional Out-of-Spec,Minor,8,32.59,216.4
CLM-001721,BMW,BMW Munich Plant,DE,de,Material Defect bei Radiator Support (SL-FEM-92121) festgestellt. Erkannt bei BMW Munich Plant.,상해삼립,CN,Front End Module,라디에이터서포트,Radiator Support,SL-FEM-92121,2023-02-13,2023-02-27,2023-11-11,2023-11-23,,조사중,소재불량,Material Defect,Minor,12,34.19,475.92
CLM-001722,Stellantis,Stellantis Toluca Assembly,MX,es,Se detectó Material Defect en Wiring Harness (SL-ELE-12570). Identificado en Stellantis Toluca Assembly.,SL Tennessee,US,Electrification,와이어링하네스,Wiring Harness,SL-ELE-12570,2025-02-11,2025-02-24,2025-10-15,2025-10-29,2025-11-09,확정,소재불량,Material Defect,Minor,3,27.38,82.96
CLM-001723,Hyundai,Beijing Hyundai Motor (BHMC),CN,zh,在Steering Knuckle（SL-CHS-61829）上发现Functional Failure。由Beijing Hyundai Motor (BHMC)确认。,호북삼립,CN,Chassis Systems,너클,Steering Knuckle,SL-CHS-61829,2022-05-02,2022-05-22,2023-01-06,2023-01-16,2023-01-20,보상완료,기능불량,Functional Failure,Minor,12,14.71,210.06
CLM-001724,GM,SAIC-GM Shanghai,CN,zh,在Daytime Running Lamp（SL-LMP-73343）上发现Crack & Breakage。由SAIC-GM Shanghai确认。,SL Lumax (India),IN,Lamp Systems,주간주행등,Daytime Running Lamp,SL-LMP-73343,2024-07-26,2024-07-31,2025-02-06,2025-02-09,2025-03-01,확정,크랙·파손,Crack & Breakage,Minor,2,76.58,168.48
CLM-001725,Hyundai,현대자동차 아산공장,KR,ko,와이어링하네스(SL-ELE-78159) 부품에서 기능불량 발생. Hyundai 현대자동차 아산공장에서 확인됨.,SL 안산공장,KR,Electrification,와이어링하네스,Wiring Harness,SL-ELE-78159,2023-08-11,2023-08-24,2024-05-15,2024-05-26,2024-06-15,확정,기능불량,Functional Failure,Minor,50,29.55,1462.72
CLM-001726,Kia,기아 화성공장,KR,ko,스태빌라이저링크(SL-CHS-90315) 부품에서 치수불량 발생. Kia 기아 화성공장에서 확인됨.,SL 안산공장,KR,Chassis Systems,스태빌라이저링크,Stabilizer Link,SL-CHS-90315,2023-07-17,2023-07-26,2024-06-23,2024-07-04,2024-07-21,보상완료,치수불량,Dimensional Out-of-Spec,Minor,100,27.53,2890.65
CLM-001727,Kia,Kia Georgia Plant,US,en,Crack & Breakage detected on Side Repeater Mirror (SL-MIR-10350). Identified at Kia Georgia Plant.,SL 미러텍(시흥),KR,Mirror Systems,사이드리피터미러,Side Repeater Mirror,SL-MIR-10350,2023-05-27,2023-05-31,2024-06-28,2024-07-06,2024-07-24,확정,크랙·파손,Crack & Breakage,Minor,2,37.29,73.09
CLM-001728,GM,GM Korea 부평공장,KR,ko,전조등(SL-LMP-53650) 부품에서 기타 발생. GM Korea 부평공장에서 확인됨.,SL 대구공장,KR,Lamp Systems,전조등,Head Lamp,SL-LMP-53650,2023-09-20,2023-10-07,2024-05-31,2024-06-14,2024-07-05,확정,기타,Other,Minor,8,40.63,273.03
CLM-001729,Honda,Honda Suzuka Factory,JP,ja,Inside Mirror（SL-MIR-57878）にForeign Material Contaminationを検出。Honda Suzuka Factoryにて確認。,SL 대구공장,KR,Mirror Systems,룸미러,Inside Mirror,SL-MIR-57878,2024-11-20,2024-12-03,2025-08-17,2025-08-24,2025-09-10,확정,이물혼입,Foreign Material Contamination,Minor,8,52.41,490.56
CLM-001730,GM,GM Korea 부평공장,KR,ko,너클(SL-CHS-38048) 부품에서 이물혼입 발생. GM Korea 부평공장에서 확인됨.,SL 미러텍(시흥),KR,Chassis Systems,너클,Steering Knuckle,SL-CHS-38048,2024-07-09,2024-07-19,2024-10-05,2024-10-19,,조사중,이물혼입,Foreign Material Contamination,Minor,12,23.53,228.71
CLM-001731,Ford,Ford-Werke Cologne,DE,de,Crack & Breakage bei Stabilizer Link (SL-CHS-22808) festgestellt. Erkannt bei Ford-Werke Cologne.,SL 천안공장,KR,Chassis Systems,스태빌라이저링크,Stabilizer Link,SL-CHS-22808,2024-09-18,2024-09-22,2025-04-17,2025-04-20,2025-05-26,보상완료,크랙·파손,Crack & Breakage,Critical,500,33.13,19712.35
CLM-001732,Kia,기아 광명공장,KR,ko,안개등(SL-LMP-12391) 부품에서 소재불량 발생. Kia 기아 광명공장에서 확인됨.,SL 천안공장,KR,Lamp Systems,안개등,Fog Lamp,SL-LMP-12391,2025-06-07,2025-06-18,2025-08-10,2025-08-17,2025-09-17,보상완료,소재불량,Material Defect,Minor,8,72.42,608.33
CLM-001733,BMW,BMW Munich Plant,DE,de,Foreign Material Contamination bei Sensor Module (SL-ELE-51856) festgestellt. Erkannt bei BMW Munich Plant.,SL 천안공장,KR,Electrification,센서모듈,Sensor Module,SL-ELE-51856,2024-10-17,2024-11-05,2024-11-27,2024-12-09,2024-12-30,확정,이물혼입,Foreign Material Contamination,Minor,20,11.67,240.4
CLM-001734,Hyundai,HMGMA (Hyundai Motor Group Metaplant America),US,en,Assembly Defect detected on Stabilizer Link (SL-CHS-98841). Identified at HMGMA (Hyundai Motor Group Metaplant America).,SL Alabama,US,Chassis Systems,스태빌라이저링크,Stabilizer Link,SL-CHS-98841,2022-03-28,2022-04-01,2023-03-05,2023-03-18,,조사중,조립불량,Assembly Defect,Minor,20,27.18,652.32
CLM-001735,Kia,기아 화성공장,KR,ko,와이어링하네스(SL-ELE-79337) 부품에서 소재불량 발생. Kia 기아 화성공장에서 확인됨.,SL 미러텍(시흥),KR,Electrification,와이어링하네스,Wiring Harness,SL-ELE-79337,2024-04-18,2024-04-24,2024-10-02,2024-10-09,2024-10-21,보상완료,소재불량,Material Defect,Minor,12,36.02,514.37
CLM-001736,BMW,BMW Brilliance Shenyang,CN,zh,在Inside Mirror（SL-MIR-73806）上发现Assembly Defect。由BMW Brilliance Shenyang确认。,동풍삼립(우한),CN,Mirror Systems,룸미러,Inside Mirror,SL-MIR-73806,2023-10-16,2023-10-30,2024-05-06,2024-05-18,2024-06-16,확정,조립불량,Assembly Defect,Minor,50,22.89,984.27
CLM-001737,GM,GM Korea 창원공장,KR,ko,룸미러(SL-MIR-23955) 부품에서 기타 발생. GM Korea 창원공장에서 확인됨.,SL 대구공장,KR,Mirror Systems,룸미러,Inside Mirror,SL-MIR-23955,2023-03-22,2023-03-25,2024-02-02,2024-02-04,2024-02-10,확정,기타,Other,Major,50,65.54,3113.15
CLM-001738,GM,GM Spring Hill Assembly,US,en,Dimensional Out-of-Spec detected on Radiator Support (SL-FEM-98129). Identified at GM Spring Hill Assembly.,SL Alabama,US,Front End Module,라디에이터서포트,Radiator Support,SL-FEM-98129,2023-10-09,2023-10-27,2024-04-05,2024-04-17,2024-05-26,보상완료,치수불량,Dimensional Out-of-Spec,Minor,50,28.75,1782.5
CLM-001739,Subaru,Subaru Gunma Oizumi Plant,JP,ja,Head Lamp（SL-LMP-69805）にDimensional Out-of-Specを検出。Subaru Gunma Oizumi Plantにて確認。,SL 옌타이,CN,Lamp Systems,전조등,Head Lamp,SL-LMP-69805,2023-09-22,2023-10-08,2024-04-12,2024-04-26,2024-05-08,확정,치수불량,Dimensional Out-of-Spec,Minor,1,58.39,75.32
CLM-001740,Kia,Kia Georgia Plant,US,en,Design Flaw detected on Tail Lamp (SL-LMP-76398). Identified at Kia Georgia Plant.,SL Alabama,US,Lamp Systems,후미등,Tail Lamp,SL-LMP-76398,2025-05-05,2025-05-21,2025-12-07,2025-12-17,,접수,설계결함,Design Flaw,Critical,500,33.35,15007.5
CLM-001741,Stellantis,Stellantis Toledo Assembly,US,en,Design Flaw detected on Inside Mirror (SL-MIR-20827). Identified at Stellantis Toledo Assembly.,SL Alabama,US,Mirror Systems,룸미러,Inside Mirror,SL-MIR-20827,2022-09-26,2022-10-14,2023-08-10,2023-08-23,2023-10-01,기각,설계결함,Design Flaw,Minor,12,60.5,892.98
CLM-001742,Kia,기아 광주공장,KR,ko,너클(SL-CHS-58798) 부품에서 크랙·파손 발생. Kia 기아 광주공장에서 확인됨.,SL 미러텍(시흥),KR,Chassis Systems,너클,Steering Knuckle,SL-CHS-58798,2023-11-29,2023-12-13,2024-03-15,2024-03-26,2024-04-15,보상완료,크랙·파손,Crack & Breakage,Minor,2,15.61,26.54
CLM-001743,Ford,Ford-Werke Cologne,DE,de,Wiring & Electrical Defect bei Side Repeater Mirror (SL-MIR-12397) festgestellt. Erkannt bei Ford-Werke Cologne.,SL 천안공장,KR,Mirror Systems,사이드리피터미러,Side Repeater Mirror,SL-MIR-12397,2024-09-06,2024-09-10,2024-11-23,2024-11-27,2025-01-10,확정,배선·전장불량,Wiring & Electrical Defect,Minor,2,54.5,99.19
CLM-001744,Stellantis,Stellantis Toluca Assembly,MX,es,Se detectó Assembly Defect en Sensor Module (SL-ELE-75097). Identificado en Stellantis Toluca Assembly.,SL Mexico (SLP),MX,Electrification,센서모듈,Sensor Module,SL-ELE-75097,2023-01-16,2023-01-31,2023-06-14,2023-06-25,,조사중,조립불량,Assembly Defect,Minor,2,21.75,46.11
CLM-001745,Hyundai,HMMA (Hyundai Motor Manufacturing Alabama),US,en,Assembly Defect detected on Tail Lamp (SL-LMP-68053). Identified at HMMA (Hyundai Motor Manufacturing Alabama).,SL Tennessee,US,Lamp Systems,후미등,Tail Lamp,SL-LMP-68053,2023-03-01,2023-03-10,2023-12-13,2023-12-28,2024-01-12,확정,조립불량,Assembly Defect,Major,100,56.31,6700.89
CLM-001746,Subaru,Subaru Gunma Oizumi Plant,JP,ja,Actuator Motor（SL-ELE-65284）にDimensional Out-of-Specを検出。Subaru Gunma Oizumi Plantにて確認。,SL 대구공장,KR,Electrification,액추에이터모터,Actuator Motor,SL-ELE-65284,2025-01-30,2025-02-05,2025-09-16,2025-09-25,2025-10-27,확정,치수불량,Dimensional Out-of-Spec,Minor,3,43.32,128.66
CLM-001747,GM,GM Brazil Gravataí,BR,pt,Dimensional Out-of-Spec detectado em Outside Mirror (SL-MIR-75403). Identificado na GM Brazil Gravataí.,SL Brazil,BR,Mirror Systems,아웃사이드미러,Outside Mirror,SL-MIR-75403,2023-09-25,2023-10-07,2023-10-29,2023-11-07,2023-12-13,확정,치수불량,Dimensional Out-of-Spec,Minor,100,22.47,2134.65
CLM-001748,GM,SAIC-GM Shanghai,CN,zh,在Horn（SL-FEM-95765）上发现Material Defect。由SAIC-GM Shanghai确认。,SL 옌타이,CN,Front End Module,혼,Horn,SL-FEM-95765,2024-03-31,2024-04-11,2024-11-03,2024-11-13,2024-12-05,확정,소재불량,Material Defect,Major,200,24.55,4910.0
CLM-001749,Kia,기아 광명공장,KR,ko,스태빌라이저링크(SL-CHS-14350) 부품에서 소재불량 발생. Kia 기아 광명공장에서 확인됨.,SL 천안공장,KR,Chassis Systems,스태빌라이저링크,Stabilizer Link,SL-CHS-14350,2024-10-24,2024-10-27,2025-09-23,2025-09-27,2025-10-21,확정,소재불량,Material Defect,Major,200,26.87,4460.42
CLM-001750,GM,GM Brazil Gravataí,BR,pt,Crack & Breakage detectado em Inside Mirror (SL-MIR-81411). Identificado na GM Brazil Gravataí.,SL 천안공장,KR,Mirror Systems,룸미러,Inside Mirror,SL-MIR-81411,2022-12-11,2022-12-26,2023-10-19,2023-10-27,2023-11-28,보상완료,크랙·파손,Crack & Breakage,Minor,3,25.89,75.34
CLM-001751,Kia,Kia India (Anantapur),IN,en,Wiring & Electrical Defect detected on Lower Control Arm (SL-CHS-62629). Identified at Kia India (Anantapur).,SL Lumax (India),IN,Chassis Systems,로어암,Lower Control Arm,SL-CHS-62629,2022-10-20,2022-10-28,2023-01-08,2023-01-10,2023-01-14,확정,배선·전장불량,Wiring & Electrical Defect,Major,100,27.03,3243.6
CLM-001752,GM,GM Korea 창원공장,KR,ko,룸미러(SL-MIR-81465) 부품에서 소재불량 발생. GM Korea 창원공장에서 확인됨.,SL Alabama,US,Mirror Systems,룸미러,Inside Mirror,SL-MIR-81465,2023-03-07,2023-03-26,2024-04-17,2024-05-01,2024-06-12,확정,소재불량,Material Defect,Minor,1,40.41,41.22
CLM-001753,Honda,Honda Suzuka Factory,JP,ja,Steering Knuckle（SL-CHS-43255）にMaterial Defectを検出。Honda Suzuka Factoryにて確認。,SL Poland,PL,Chassis Systems,너클,Steering Knuckle,SL-CHS-43255,2024-04-14,2024-04-23,2025-02-11,2025-02-24,2025-03-21,기각,소재불량,Material Defect,Minor,1,40.91,47.86
CLM-001754,Kia,기아 화성공장,KR,ko,리어콤비램프(SL-LMP-53308) 부품에서 이물혼입 발생. Kia 기아 화성공장에서 확인됨.,SL 대구공장,KR,Lamp Systems,리어콤비램프,Rear Combination Lamp,SL-LMP-53308,2024-04-16,2024-05-04,2025-01-22,2025-02-01,2025-02-18,확정,이물혼입,Foreign Material Contamination,Major,200,54.5,11445.0
CLM-001755,GM,GM Fort Wayne Assembly,US,en,Dimensional Out-of-Spec detected on Steering Knuckle (SL-CHS-75577). Identified at GM Fort Wayne Assembly.,SL Tennessee,US,Chassis Systems,너클,Steering Knuckle,SL-CHS-75577,2025-06-02,2025-06-14,2025-07-14,2025-07-16,,조사중,치수불량,Dimensional Out-of-Spec,Minor,1,22.89,29.3
CLM-001756,Kia,기아 광명공장,KR,ko,아웃사이드미러(SL-MIR-68748) 부품에서 치수불량 발생. Kia 기아 광명공장에서 확인됨.,동풍삼립(우한),CN,Mirror Systems,아웃사이드미러,Outside Mirror,SL-MIR-68748,2024-05-05,2024-05-16,2025-02-27,2025-03-01,2025-04-02,보상완료,치수불량,Dimensional Out-of-Spec,Minor,50,43.24,2443.06
CLM-001757,Stellantis,Stellantis Toledo Assembly,US,en,Functional Failure detected on Stabilizer Link (SL-CHS-86955). Identified at Stellantis Toledo Assembly.,SL Alabama,US,Chassis Systems,스태빌라이저링크,Stabilizer Link,SL-CHS-86955,2024-07-28,2024-08-07,2025-07-20,2025-08-03,,조사중,기능불량,Functional Failure,Minor,5,13.47,61.29
CLM-001758,Kia,Kia Georgia Plant,US,en,Assembly Defect detected on Steering Knuckle (SL-CHS-44606). Identified at Kia Georgia Plant.,SL Mexico (SLP),MX,Chassis Systems,너클,Steering Knuckle,SL-CHS-44606,2024-09-25,2024-09-28,2024-11-27,2024-12-02,2025-01-08,확정,조립불량,Assembly Defect,Major,200,22.01,5458.48
CLM-001759,GM,GM Korea 창원공장,KR,ko,너클(SL-CHS-12560) 부품에서 기타 발생. GM Korea 창원공장에서 확인됨.,SL 안산공장,KR,Chassis Systems,너클,Steering Knuckle,SL-CHS-12560,2024-06-25,2024-07-03,2024-11-29,2024-12-07,,조사중,기타,Other,Major,200,41.4,8114.4
CLM-001760,GM,GM Spring Hill Assembly,US,en,Foreign Material Contamination detected on Head Lamp (SL-LMP-24090). Identified at GM Spring Hill Assembly.,SL Brazil,BR,Lamp Systems,전조등,Head Lamp,SL-LMP-24090,2022-07-23,2022-08-10,2023-04-15,2023-04-22,2023-05-23,확정,이물혼입,Foreign Material Contamination,Minor,8,68.78,539.24
CLM-001761,Kia,기아 광명공장,KR,ko,룸미러(SL-MIR-99538) 부품에서 표면·도금불량 발생. Kia 기아 광명공장에서 확인됨.,SL 대구공장,KR,Mirror Systems,룸미러,Inside Mirror,SL-MIR-99538,2023-09-17,2023-10-06,2024-03-06,2024-03-12,2024-03-16,확정,표면·도금불량,Surface & Plating Defect,Major,200,20.52,4309.2
CLM-001762,Subaru,Subaru Gunma Oizumi Plant,JP,ja,Bumper Beam（SL-FEM-66868）にDimensional Out-of-Specを検出。Subaru Gunma Oizumi Plantにて確認。,SL 미러텍(시흥),KR,Front End Module,범퍼빔,Bumper Beam,SL-FEM-66868,2024-02-02,2024-02-10,2025-02-15,2025-03-02,2025-04-15,보상완료,치수불량,Dimensional Out-of-Spec,Minor,2,13.9,24.19
CLM-001763,Kia,Kia India (Anantapur),IN,en,Other detected on Radiator Support (SL-FEM-88137). Identified at Kia India (Anantapur).,SL Lumax (India),IN,Front End Module,라디에이터서포트,Radiator Support,SL-FEM-88137,2024-06-07,2024-06-11,2025-02-06,2025-02-19,2025-03-30,기각,기타,Other,Minor,20,11.9,216.58
CLM-001764,GM,GM Korea 창원공장,KR,ko,전조등(SL-LMP-17231) 부품에서 배선·전장불량 발생. GM Korea 창원공장에서 확인됨.,SL Mexico (SLP),MX,Lamp Systems,전조등,Head Lamp,SL-LMP-17231,2024-05-12,2024-05-22,2025-06-15,2025-06-21,,조사중,배선·전장불량,Wiring & Electrical Defect,Major,200,52.26,9302.28
CLM-001765,Stellantis,Stellantis Sterling Heights Assembly,US,en,Other detected on Outside Mirror (SL-MIR-40386). Identified at Stellantis Sterling Heights Assembly.,SL Alabama,US,Mirror Systems,아웃사이드미러,Outside Mirror,SL-MIR-40386,2023-02-03,2023-02-13,2024-01-30,2024-01-31,2024-02-16,보상완료,기타,Other,Major,200,66.45,12359.7
CLM-001766,Kia,Kia Georgia Plant,US,en,Foreign Material Contamination detected on Horn (SL-FEM-39696). Identified at Kia Georgia Plant.,SL 진량공장,KR,Front End Module,혼,Horn,SL-FEM-39696,2022-05-31,2022-06-14,2023-01-05,2023-01-16,,조사중,이물혼입,Foreign Material Contamination,Minor,50,22.52,1126.0
CLM-001767,Ford,Ford-Werke Cologne,DE,de,Foreign Material Contamination bei Bumper Beam (SL-FEM-14326) festgestellt. Erkannt bei Ford-Werke Cologne.,SL 대구공장,KR,Front End Module,범퍼빔,Bumper Beam,SL-FEM-14326,2024-09-28,2024-10-09,2025-02-22,2025-03-03,2025-04-10,보상완료,이물혼입,Foreign Material Contamination,Minor,8,22.36,212.87
CLM-001768,Kia,기아 화성공장,KR,ko,룸미러(SL-MIR-55883) 부품에서 표면·도금불량 발생. Kia 기아 화성공장에서 확인됨.,SL 안산공장,KR,Mirror Systems,룸미러,Inside Mirror,SL-MIR-55883,2024-06-27,2024-07-16,2024-09-28,2024-10-11,,접수,표면·도금불량,Surface & Plating Defect,Minor,50,40.51,2633.15
CLM-001769,KGM,KGM 평택공장,KR,ko,파워윈도우스위치(SL-ELE-82174) 부품에서 설계결함 발생. KGM 평택공장에서 확인됨.,SL 천안공장,KR,Electrification,파워윈도우스위치,Power Window Switch,SL-ELE-82174,2025-01-11,2025-01-28,2025-12-21,2025-12-30,,접수,설계결함,Design Flaw,Minor,1,20.29,22.32
CLM-001770,Hyundai,현대자동차 울산공장,KR,ko,전조등(SL-LMP-91452) 부품에서 기타 발생. Hyundai 현대자동차 울산공장에서 확인됨.,SL 천안공장,KR,Lamp Systems,전조등,Head Lamp,SL-LMP-91452,2024-01-01,2024-01-16,2024-10-29,2024-11-05,2024-12-15,보상완료,기타,Other,Critical,500,33.56,20303.8
CLM-001771,GM,GM Fort Wayne Assembly,US,en,Material Defect detected on Fog Lamp (SL-LMP-30644). Identified at GM Fort Wayne Assembly.,SL Tennessee,US,Lamp Systems,안개등,Fog Lamp,SL-LMP-30644,2023-11-26,2023-12-10,2024-09-26,2024-10-09,2024-11-17,확정,소재불량,Material Defect,Major,50,84.52,4606.34
CLM-001772,Kia,기아 화성공장,KR,ko,사이드리피터미러(SL-MIR-82968) 부품에서 소재불량 발생. Kia 기아 화성공장에서 확인됨.,SL 대구공장,KR,Mirror Systems,사이드리피터미러,Side Repeater Mirror,SL-MIR-82968,2025-10-12,2025-10-30,2025-11-03,2025-11-04,,접수,소재불량,Material Defect,Minor,1,28.94,30.1
CLM-001773,Kia,기아 화성공장,KR,ko,사이드리피터미러(SL-MIR-95994) 부품에서 소재불량 발생. Kia 기아 화성공장에서 확인됨.,SL 대구공장,KR,Mirror Systems,사이드리피터미러,Side Repeater Mirror,SL-MIR-95994,2022-11-08,2022-11-26,2023-01-08,2023-01-14,2023-02-03,확정,소재불량,Material Defect,Minor,20,33.77,709.17
CLM-001774,Hyundai,현대자동차 울산공장,KR,ko,본넷래치(SL-FEM-71140) 부품에서 설계결함 발생. Hyundai 현대자동차 울산공장에서 확인됨.,SL 천안공장,KR,Front End Module,본넷래치,Bonnet Latch,SL-FEM-71140,2023-11-15,2023-11-18,2024-10-16,2024-10-29,,조사중,설계결함,Design Flaw,Minor,20,26.39,575.3
CLM-001775,Kia,기아 광명공장,KR,ko,범퍼빔(SL-FEM-73082) 부품에서 표면·도금불량 발생. Kia 기아 광명공장에서 확인됨.,SL Alabama,US,Front End Module,범퍼빔,Bumper Beam,SL-FEM-73082,2024-11-19,2024-12-02,2025-12-30,2025-12-31,,조사중,표면·도금불량,Surface & Plating Defect,Minor,5,8.36,53.5
CLM-001776,GM,GM Fort Wayne Assembly,US,en,Design Flaw detected on Bumper Beam (SL-FEM-65868). Identified at GM Fort Wayne Assembly.,SL Tennessee,US,Front End Module,범퍼빔,Bumper Beam,SL-FEM-65868,2023-02-13,2023-02-24,2023-04-11,2023-04-17,2023-05-28,확정,설계결함,Design Flaw,Minor,5,11.63,60.48
CLM-001777,Kia,Kia India (Anantapur),IN,en,Functional Failure detected on Head Lamp (SL-LMP-57838). Identified at Kia India (Anantapur).,SL Lumax (India),IN,Lamp Systems,전조등,Head Lamp,SL-LMP-57838,2022-03-21,2022-03-27,2023-04-01,2023-04-11,2023-05-22,확정,기능불량,Functional Failure,Critical,500,33.6,18648.0
CLM-001778,Kia,Kia India (Anantapur),IN,en,Crack & Breakage detected on Sensor Module (SL-ELE-26558). Identified at Kia India (Anantapur).,SL Lumax (India),IN,Electrification,센서모듈,Sensor Module,SL-ELE-26558,2023-12-30,2024-01-06,2024-05-02,2024-05-12,2024-05-15,확정,크랙·파손,Crack & Breakage,Major,200,39.14,7045.2
CLM-001779,GM,GM Spring Hill Assembly,US,en,Functional Failure detected on Sensor Module (SL-ELE-52298). Identified at GM Spring Hill Assembly.,SL Alabama,US,Electrification,센서모듈,Sensor Module,SL-ELE-52298,2023-07-19,2023-08-04,2023-09-13,2023-09-27,2023-11-07,확정,기능불량,Functional Failure,Minor,2,22.71,39.97
CLM-001780,Hyundai,HMGMA (Hyundai Motor Group Metaplant America),US,en,Design Flaw detected on Fog Lamp (SL-LMP-34054). Identified at HMGMA (Hyundai Motor Group Metaplant America).,SL Alabama,US,Lamp Systems,안개등,Fog Lamp,SL-LMP-34054,2023-11-04,2023-11-21,2024-09-04,2024-09-18,2024-10-17,확정,설계결함,Design Flaw,Minor,20,33.47,736.34
CLM-001781,GM,SAIC-GM Shanghai,CN,zh,在Stabilizer Link（SL-CHS-85380）上发现Dimensional Out-of-Spec。由SAIC-GM Shanghai确认。,SL 옌타이,CN,Chassis Systems,스태빌라이저링크,Stabilizer Link,SL-CHS-85380,2024-07-26,2024-08-12,2025-08-20,2025-08-24,2025-10-07,보상완료,치수불량,Dimensional Out-of-Spec,Minor,50,27.84,1726.08
CLM-001782,Kia,기아 광명공장,KR,ko,너클(SL-CHS-91610) 부품에서 이물혼입 발생. Kia 기아 광명공장에서 확인됨.,SL 미러텍(시흥),KR,Chassis Systems,너클,Steering Knuckle,SL-CHS-91610,2024-10-25,2024-11-12,2025-08-05,2025-08-08,2025-09-04,기각,이물혼입,Foreign Material Contamination,Minor,50,15.64,977.5
CLM-001783,Ford,Ford-Werke Cologne,DE,de,Functional Failure bei Actuator Motor (SL-ELE-39673) festgestellt. Erkannt bei Ford-Werke Cologne.,SL Poland,PL,Electrification,액추에이터모터,Actuator Motor,SL-ELE-39673,2023-10-04,2023-10-07,2024-07-07,2024-07-18,2024-08-08,확정,기능불량,Functional Failure,Major,200,48.89,12515.84
CLM-001784,BMW,BMW Leipzig Plant,DE,de,Dimensional Out-of-Spec bei Horn (SL-FEM-73298) festgestellt. Erkannt bei BMW Leipzig Plant.,SL Poland,PL,Front End Module,혼,Horn,SL-FEM-73298,2023-07-26,2023-08-11,2024-04-12,2024-04-15,2024-04-28,확정,치수불량,Dimensional Out-of-Spec,Minor,20,26.75,684.8
CLM-001785,Stellantis,Stellantis Toledo Assembly,US,en,Assembly Defect detected on Inside Mirror (SL-MIR-88590). Identified at Stellantis Toledo Assembly.,SL Tennessee,US,Mirror Systems,룸미러,Inside Mirror,SL-MIR-88590,2024-03-15,2024-03-20,2024-04-17,2024-04-29,2024-06-11,보상완료,조립불량,Assembly Defect,Minor,2,53.94,93.86
CLM-001786,Kia,기아 화성공장,KR,ko,룸미러(SL-MIR-50729) 부품에서 조립불량 발생. Kia 기아 화성공장에서 확인됨.,SL 미러텍(시흥),KR,Mirror Systems,룸미러,Inside Mirror,SL-MIR-50729,2022-12-15,2023-01-02,2023-05-15,2023-05-29,2023-07-07,확정,조립불량,Assembly Defect,Minor,1,51.71,54.81
CLM-001787,Hyundai,Beijing Hyundai Motor (BHMC),CN,zh,在Stabilizer Link（SL-CHS-79138）上发现Surface & Plating Defect。由Beijing Hyundai Motor (BHMC)确认。,SL Tennessee,US,Chassis Systems,스태빌라이저링크,Stabilizer Link,SL-CHS-79138,2023-11-13,2023-11-25,2024-07-12,2024-07-15,2024-08-21,확정,표면·도금불량,Surface & Plating Defect,Critical,500,37.15,20618.25
CLM-001788,Ford,Changan Ford Chongqing,CN,zh,在Lower Control Arm（SL-CHS-88004）上发现Crack & Breakage。由Changan Ford Chongqing确认。,SL 안산공장,KR,Chassis Systems,로어암,Lower Control Arm,SL-CHS-88004,2022-11-07,2022-11-15,2023-02-10,2023-02-17,2023-03-02,보상완료,크랙·파손,Crack & Breakage,Minor,50,36.04,1657.84
CLM-001789,Kia,기아 화성공장,KR,ko,액추에이터모터(SL-ELE-85320) 부품에서 치수불량 발생. Kia 기아 화성공장에서 확인됨.,SL 성서공장,KR,Electrification,액추에이터모터,Actuator Motor,SL-ELE-85320,2022-03-19,2022-03-23,2023-03-19,2023-03-26,2023-04-27,확정,치수불량,Dimensional Out-of-Spec,Minor,2,48.91,109.56
CLM-001790,Kia,Kia Georgia Plant,US,en,Dimensional Out-of-Spec detected on Steering Knuckle (SL-CHS-96331). Identified at Kia Georgia Plant.,SL Alabama,US,Chassis Systems,너클,Steering Knuckle,SL-CHS-96331,2022-04-05,2022-04-17,2023-04-18,2023-04-21,2023-05-01,기각,치수불량,Dimensional Out-of-Spec,Major,200,28.26,4917.24
CLM-001791,Ford,Ford Kentucky Truck Plant,US,en,Dimensional Out-of-Spec detected on Steering Knuckle (SL-CHS-84829). Identified at Ford Kentucky Truck Plant.,SL Mexico (SLP),MX,Chassis Systems,너클,Steering Knuckle,SL-CHS-84829,2023-05-13,2023-05-22,2024-04-05,2024-04-10,2024-05-19,보상완료,치수불량,Dimensional Out-of-Spec,Minor,200,12.63,2424.96
CLM-001792,Hyundai,Beijing Hyundai Motor (BHMC),CN,zh,在Side Repeater Mirror（SL-MIR-71447）上发现Material Defect。由Beijing Hyundai Motor (BHMC)确认。,상해삼립,CN,Mirror Systems,사이드리피터미러,Side Repeater Mirror,SL-MIR-71447,2023-09-24,2023-10-11,2024-03-31,2024-04-04,2024-05-09,확정,소재불량,Material Defect,Minor,5,32.31,205.17
CLM-001793,Kia,기아 광주공장,KR,ko,아웃사이드미러(SL-MIR-65456) 부품에서 크랙·파손 발생. Kia 기아 광주공장에서 확인됨.,SL 진량공장,KR,Mirror Systems,아웃사이드미러,Outside Mirror,SL-MIR-65456,2024-07-29,2024-08-06,2024-09-27,2024-09-30,2024-11-02,확정,크랙·파손,Crack & Breakage,Minor,1,51.68,55.3
CLM-001794,Hyundai,HMGMA (Hyundai Motor Group Metaplant America),US,en,Foreign Material Contamination detected on Lower Control Arm (SL-CHS-52493). Identified at HMGMA (Hyundai Motor Group Metaplant America).,SL Tennessee,US,Chassis Systems,로어암,Lower Control Arm,SL-CHS-52493,2022-11-01,2022-11-05,2023-05-29,2023-06-01,2023-06-12,확정,이물혼입,Foreign Material Contamination,Minor,2,39.02,81.16
CLM-001795,Hyundai,HMMA (Hyundai Motor Manufacturing Alabama),US,en,Foreign Material Contamination detected on Sensor Module (SL-ELE-93106). Identified at HMMA (Hyundai Motor Manufacturing Alabama).,SL Tennessee,US,Electrification,센서모듈,Sensor Module,SL-ELE-93106,2022-11-22,2022-11-29,2023-04-18,2023-04-21,2023-05-13,보상완료,이물혼입,Foreign Material Contamination,Minor,20,23.75,399.0
CLM-001796,BMW,BMW Spartanburg Plant,US,en,Other detected on Inside Mirror (SL-MIR-40483). Identified at BMW Spartanburg Plant.,SL 안산공장,KR,Mirror Systems,룸미러,Inside Mirror,SL-MIR-40483,2025-10-05,2025-10-23,2025-11-11,2025-11-24,,조사중,기타,Other,Minor,2,62.22,150.57
CLM-001797,Ford,Ford-Werke Cologne,DE,de,Material Defect bei Side Repeater Mirror (SL-MIR-50640) festgestellt. Erkannt bei Ford-Werke Cologne.,상해삼립,CN,Mirror Systems,사이드리피터미러,Side Repeater Mirror,SL-MIR-50640,2023-05-05,2023-05-10,2024-06-04,2024-06-14,2024-07-17,기각,소재불량,Material Defect,Minor,12,54.6,805.9
CLM-001798,Kia,Kia Georgia Plant,US,en,Assembly Defect detected on Bonnet Latch (SL-FEM-32764). Identified at Kia Georgia Plant.,호북삼립,CN,Front End Module,본넷래치,Bonnet Latch,SL-FEM-32764,2024-12-24,2024-12-31,2025-11-20,2025-11-25,,조사중,조립불량,Assembly Defect,Minor,20,11.25,227.25
CLM-001799,Stellantis,Stellantis Toledo Assembly,US,en,Foreign Material Contamination detected on Inside Mirror (SL-MIR-27225). Identified at Stellantis Toledo Assembly.,SL Alabama,US,Mirror Systems,룸미러,Inside Mirror,SL-MIR-27225,2021-12-13,2021-12-16,2023-01-19,2023-01-27,2023-02-03,확정,이물혼입,Foreign Material Contamination,Minor,1,34.46,28.6
CLM-001800,BMW,BMW Brilliance Shenyang,CN,zh,在Power Window Switch（SL-ELE-70369）上发现Assembly Defect。由BMW Brilliance Shenyang确认。,상해삼립,CN,Electrification,파워윈도우스위치,Power Window Switch,SL-ELE-70369,2022-12-24,2023-01-02,2023-06-08,2023-06-19,2023-07-19,확정,조립불량,Assembly Defect,Minor,100,11.89,1403.02
CLM-001801,Hyundai,현대자동차 울산공장,KR,ko,전조등(SL-LMP-38383) 부품에서 배선·전장불량 발생. Hyundai 현대자동차 울산공장에서 확인됨.,SL 천안공장,KR,Lamp Systems,전조등,Head Lamp,SL-LMP-38383,2023-02-06,2023-02-25,2023-11-01,2023-11-10,2023-11-19,확정,배선·전장불량,Wiring & Electrical Defect,Major,200,38.46,7230.48
CLM-001802,KGM,KGM 평택공장,KR,ko,액추에이터모터(SL-ELE-63429) 부품에서 배선·전장불량 발생. KGM 평택공장에서 확인됨.,SL 대구공장,KR,Electrification,액추에이터모터,Actuator Motor,SL-ELE-63429,2025-02-16,2025-03-08,2025-11-06,2025-11-18,,조사중,배선·전장불량,Wiring & Electrical Defect,Major,500,25.89,13074.45
CLM-001803,BMW,BMW Spartanburg Plant,US,en,Design Flaw detected on Bonnet Latch (SL-FEM-59832). Identified at BMW Spartanburg Plant.,SL Alabama,US,Front End Module,본넷래치,Bonnet Latch,SL-FEM-59832,2025-05-20,2025-06-08,2025-09-07,2025-09-08,,접수,설계결함,Design Flaw,Minor,50,12.23,489.2
CLM-001804,BMW,BMW Leipzig Plant,DE,de,Wiring & Electrical Defect bei Side Repeater Mirror (SL-MIR-35317) festgestellt. Erkannt bei BMW Leipzig Plant.,SL 천안공장,KR,Mirror Systems,사이드리피터미러,Side Repeater Mirror,SL-MIR-35317,2025-03-27,2025-04-10,2025-07-27,2025-08-03,2025-09-04,확정,배선·전장불량,Wiring & Electrical Defect,Minor,5,56.36,326.89
CLM-001805,Hyundai,Beijing Hyundai Motor (BHMC),CN,zh,在Horn（SL-FEM-23531）上发现Functional Failure。由Beijing Hyundai Motor (BHMC)确认。,호북삼립,CN,Front End Module,혼,Horn,SL-FEM-23531,2023-11-29,2023-12-11,2024-06-06,2024-06-16,2024-07-15,확정,기능불량,Functional Failure,Minor,2,15.03,31.26
CLM-001806,GM,GM Fort Wayne Assembly,US,en,Dimensional Out-of-Spec detected on Lower Control Arm (SL-CHS-83555). Identified at GM Fort Wayne Assembly.,SL Alabama,US,Chassis Systems,로어암,Lower Control Arm,SL-CHS-83555,2023-10-10,2023-10-28,2024-11-22,2024-12-07,,조사중,치수불량,Dimensional Out-of-Spec,Minor,8,23.69,155.41
CLM-001807,BMW,BMW Spartanburg Plant,US,en,Assembly Defect detected on Lower Control Arm (SL-CHS-21718). Identified at BMW Spartanburg Plant.,SL Tennessee,US,Chassis Systems,로어암,Lower Control Arm,SL-CHS-21718,2025-09-16,2025-10-03,2025-10-28,2025-11-01,2025-11-13,확정,조립불량,Assembly Defect,Minor,1,16.45,17.44
CLM-001808,KGM,KGM 평택공장,KR,ko,라디에이터서포트(SL-FEM-73191) 부품에서 기능불량 발생. KGM 평택공장에서 확인됨.,SL 대구공장,KR,Front End Module,라디에이터서포트,Radiator Support,SL-FEM-73191,2024-04-21,2024-04-30,2024-05-10,2024-05-12,2024-06-19,확정,기능불량,Functional Failure,Minor,2,23.98,42.2
CLM-001809,Kia,기아 광주공장,KR,ko,아웃사이드미러(SL-MIR-23565) 부품에서 이물혼입 발생. Kia 기아 광주공장에서 확인됨.,SL 미러텍(시흥),KR,Mirror Systems,아웃사이드미러,Outside Mirror,SL-MIR-23565,2023-06-05,2023-06-09,2023-10-22,2023-10-25,2023-11-15,보상완료,이물혼입,Foreign Material Contamination,Minor,12,21.19,211.05
CLM-001810,Kia,Kia India (Anantapur),IN,en,Wiring & Electrical Defect detected on Rear Combination Lamp (SL-LMP-86827). Identified at Kia India (Anantapur).,SL Lumax (India),IN,Lamp Systems,리어콤비램프,Rear Combination Lamp,SL-LMP-86827,2023-04-29,2023-05-17,2024-03-03,2024-03-10,2024-03-28,기각,배선·전장불량,Wiring & Electrical Defect,Major,100,56.09,5328.55
CLM-001811,Hyundai,현대자동차 아산공장,KR,ko,와이어링하네스(SL-ELE-97982) 부품에서 표면·도금불량 발생. Hyundai 현대자동차 아산공장에서 확인됨.,SL 대구공장,KR,Electrification,와이어링하네스,Wiring Harness,SL-ELE-97982,2023-04-14,2023-04-17,2023-05-02,2023-05-12,,조사중,표면·도금불량,Surface & Plating Defect,Minor,12,17.08,194.71
CLM-001812,Subaru,Subaru of Indiana Automotive,US,en,Surface & Plating Defect detected on Radiator Support (SL-FEM-51168). Identified at Subaru of Indiana Automotive.,SL Tennessee,US,Front End Module,라디에이터서포트,Radiator Support,SL-FEM-51168,2023-11-25,2023-12-10,2024-07-09,2024-07-12,2024-08-15,확정,표면·도금불량,Surface & Plating Defect,Minor,12,10.69,141.11
CLM-001813,Kia,기아 광명공장,KR,ko,범퍼빔(SL-FEM-10547) 부품에서 크랙·파손 발생. Kia 기아 광명공장에서 확인됨.,SL 안산공장,KR,Front End Module,범퍼빔,Bumper Beam,SL-FEM-10547,2023-09-21,2023-10-01,2023-12-06,2023-12-07,,조사중,크랙·파손,Crack & Breakage,Minor,1,18.05,21.12
CLM-001814,GM,GM Korea 부평공장,KR,ko,스태빌라이저링크(SL-CHS-83906) 부품에서 설계결함 발생. GM Korea 부평공장에서 확인됨.,SL 미러텍(시흥),KR,Chassis Systems,스태빌라이저링크,Stabilizer Link,SL-CHS-83906,2022-11-10,2022-11-16,2023-03-31,2023-04-15,2023-05-28,확정,설계결함,Design Flaw,Major,100,41.12,3330.72
CLM-001815,Hyundai,HMGMA (Hyundai Motor Group Metaplant America),US,en,Other detected on Side Repeater Mirror (SL-MIR-26657). Identified at HMGMA (Hyundai Motor Group Metaplant America).,SL Tennessee,US,Mirror Systems,사이드리피터미러,Side Repeater Mirror,SL-MIR-26657,2024-12-10,2024-12-30,2025-09-26,2025-10-01,2025-11-04,보상완료,기타,Other,Minor,1,49.19,48.7
CLM-001816,Hyundai,현대자동차 울산공장,KR,ko,센서모듈(SL-ELE-82306) 부품에서 설계결함 발생. Hyundai 현대자동차 울산공장에서 확인됨.,SL 천안공장,KR,Electrification,센서모듈,Sensor Module,SL-ELE-82306,2024-02-14,2024-02-26,2024-07-31,2024-08-03,,접수,설계결함,Design Flaw,Minor,8,41.23,286.96
CLM-001817,GM,GM Fort Wayne Assembly,US,en,Material Defect detected on Bonnet Latch (SL-FEM-70558). Identified at GM Fort Wayne Assembly.,SL Tennessee,US,Front End Module,본넷래치,Bonnet Latch,SL-FEM-70558,2022-12-21,2023-01-04,2023-06-07,2023-06-08,2023-06-15,확정,소재불량,Material Defect,Minor,100,8.85,778.8
CLM-001818,BMW,BMW Leipzig Plant,DE,de,Functional Failure bei Wiring Harness (SL-ELE-97757) festgestellt. Erkannt bei BMW Leipzig Plant.,SL 천안공장,KR,Electrification,와이어링하네스,Wiring Harness,SL-ELE-97757,2025-03-29,2025-04-13,2025-04-17,2025-04-19,,접수,기능불량,Functional Failure,Minor,2,49.3,106.49
CLM-001819,Ford,Ford Kentucky Truck Plant,US,en,Surface & Plating Defect detected on Steering Knuckle (SL-CHS-96216). Identified at Ford Kentucky Truck Plant.,SL 성서공장,KR,Chassis Systems,너클,Steering Knuckle,SL-CHS-96216,2023-04-29,2023-05-17,2023-10-20,2023-10-27,2023-12-11,확정,표면·도금불량,Surface & Plating Defect,Minor,8,14.09,92.43
CLM-001820,Kia,기아 광주공장,KR,ko,전조등(SL-LMP-83710) 부품에서 설계결함 발생. Kia 기아 광주공장에서 확인됨.,SL 성서공장,KR,Lamp Systems,전조등,Head Lamp,SL-LMP-83710,2023-02-19,2023-02-22,2023-08-01,2023-08-07,2023-08-24,보상완료,설계결함,Design Flaw,Minor,12,66.35,812.12
CLM-001821,BMW,BMW Leipzig Plant,DE,de,Dimensional Out-of-Spec bei Sensor Module (SL-ELE-64273) festgestellt. Erkannt bei BMW Leipzig Plant.,SL 진량공장,KR,Electrification,센서모듈,Sensor Module,SL-ELE-64273,2022-03-04,2022-03-15,2023-01-03,2023-01-16,,조사중,치수불량,Dimensional Out-of-Spec,Minor,50,14.5,819.25
CLM-001822,GM,SAIC-GM Shanghai,CN,zh,在Fog Lamp（SL-LMP-56358）上发现Design Flaw。由SAIC-GM Shanghai确认。,SL 옌타이,CN,Lamp Systems,안개등,Fog Lamp,SL-LMP-56358,2024-10-07,2024-10-20,2025-03-09,2025-03-17,,조사중,설계결함,Design Flaw,Minor,50,46.33,2988.29
CLM-001823,BMW,BMW Leipzig Plant,DE,de,Surface & Plating Defect bei Outside Mirror (SL-MIR-68947) festgestellt. Erkannt bei BMW Leipzig Plant.,SL 진량공장,KR,Mirror Systems,아웃사이드미러,Outside Mirror,SL-MIR-68947,2024-01-27,2024-02-15,2024-06-27,2024-07-05,,접수,표면·도금불량,Surface & Plating Defect,Minor,5,50.42,289.92
CLM-001824,Kia,Kia India (Anantapur),IN,en,Foreign Material Contamination detected on Lower Control Arm (SL-CHS-10564). Identified at Kia India (Anantapur).,SL Lumax (India),IN,Chassis Systems,로어암,Lower Control Arm,SL-CHS-10564,2025-02-09,2025-02-19,2025-02-28,2025-03-03,2025-04-03,확정,이물혼입,Foreign Material Contamination,Minor,5,43.03,247.42
CLM-001825,GM,GM Spring Hill Assembly,US,en,Material Defect detected on Head Lamp (SL-LMP-20644). Identified at GM Spring Hill Assembly.,SL Tennessee,US,Lamp Systems,전조등,Head Lamp,SL-LMP-20644,2022-05-11,2022-05-26,2023-02-24,2023-03-07,2023-04-05,확정,소재불량,Material Defect,Minor,3,45.94,137.82
CLM-001826,Kia,기아 광주공장,KR,ko,스태빌라이저링크(SL-CHS-62429) 부품에서 기타 발생. Kia 기아 광주공장에서 확인됨.,SL 천안공장,KR,Chassis Systems,스태빌라이저링크,Stabilizer Link,SL-CHS-62429,2024-09-23,2024-10-05,2025-08-08,2025-08-23,2025-10-05,확정,기타,Other,Major,100,31.5,3307.5
CLM-001827,GM,GM Fort Wayne Assembly,US,en,Functional Failure detected on Head Lamp (SL-LMP-17019). Identified at GM Fort Wayne Assembly.,SL Alabama,US,Lamp Systems,전조등,Head Lamp,SL-LMP-17019,2024-11-21,2024-11-24,2025-07-22,2025-08-04,,조사중,기능불량,Functional Failure,Minor,5,67.5,324.0
CLM-001828,Honda,Honda Marysville Auto Plant,US,en,Assembly Defect detected on Bumper Beam (SL-FEM-24502). Identified at Honda Marysville Auto Plant.,SL 대구공장,KR,Front End Module,범퍼빔,Bumper Beam,SL-FEM-24502,2022-10-11,2022-10-17,2023-06-01,2023-06-11,2023-07-11,기각,조립불량,Assembly Defect,Minor,1,15.51,12.56
CLM-001829,Subaru,Subaru Gunma Oizumi Plant,JP,ja,Stabilizer Link（SL-CHS-65426）にWiring & Electrical Defectを検出。Subaru Gunma Oizumi Plantにて確認。,동풍삼립(우한),CN,Chassis Systems,스태빌라이저링크,Stabilizer Link,SL-CHS-65426,2025-02-01,2025-02-11,2025-07-05,2025-07-09,2025-08-23,확정,배선·전장불량,Wiring & Electrical Defect,Minor,8,33.9,317.3
CLM-001830,KGM,KGM 평택공장,KR,ko,액추에이터모터(SL-ELE-72920) 부품에서 조립불량 발생. KGM 평택공장에서 확인됨.,SL 대구공장,KR,Electrification,액추에이터모터,Actuator Motor,SL-ELE-72920,2022-10-28,2022-11-07,2023-02-24,2023-03-02,2023-03-05,확정,조립불량,Assembly Defect,Minor,8,37.77,362.59
CLM-001831,BMW,BMW Brilliance Shenyang,CN,zh,在Bumper Beam（SL-FEM-90402）上发现Functional Failure。由BMW Brilliance Shenyang确认。,SL 옌타이,CN,Front End Module,범퍼빔,Bumper Beam,SL-FEM-90402,2024-09-21,2024-10-08,2025-09-05,2025-09-09,,조사중,기능불량,Functional Failure,Minor,5,33.96,208.85
CLM-001832,Ford,Ford Michigan Assembly,US,en,Surface & Plating Defect detected on Side Repeater Mirror (SL-MIR-83420). Identified at Ford Michigan Assembly.,SL Tennessee,US,Mirror Systems,사이드리피터미러,Side Repeater Mirror,SL-MIR-83420,2024-03-05,2024-03-20,2024-12-15,2024-12-29,2025-02-12,확정,표면·도금불량,Surface & Plating Defect,Major,200,27.67,5755.36
CLM-001833,Stellantis,Stellantis Toluca Assembly,MX,es,Se detectó Assembly Defect en Tail Lamp (SL-LMP-45845). Identificado en Stellantis Toluca Assembly.,SL Mexico (SLP),MX,Lamp Systems,후미등,Tail Lamp,SL-LMP-45845,2023-11-26,2023-12-14,2024-02-16,2024-03-02,2024-04-02,기각,조립불량,Assembly Defect,Minor,20,25.38,497.45
CLM-001834,BMW,BMW Brilliance Shenyang,CN,zh,在Bonnet Latch（SL-FEM-25524）上发现Other。由BMW Brilliance Shenyang确认。,동풍삼립(우한),CN,Front End Module,본넷래치,Bonnet Latch,SL-FEM-25524,2023-02-12,2023-02-19,2023-09-06,2023-09-12,,접수,기타,Other,Major,100,24.53,3115.31
CLM-001835,Kia,기아 광주공장,KR,ko,파워윈도우스위치(SL-ELE-12041) 부품에서 기타 발생. Kia 기아 광주공장에서 확인됨.,SL 대구공장,KR,Electrification,파워윈도우스위치,Power Window Switch,SL-ELE-12041,2023-02-13,2023-02-26,2023-07-28,2023-08-03,2023-08-20,확정,기타,Other,Minor,5,21.27,92.52
CLM-001836,Ford,Ford Kentucky Truck Plant,US,en,Design Flaw detected on Bonnet Latch (SL-FEM-57463). Identified at Ford Kentucky Truck Plant.,호북삼립,CN,Front End Module,본넷래치,Bonnet Latch,SL-FEM-57463,2024-08-13,2024-08-17,2024-10-21,2024-10-27,,접수,설계결함,Design Flaw,Minor,20,34.59,553.44
CLM-001837,BMW,BMW Leipzig Plant,DE,de,Other bei Steering Knuckle (SL-CHS-19673) festgestellt. Erkannt bei BMW Leipzig Plant.,SL Poland,PL,Chassis Systems,너클,Steering Knuckle,SL-CHS-19673,2025-03-07,2025-03-24,2025-04-30,2025-05-04,2025-05-23,확정,기타,Other,Major,500,28.97,12601.95
CLM-001838,Hyundai,현대자동차 아산공장,KR,ko,사이드리피터미러(SL-MIR-49708) 부품에서 치수불량 발생. Hyundai 현대자동차 아산공장에서 확인됨.,SL 미러텍(시흥),KR,Mirror Systems,사이드리피터미러,Side Repeater Mirror,SL-MIR-49708,2024-04-15,2024-04-19,2025-02-07,2025-02-20,2025-03-30,기각,치수불량,Dimensional Out-of-Spec,Minor,50,26.39,1504.23
CLM-001839,Hyundai,현대자동차 울산공장,KR,ko,주간주행등(SL-LMP-98639) 부품에서 이물혼입 발생. Hyundai 현대자동차 울산공장에서 확인됨.,SL 성서공장,KR,Lamp Systems,주간주행등,Daytime Running Lamp,SL-LMP-98639,2024-09-14,2024-09-24,2025-08-12,2025-08-23,2025-09-18,보상완료,이물혼입,Foreign Material Contamination,Minor,20,29.56,514.34
CLM-001840,KGM,KGM 평택공장,KR,ko,본넷래치(SL-FEM-20696) 부품에서 기능불량 발생. KGM 평택공장에서 확인됨.,SL 진량공장,KR,Front End Module,본넷래치,Bonnet Latch,SL-FEM-20696,2024-11-20,2024-12-05,2025-12-13,2025-12-27,,접수,기능불량,Functional Failure,Minor,20,9.7,215.34
CLM-001841,KGM,KGM 평택공장,KR,ko,룸미러(SL-MIR-44314) 부품에서 표면·도금불량 발생. KGM 평택공장에서 확인됨.,SL 성서공장,KR,Mirror Systems,룸미러,Inside Mirror,SL-MIR-44314,2022-08-22,2022-09-07,2023-08-27,2023-09-06,2023-10-11,확정,표면·도금불량,Surface & Plating Defect,Minor,12,65.65,866.58
CLM-001842,Hyundai,HMGMA (Hyundai Motor Group Metaplant America),US,en,Design Flaw detected on Outside Mirror (SL-MIR-85681). Identified at HMGMA (Hyundai Motor Group Metaplant America).,SL Tennessee,US,Mirror Systems,아웃사이드미러,Outside Mirror,SL-MIR-85681,2022-05-08,2022-05-18,2023-05-19,2023-05-30,2023-06-23,확정,설계결함,Design Flaw,Major,100,27.46,3405.04
CLM-001843,Stellantis,Stellantis Sterling Heights Assembly,US,en,Foreign Material Contamination detected on Bonnet Latch (SL-FEM-70436). Identified at Stellantis Sterling Heights Assembly.,SL 미러텍(시흥),KR,Front End Module,본넷래치,Bonnet Latch,SL-FEM-70436,2023-07-29,2023-08-11,2024-06-16,2024-06-30,2024-07-14,보상완료,이물혼입,Foreign Material Contamination,Minor,3,32.49,98.44
CLM-001844,Kia,기아 광주공장,KR,ko,라디에이터서포트(SL-FEM-76492) 부품에서 표면·도금불량 발생. Kia 기아 광주공장에서 확인됨.,SL 대구공장,KR,Front End Module,라디에이터서포트,Radiator Support,SL-FEM-76492,2023-06-16,2023-06-21,2023-08-20,2023-08-25,2023-09-11,보상완료,표면·도금불량,Surface & Plating Defect,Minor,1,19.5,15.8
CLM-001845,Ford,Ford Kentucky Truck Plant,US,en,Design Flaw detected on Fog Lamp (SL-LMP-51584). Identified at Ford Kentucky Truck Plant.,SL Alabama,US,Lamp Systems,안개등,Fog Lamp,SL-LMP-51584,2024-02-08,2024-02-12,2024-12-13,2024-12-26,2025-01-22,기각,설계결함,Design Flaw,Major,50,59.49,3747.87
CLM-001846,Hyundai,HMMA (Hyundai Motor Manufacturing Alabama),US,en,Dimensional Out-of-Spec detected on Steering Knuckle (SL-CHS-40851). Identified at HMMA (Hyundai Motor Manufacturing Alabama).,SL Tennessee,US,Chassis Systems,너클,Steering Knuckle,SL-CHS-40851,2025-05-15,2025-05-21,2025-08-16,2025-08-23,2025-09-20,확정,치수불량,Dimensional Out-of-Spec,Minor,1,19.14,17.23
CLM-001847,GM,GM Korea 부평공장,KR,ko,센서모듈(SL-ELE-55180) 부품에서 표면·도금불량 발생. GM Korea 부평공장에서 확인됨.,SL 대구공장,KR,Electrification,센서모듈,Sensor Module,SL-ELE-55180,2025-01-22,2025-02-01,2025-09-29,2025-10-11,2025-11-19,확정,표면·도금불량,Surface & Plating Defect,Major,200,47.38,12224.04
CLM-001848,Stellantis,Stellantis Sterling Heights Assembly,US,en,Surface & Plating Defect detected on Wiring Harness (SL-ELE-43404). Identified at Stellantis Sterling Heights Assembly.,SL 안산공장,KR,Electrification,와이어링하네스,Wiring Harness,SL-ELE-43404,2025-02-20,2025-02-25,2025-07-13,2025-07-15,,조사중,표면·도금불량,Surface & Plating Defect,Minor,20,53.34,1098.8
CLM-001849,Hyundai,Beijing Hyundai Motor (BHMC),CN,zh,在Radiator Support（SL-FEM-23641）上发现Surface & Plating Defect。由Beijing Hyundai Motor (BHMC)确认。,상해삼립,CN,Front End Module,라디에이터서포트,Radiator Support,SL-FEM-23641,2023-04-25,2023-05-09,2023-07-31,2023-08-09,2023-08-22,확정,표면·도금불량,Surface & Plating Defect,Minor,5,8.83,35.76
CLM-001850,Hyundai,HMGMA (Hyundai Motor Group Metaplant America),US,en,Functional Failure detected on Wiring Harness (SL-ELE-85764). Identified at HMGMA (Hyundai Motor Group Metaplant America).,SL 대구공장,KR,Electrification,와이어링하네스,Wiring Harness,SL-ELE-85764,2023-01-08,2023-01-19,2023-12-07,2023-12-18,2024-01-22,확정,기능불량,Functional Failure,Minor,5,53.27,324.95
CLM-001851,Hyundai,현대자동차 울산공장,KR,ko,와이어링하네스(SL-ELE-20908) 부품에서 크랙·파손 발생. Hyundai 현대자동차 울산공장에서 확인됨.,SL 미러텍(시흥),KR,Electrification,와이어링하네스,Wiring Harness,SL-ELE-20908,2023-01-09,2023-01-26,2023-12-18,2023-12-22,2024-01-16,기각,크랙·파손,Crack & Breakage,Minor,100,25.7,2287.3
CLM-001852,GM,GM Korea 부평공장,KR,ko,센서모듈(SL-ELE-28052) 부품에서 기능불량 발생. GM Korea 부평공장에서 확인됨.,SL 진량공장,KR,Electrification,센서모듈,Sensor Module,SL-ELE-28052,2025-04-07,2025-04-12,2025-08-20,2025-08-27,2025-09-09,기각,기능불량,Functional Failure,Major,200,41.42,9775.12
CLM-001853,Hyundai,HMGMA (Hyundai Motor Group Metaplant America),US,en,Wiring & Electrical Defect detected on Steering Knuckle (SL-CHS-21976). Identified at HMGMA (Hyundai Motor Group Metaplant America).,SL Alabama,US,Chassis Systems,너클,Steering Knuckle,SL-CHS-21976,2023-01-16,2023-01-30,2023-02-09,2023-02-24,,조사중,배선·전장불량,Wiring & Electrical Defect,Minor,2,32.41,73.89
CLM-001854,Ford,Ford Michigan Assembly,US,en,Foreign Material Contamination detected on Head Lamp (SL-LMP-37499). Identified at Ford Michigan Assembly.,SL Tennessee,US,Lamp Systems,전조등,Head Lamp,SL-LMP-37499,2025-04-13,2025-04-30,2025-05-06,2025-05-09,,조사중,이물혼입,Foreign Material Contamination,Minor,1,34.98,39.53
CLM-001855,Kia,기아 광명공장,KR,ko,로어암(SL-CHS-69886) 부품에서 배선·전장불량 발생. Kia 기아 광명공장에서 확인됨.,SL 미러텍(시흥),KR,Chassis Systems,로어암,Lower Control Arm,SL-CHS-69886,2024-07-20,2024-07-26,2024-11-08,2024-11-15,2024-11-27,보상완료,배선·전장불량,Wiring & Electrical Defect,Minor,1,40.53,34.86
CLM-001856,Kia,Kia Georgia Plant,US,en,Crack & Breakage detected on Power Window Switch (SL-ELE-83158). Identified at Kia Georgia Plant.,SL Alabama,US,Electrification,파워윈도우스위치,Power Window Switch,SL-ELE-83158,2024-08-03,2024-08-15,2025-08-23,2025-08-24,2025-08-27,확정,크랙·파손,Crack & Breakage,Minor,12,22.53,251.43
CLM-001857,Subaru,Subaru Gunma Oizumi Plant,JP,ja,Power Window Switch（SL-ELE-10561）にWiring & Electrical Defectを検出。Subaru Gunma Oizumi Plantにて確認。,SL 안산공장,KR,Electrification,파워윈도우스위치,Power Window Switch,SL-ELE-10561,2022-02-25,2022-03-17,2023-03-04,2023-03-09,2023-04-02,확정,배선·전장불량,Wiring & Electrical Defect,Minor,1,14.49,16.81
CLM-001858,Hyundai,HMGMA (Hyundai Motor Group Metaplant America),US,en,Assembly Defect detected on Actuator Motor (SL-ELE-86853). Identified at HMGMA (Hyundai Motor Group Metaplant America).,SL Tennessee,US,Electrification,액추에이터모터,Actuator Motor,SL-ELE-86853,2023-04-18,2023-04-24,2023-09-23,2023-09-25,2023-10-18,확정,조립불량,Assembly Defect,Critical,500,37.44,22464.0
CLM-001859,BMW,BMW Brilliance Shenyang,CN,zh,在Lower Control Arm（SL-CHS-53439）上发现Wiring & Electrical Defect。由BMW Brilliance Shenyang确认。,북경삼립,CN,Chassis Systems,로어암,Lower Control Arm,SL-CHS-53439,2024-11-01,2024-11-11,2025-02-01,2025-02-13,2025-03-30,확정,배선·전장불량,Wiring & Electrical Defect,Minor,1,22.7,27.69
CLM-001860,Hyundai,HMGMA (Hyundai Motor Group Metaplant America),US,en,Other detected on Steering Knuckle (SL-CHS-17505). Identified at HMGMA (Hyundai Motor Group Metaplant America).,SL Tennessee,US,Chassis Systems,너클,Steering Knuckle,SL-CHS-17505,2023-12-23,2024-01-07,2024-09-18,2024-09-21,2024-10-06,보상완료,기타,Other,Minor,12,13.54,138.11
CLM-001861,Hyundai,HMMA (Hyundai Motor Manufacturing Alabama),US,en,Wiring & Electrical Defect detected on Stabilizer Link (SL-CHS-99892). Identified at HMMA (Hyundai Motor Manufacturing Alabama).,동풍삼립(우한),CN,Chassis Systems,스태빌라이저링크,Stabilizer Link,SL-CHS-99892,2025-02-20,2025-03-09,2025-06-10,2025-06-18,2025-07-26,기각,배선·전장불량,Wiring & Electrical Defect,Minor,3,25.26,68.96
CLM-001862,KGM,KGM 평택공장,KR,ko,안개등(SL-LMP-57021) 부품에서 기능불량 발생. KGM 평택공장에서 확인됨.,SL 대구공장,KR,Lamp Systems,안개등,Fog Lamp,SL-LMP-57021,2025-04-09,2025-04-12,2025-12-28,2025-12-31,,조사중,기능불량,Functional Failure,Minor,2,79.39,161.96
CLM-001863,Stellantis,Stellantis Sterling Heights Assembly,US,en,Foreign Material Contamination detected on Side Repeater Mirror (SL-MIR-38860). Identified at Stellantis Sterling Heights Assembly.,SL 성서공장,KR,Mirror Systems,사이드리피터미러,Side Repeater Mirror,SL-MIR-38860,2024-01-16,2024-01-29,2025-01-23,2025-02-04,2025-03-21,보상완료,이물혼입,Foreign Material Contamination,Major,200,63.96,10489.44
CLM-001864,Ford,Ford-Werke Cologne,DE,de,Wiring & Electrical Defect bei Radiator Support (SL-FEM-88588) festgestellt. Erkannt bei Ford-Werke Cologne.,SL 안산공장,KR,Front End Module,라디에이터서포트,Radiator Support,SL-FEM-88588,2023-04-27,2023-05-06,2023-06-30,2023-07-13,2023-08-22,확정,배선·전장불량,Wiring & Electrical Defect,Minor,5,8.49,40.33
CLM-001865,Kia,Kia Georgia Plant,US,en,Wiring & Electrical Defect detected on Steering Knuckle (SL-CHS-99499). Identified at Kia Georgia Plant.,SL Mexico (SLP),MX,Chassis Systems,너클,Steering Knuckle,SL-CHS-99499,2023-06-03,2023-06-18,2023-08-02,2023-08-03,2023-08-28,확정,배선·전장불량,Wiring & Electrical Defect,Major,200,27.34,6944.36
CLM-001866,Stellantis,Stellantis Toledo Assembly,US,en,Assembly Defect detected on Outside Mirror (SL-MIR-36883). Identified at Stellantis Toledo Assembly.,SL 미러텍(시흥),KR,Mirror Systems,아웃사이드미러,Outside Mirror,SL-MIR-36883,2023-07-18,2023-08-06,2024-02-17,2024-02-27,2024-03-04,보상완료,조립불량,Assembly Defect,Major,100,29.79,3068.37
CLM-001867,Ford,Ford Kentucky Truck Plant,US,en,Other detected on Horn (SL-FEM-61172). Identified at Ford Kentucky Truck Plant.,SL Tennessee,US,Front End Module,혼,Horn,SL-FEM-61172,2022-07-15,2022-07-21,2023-08-05,2023-08-17,2023-09-25,확정,기타,Other,Major,500,20.94,12982.8
CLM-001868,Stellantis,Stellantis Toledo Assembly,US,en,Wiring & Electrical Defect detected on Tail Lamp (SL-LMP-37688). Identified at Stellantis Toledo Assembly.,SL Alabama,US,Lamp Systems,후미등,Tail Lamp,SL-LMP-37688,2024-12-02,2024-12-20,2025-12-02,2025-12-14,,조사중,배선·전장불량,Wiring & Electrical Defect,Critical,500,47.93,28997.65
CLM-001869,GM,GM Brazil Gravataí,BR,pt,Assembly Defect detectado em Sensor Module (SL-ELE-40782). Identificado na GM Brazil Gravataí.,SL Brazil,BR,Electrification,센서모듈,Sensor Module,SL-ELE-40782,2025-01-14,2025-01-24,2025-08-15,2025-08-16,2025-09-24,기각,조립불량,Assembly Defect,Major,500,10.18,4682.8
CLM-001870,BMW,BMW Spartanburg Plant,US,en,Dimensional Out-of-Spec detected on Horn (SL-FEM-50593). Identified at BMW Spartanburg Plant.,동풍삼립(우한),CN,Front End Module,혼,Horn,SL-FEM-50593,2024-05-21,2024-05-25,2024-07-21,2024-07-29,2024-08-11,확정,치수불량,Dimensional Out-of-Spec,Minor,3,18.41,65.72
CLM-001871,Kia,기아 광명공장,KR,ko,액추에이터모터(SL-ELE-61249) 부품에서 배선·전장불량 발생. Kia 기아 광명공장에서 확인됨.,SL 안산공장,KR,Electrification,액추에이터모터,Actuator Motor,SL-ELE-61249,2022-02-11,2022-02-22,2023-03-05,2023-03-09,2023-04-22,확정,배선·전장불량,Wiring & Electrical Defect,Minor,5,51.44,272.63
CLM-001872,Subaru,Subaru of Indiana Automotive,US,en,Dimensional Out-of-Spec detected on Sensor Module (SL-ELE-69040). Identified at Subaru of Indiana Automotive.,SL Alabama,US,Electrification,센서모듈,Sensor Module,SL-ELE-69040,2024-10-03,2024-10-13,2025-11-05,2025-11-20,2025-12-14,확정,치수불량,Dimensional Out-of-Spec,Critical,500,54.38,29365.2
CLM-001873,Kia,Kia India (Anantapur),IN,en,Functional Failure detected on Daytime Running Lamp (SL-LMP-37592). Identified at Kia India (Anantapur).,SL Lumax (India),IN,Lamp Systems,주간주행등,Daytime Running Lamp,SL-LMP-37592,2022-09-06,2022-09-12,2023-04-27,2023-05-10,2023-06-11,기각,기능불량,Functional Failure,Minor,20,31.1,783.72
CLM-001874,BMW,BMW Munich Plant,DE,de,Foreign Material Contamination bei Bonnet Latch (SL-FEM-60843) festgestellt. Erkannt bei BMW Munich Plant.,SL Poland,PL,Front End Module,본넷래치,Bonnet Latch,SL-FEM-60843,2023-08-23,2023-09-01,2023-11-17,2023-11-21,2023-12-26,기각,이물혼입,Foreign Material Contamination,Minor,8,8.37,83.7
CLM-001875,Kia,Kia India (Anantapur),IN,en,Foreign Material Contamination detected on Tail Lamp (SL-LMP-39387). Identified at Kia India (Anantapur).,SL Lumax (India),IN,Lamp Systems,후미등,Tail Lamp,SL-LMP-39387,2022-05-25,2022-06-01,2023-06-28,2023-07-13,2023-08-10,보상완료,이물혼입,Foreign Material Contamination,Minor,5,35.31,162.43
CLM-001876,Ford,Ford-Werke Cologne,DE,de,Design Flaw bei Power Window Switch (SL-ELE-30430) festgestellt. Erkannt bei Ford-Werke Cologne.,SL 옌타이,CN,Electrification,파워윈도우스위치,Power Window Switch,SL-ELE-30430,2023-08-17,2023-08-21,2024-06-21,2024-06-25,,조사중,설계결함,Design Flaw,Minor,5,22.05,114.66
CLM-001877,Kia,Kia India (Anantapur),IN,en,Assembly Defect detected on Steering Knuckle (SL-CHS-58253). Identified at Kia India (Anantapur).,SL Lumax (India),IN,Chassis Systems,너클,Steering Knuckle,SL-CHS-58253,2023-11-29,2023-12-16,2024-12-06,2024-12-07,2024-12-19,보상완료,조립불량,Assembly Defect,Minor,1,25.57,26.59
CLM-001878,Hyundai,HMGMA (Hyundai Motor Group Metaplant America),US,en,Other detected on Stabilizer Link (SL-CHS-45926). Identified at HMGMA (Hyundai Motor Group Metaplant America).,북경삼립,CN,Chassis Systems,스태빌라이저링크,Stabilizer Link,SL-CHS-45926,2025-01-25,2025-01-31,2025-08-20,2025-09-02,2025-10-10,확정,기타,Other,Minor,5,42.6,234.3
CLM-001879,Subaru,Subaru of Indiana Automotive,US,en,Surface & Plating Defect detected on Lower Control Arm (SL-CHS-67357). Identified at Subaru of Indiana Automotive.,SL Alabama,US,Chassis Systems,로어암,Lower Control Arm,SL-CHS-67357,2025-02-08,2025-02-15,2025-04-09,2025-04-12,2025-05-19,보상완료,표면·도금불량,Surface & Plating Defect,Major,500,35.43,14349.15
CLM-001880,Kia,기아 광주공장,KR,ko,안개등(SL-LMP-58624) 부품에서 치수불량 발생. Kia 기아 광주공장에서 확인됨.,SL 대구공장,KR,Lamp Systems,안개등,Fog Lamp,SL-LMP-58624,2024-08-01,2024-08-14,2025-01-27,2025-02-06,2025-02-17,확정,치수불량,Dimensional Out-of-Spec,Minor,5,70.87,357.89
CLM-001881,GM,GM Fort Wayne Assembly,US,en,Other detected on Outside Mirror (SL-MIR-94694). Identified at GM Fort Wayne Assembly.,SL 옌타이,CN,Mirror Systems,아웃사이드미러,Outside Mirror,SL-MIR-94694,2023-01-15,2023-01-31,2023-10-08,2023-10-22,2023-11-30,보상완료,기타,Other,Minor,1,33.14,40.1
CLM-001882,Hyundai,Beijing Hyundai Motor (BHMC),CN,zh,在Power Window Switch（SL-ELE-96597）上发现Design Flaw。由Beijing Hyundai Motor (BHMC)确认。,상해삼립,CN,Electrification,파워윈도우스위치,Power Window Switch,SL-ELE-96597,2023-03-12,2023-03-15,2023-10-19,2023-10-22,2023-11-05,보상완료,설계결함,Design Flaw,Minor,1,35.39,35.04
CLM-001883,Kia,기아 화성공장,KR,ko,주간주행등(SL-LMP-94320) 부품에서 조립불량 발생. Kia 기아 화성공장에서 확인됨.,SL 성서공장,KR,Lamp Systems,주간주행등,Daytime Running Lamp,SL-LMP-94320,2025-07-17,2025-07-22,2025-08-04,2025-08-10,2025-08-24,기각,조립불량,Assembly Defect,Minor,1,38.47,46.93
CLM-001884,Kia,Kia India (Anantapur),IN,en,Surface & Plating Defect detected on Outside Mirror (SL-MIR-60120). Identified at Kia India (Anantapur).,SL Lumax (India),IN,Mirror Systems,아웃사이드미러,Outside Mirror,SL-MIR-60120,2022-12-27,2023-01-01,2024-01-09,2024-01-18,2024-02-05,기각,표면·도금불량,Surface & Plating Defect,Major,200,56.73,13955.58
CLM-001885,Hyundai,Beijing Hyundai Motor (BHMC),CN,zh,在Outside Mirror（SL-MIR-10320）上发现Design Flaw。由Beijing Hyundai Motor (BHMC)确认。,호북삼립,CN,Mirror Systems,아웃사이드미러,Outside Mirror,SL-MIR-10320,2024-07-26,2024-07-29,2024-11-21,2024-11-29,,조사중,설계결함,Design Flaw,Minor,20,22.11,367.03
CLM-001886,GM,GM Korea 창원공장,KR,ko,로어암(SL-CHS-69510) 부품에서 배선·전장불량 발생. GM Korea 창원공장에서 확인됨.,SL 천안공장,KR,Chassis Systems,로어암,Lower Control Arm,SL-CHS-69510,2022-10-29,2022-11-10,2023-04-21,2023-05-01,2023-06-04,확정,배선·전장불량,Wiring & Electrical Defect,Major,100,41.34,4919.46
CLM-001887,Honda,Honda Marysville Auto Plant,US,en,Dimensional Out-of-Spec detected on Side Repeater Mirror (SL-MIR-96538). Identified at Honda Marysville Auto Plant.,SL Tennessee,US,Mirror Systems,사이드리피터미러,Side Repeater Mirror,SL-MIR-96538,2024-12-03,2024-12-06,2025-11-27,2025-11-29,2025-12-12,기각,치수불량,Dimensional Out-of-Spec,Major,200,47.67,11917.5
CLM-001888,Kia,Kia Georgia Plant,US,en,Dimensional Out-of-Spec detected on Steering Knuckle (SL-CHS-63523). Identified at Kia Georgia Plant.,SL Tennessee,US,Chassis Systems,너클,Steering Knuckle,SL-CHS-63523,2022-03-26,2022-04-11,2023-01-27,2023-02-10,2023-02-14,기각,치수불량,Dimensional Out-of-Spec,Minor,8,26.52,243.98
CLM-001889,Kia,기아 광주공장,KR,ko,라디에이터서포트(SL-FEM-42847) 부품에서 기능불량 발생. Kia 기아 광주공장에서 확인됨.,SL 대구공장,KR,Front End Module,라디에이터서포트,Radiator Support,SL-FEM-42847,2024-11-18,2024-12-08,2025-08-19,2025-09-03,2025-09-06,확정,기능불량,Functional Failure,Minor,1,29.88,34.36
CLM-001890,Kia,기아 광주공장,KR,ko,범퍼빔(SL-FEM-28648) 부품에서 크랙·파손 발생. Kia 기아 광주공장에서 확인됨.,SL 진량공장,KR,Front End Module,범퍼빔,Bumper Beam,SL-FEM-28648,2025-02-17,2025-03-06,2025-11-18,2025-12-03,,조사중,크랙·파손,Crack & Breakage,Minor,3,18.77,46.74
CLM-001891,BMW,BMW Munich Plant,DE,de,Material Defect bei Horn (SL-FEM-25666) festgestellt. Erkannt bei BMW Munich Plant.,SL 안산공장,KR,Front End Module,혼,Horn,SL-FEM-25666,2025-05-29,2025-06-01,2025-06-15,2025-06-21,2025-07-25,확정,소재불량,Material Defect,Major,500,21.93,11074.65
CLM-001892,Kia,Kia Georgia Plant,US,en,Functional Failure detected on Daytime Running Lamp (SL-LMP-59545). Identified at Kia Georgia Plant.,SL Tennessee,US,Lamp Systems,주간주행등,Daytime Running Lamp,SL-LMP-59545,2024-01-05,2024-01-19,2024-09-17,2024-09-28,,조사중,기능불량,Functional Failure,Major,200,59.04,14760.0
CLM-001893,Honda,Honda Suzuka Factory,JP,ja,Stabilizer Link（SL-CHS-99872）にOtherを検出。Honda Suzuka Factoryにて確認。,SL 대구공장,KR,Chassis Systems,스태빌라이저링크,Stabilizer Link,SL-CHS-99872,2024-05-10,2024-05-25,2024-07-07,2024-07-20,,접수,기타,Other,Major,200,14.82,3290.04
CLM-001894,Ford,Ford Kentucky Truck Plant,US,en,Functional Failure detected on Bumper Beam (SL-FEM-77428). Identified at Ford Kentucky Truck Plant.,SL Tennessee,US,Front End Module,범퍼빔,Bumper Beam,SL-FEM-77428,2024-07-18,2024-07-24,2025-03-30,2025-04-05,2025-05-08,확정,기능불량,Functional Failure,Major,500,10.79,6851.65
CLM-001895,GM,GM Spring Hill Assembly,US,en,Material Defect detected on Horn (SL-FEM-68016). Identified at GM Spring Hill Assembly.,SL Tennessee,US,Front End Module,혼,Horn,SL-FEM-68016,2024-06-21,2024-06-28,2025-02-15,2025-02-26,2025-03-27,보상완료,소재불량,Material Defect,Major,500,9.45,6095.25
CLM-001896,Hyundai,Beijing Hyundai Motor (BHMC),CN,zh,在Bumper Beam（SL-FEM-23911）上发现Foreign Material Contamination。由Beijing Hyundai Motor (BHMC)确认。,SL 대구공장,KR,Front End Module,범퍼빔,Bumper Beam,SL-FEM-23911,2024-12-18,2025-01-01,2025-10-13,2025-10-14,2025-10-17,기각,이물혼입,Foreign Material Contamination,Minor,1,12.01,13.57
CLM-001897,GM,GM Korea 창원공장,KR,ko,와이어링하네스(SL-ELE-14295) 부품에서 이물혼입 발생. GM Korea 창원공장에서 확인됨.,SL 미러텍(시흥),KR,Electrification,와이어링하네스,Wiring Harness,SL-ELE-14295,2023-06-02,2023-06-10,2023-06-17,2023-06-27,2023-07-30,보상완료,이물혼입,Foreign Material Contamination,Major,200,45.58,9480.64
CLM-001898,BMW,BMW Spartanburg Plant,US,en,Other detected on Power Window Switch (SL-ELE-50531). Identified at BMW Spartanburg Plant.,SL Alabama,US,Electrification,파워윈도우스위치,Power Window Switch,SL-ELE-50531,2023-05-04,2023-05-12,2024-06-05,2024-06-11,2024-07-26,확정,기타,Other,Minor,8,40.1,282.3
CLM-001899,Kia,Kia Georgia Plant,US,en,Surface & Plating Defect detected on Horn (SL-FEM-15157). Identified at Kia Georgia Plant.,SL Tennessee,US,Front End Module,혼,Horn,SL-FEM-15157,2024-11-24,2024-12-03,2025-01-20,2025-01-24,2025-03-07,확정,표면·도금불량,Surface & Plating Defect,Minor,50,29.31,1758.6
CLM-001900,Kia,Kia India (Anantapur),IN,en,Functional Failure detected on Bumper Beam (SL-FEM-98612). Identified at Kia India (Anantapur).,SL Mexico (SLP),MX,Front End Module,범퍼빔,Bumper Beam,SL-FEM-98612,2024-01-11,2024-01-14,2025-02-10,2025-02-24,2025-03-20,확정,기능불량,Functional Failure,Minor,2,29.83,61.45
CLM-001901,BMW,BMW Leipzig Plant,DE,de,Other bei Stabilizer Link (SL-CHS-61247) festgestellt. Erkannt bei BMW Leipzig Plant.,SL Lumax (India),IN,Chassis Systems,스태빌라이저링크,Stabilizer Link,SL-CHS-61247,2025-03-02,2025-03-07,2025-11-23,2025-11-28,,조사중,기타,Other,Minor,1,29.01,26.4
CLM-001902,Stellantis,Stellantis Sterling Heights Assembly,US,en,Wiring & Electrical Defect detected on Fog Lamp (SL-LMP-68223). Identified at Stellantis Sterling Heights Assembly.,SL Alabama,US,Lamp Systems,안개등,Fog Lamp,SL-LMP-68223,2024-01-10,2024-01-23,2024-06-07,2024-06-08,2024-07-17,확정,배선·전장불량,Wiring & Electrical Defect,Minor,20,38.59,717.77
CLM-001903,Ford,Ford-Werke Cologne,DE,de,Material Defect bei Actuator Motor (SL-ELE-22736) festgestellt. Erkannt bei Ford-Werke Cologne.,SL 미러텍(시흥),KR,Electrification,액추에이터모터,Actuator Motor,SL-ELE-22736,2023-07-07,2023-07-11,2023-08-27,2023-09-11,2023-10-07,기각,소재불량,Material Defect,Minor,100,21.26,2423.64
CLM-001904,Honda,Honda Suzuka Factory,JP,ja,Inside Mirror（SL-MIR-85612）にFunctional Failureを検出。Honda Suzuka Factoryにて確認。,북경삼립,CN,Mirror Systems,룸미러,Inside Mirror,SL-MIR-85612,2025-02-02,2025-02-21,2025-04-23,2025-05-04,2025-06-18,확정,기능불량,Functional Failure,Minor,5,52.54,302.1
CLM-001905,Stellantis,Stellantis Toledo Assembly,US,en,Design Flaw detected on Outside Mirror (SL-MIR-96067). Identified at Stellantis Toledo Assembly.,SL 대구공장,KR,Mirror Systems,아웃사이드미러,Outside Mirror,SL-MIR-96067,2024-12-15,2024-12-22,2025-05-07,2025-05-13,2025-06-16,기각,설계결함,Design Flaw,Minor,1,36.75,35.65
CLM-001906,GM,GM Korea 창원공장,KR,ko,범퍼빔(SL-FEM-89922) 부품에서 기타 발생. GM Korea 창원공장에서 확인됨.,SL Lumax (India),IN,Front End Module,범퍼빔,Bumper Beam,SL-FEM-89922,2023-09-01,2023-09-13,2023-10-16,2023-10-24,2023-11-12,보상완료,기타,Other,Minor,100,15.56,1478.2
CLM-001907,Hyundai,현대자동차 아산공장,KR,ko,혼(SL-FEM-99416) 부품에서 설계결함 발생. Hyundai 현대자동차 아산공장에서 확인됨.,SL 진량공장,KR,Front End Module,혼,Horn,SL-FEM-99416,2025-05-23,2025-05-28,2025-08-29,2025-09-03,2025-10-05,확정,설계결함,Design Flaw,Minor,50,17.07,699.87
CLM-001908,Kia,기아 광명공장,KR,ko,라디에이터서포트(SL-FEM-91221) 부품에서 기능불량 발생. Kia 기아 광명공장에서 확인됨.,SL 천안공장,KR,Front End Module,라디에이터서포트,Radiator Support,SL-FEM-91221,2025-01-18,2025-02-04,2025-10-28,2025-11-07,2025-12-13,보상완료,기능불량,Functional Failure,Minor,50,16.93,795.71
CLM-001909,GM,GM Fort Wayne Assembly,US,en,Dimensional Out-of-Spec detected on Inside Mirror (SL-MIR-10559). Identified at GM Fort Wayne Assembly.,SL 안산공장,KR,Mirror Systems,룸미러,Inside Mirror,SL-MIR-10559,2022-10-09,2022-10-16,2023-08-25,2023-09-06,2023-09-22,보상완료,치수불량,Dimensional Out-of-Spec,Minor,1,54.56,69.84
CLM-001910,GM,GM Brazil Gravataí,BR,pt,Crack & Breakage detectado em Steering Knuckle (SL-CHS-42662). Identificado na GM Brazil Gravataí.,SL Brazil,BR,Chassis Systems,너클,Steering Knuckle,SL-CHS-42662,2025-01-14,2025-01-17,2025-11-22,2025-11-24,,조사중,크랙·파손,Crack & Breakage,Minor,100,21.45,2037.75
CLM-001911,BMW,BMW Brilliance Shenyang,CN,zh,在Bumper Beam（SL-FEM-19162）上发现Surface & Plating Defect。由BMW Brilliance Shenyang确认。,상해삼립,CN,Front End Module,범퍼빔,Bumper Beam,SL-FEM-19162,2024-05-22,2024-06-11,2025-01-07,2025-01-20,2025-01-31,확정,표면·도금불량,Surface & Plating Defect,Minor,1,34.08,41.24
CLM-001912,Hyundai,HMGMA (Hyundai Motor Group Metaplant America),US,en,Crack & Breakage detected on Lower Control Arm (SL-CHS-23387). Identified at HMGMA (Hyundai Motor Group Metaplant America).,SL Tennessee,US,Chassis Systems,로어암,Lower Control Arm,SL-CHS-23387,2025-01-20,2025-01-27,2025-02-14,2025-02-26,,조사중,크랙·파손,Crack & Breakage,Minor,5,20.19,91.86
CLM-001913,GM,GM Brazil Gravataí,BR,pt,Dimensional Out-of-Spec detectado em Power Window Switch (SL-ELE-93327). Identificado na GM Brazil Gravataí.,SL Brazil,BR,Electrification,파워윈도우스위치,Power Window Switch,SL-ELE-93327,2023-06-23,2023-07-05,2023-11-28,2023-12-06,2023-12-31,보상완료,치수불량,Dimensional Out-of-Spec,Minor,5,48.77,292.62
CLM-001914,Hyundai,현대자동차 울산공장,KR,ko,와이어링하네스(SL-ELE-83085) 부품에서 이물혼입 발생. Hyundai 현대자동차 울산공장에서 확인됨.,SL 천안공장,KR,Electrification,와이어링하네스,Wiring Harness,SL-ELE-83085,2024-12-19,2024-12-23,2025-09-26,2025-10-11,2025-10-18,확정,이물혼입,Foreign Material Contamination,Minor,8,25.6,251.9
CLM-001915,Kia,Kia Georgia Plant,US,en,Wiring & Electrical Defect detected on Stabilizer Link (SL-CHS-48856). Identified at Kia Georgia Plant.,SL Alabama,US,Chassis Systems,스태빌라이저링크,Stabilizer Link,SL-CHS-48856,2022-09-15,2022-09-18,2023-06-13,2023-06-16,2023-07-24,기각,배선·전장불량,Wiring & Electrical Defect,Minor,3,23.17,58.39
CLM-001916,Hyundai,Beijing Hyundai Motor (BHMC),CN,zh,在Bumper Beam（SL-FEM-51431）上发现Wiring & Electrical Defect。由Beijing Hyundai Motor (BHMC)确认。,호북삼립,CN,Front End Module,범퍼빔,Bumper Beam,SL-FEM-51431,2023-12-06,2023-12-25,2024-07-12,2024-07-25,2024-08-31,확정,배선·전장불량,Wiring & Electrical Defect,Minor,3,34.83,127.48
CLM-001917,KGM,KGM 평택공장,KR,ko,아웃사이드미러(SL-MIR-41790) 부품에서 배선·전장불량 발생. KGM 평택공장에서 확인됨.,동풍삼립(우한),CN,Mirror Systems,아웃사이드미러,Outside Mirror,SL-MIR-41790,2022-06-24,2022-07-04,2023-06-12,2023-06-26,2023-08-07,기각,배선·전장불량,Wiring & Electrical Defect,Major,100,63.35,6525.05
CLM-001918,Stellantis,Stellantis Toledo Assembly,US,en,Wiring & Electrical Defect detected on Inside Mirror (SL-MIR-60021). Identified at Stellantis Toledo Assembly.,SL Tennessee,US,Mirror Systems,룸미러,Inside Mirror,SL-MIR-60021,2025-04-15,2025-04-27,2025-12-07,2025-12-10,2025-12-31,확정,배선·전장불량,Wiring & Electrical Defect,Minor,20,26.81,680.97
CLM-001919,Ford,Ford-Werke Cologne,DE,de,Surface & Plating Defect bei Bumper Beam (SL-FEM-41876) festgestellt. Erkannt bei Ford-Werke Cologne.,SL Poland,PL,Front End Module,범퍼빔,Bumper Beam,SL-FEM-41876,2023-10-11,2023-10-30,2023-11-03,2023-11-18,2023-12-26,확정,표면·도금불량,Surface & Plating Defect,Minor,8,19.82,133.19
CLM-001920,Ford,Changan Ford Chongqing,CN,zh,在Stabilizer Link（SL-CHS-93007）上发现Design Flaw。由Changan Ford Chongqing确认。,SL 옌타이,CN,Chassis Systems,스태빌라이저링크,Stabilizer Link,SL-CHS-93007,2023-11-06,2023-11-20,2024-12-11,2024-12-19,2025-01-18,확정,설계결함,Design Flaw,Minor,5,43.48,186.96
CLM-001921,Stellantis,Stellantis Sterling Heights Assembly,US,en,Assembly Defect detected on Steering Knuckle (SL-CHS-37913). Identified at Stellantis Sterling Heights Assembly.,SL Tennessee,US,Chassis Systems,너클,Steering Knuckle,SL-CHS-37913,2024-02-14,2024-02-28,2024-11-26,2024-12-08,2024-12-24,확정,조립불량,Assembly Defect,Minor,3,37.61,102.68
CLM-001922,BMW,BMW Munich Plant,DE,de,Dimensional Out-of-Spec bei Fog Lamp (SL-LMP-31393) festgestellt. Erkannt bei BMW Munich Plant.,SL 천안공장,KR,Lamp Systems,안개등,Fog Lamp,SL-LMP-31393,2024-05-07,2024-05-14,2024-06-05,2024-06-11,2024-07-02,확정,치수불량,Dimensional Out-of-Spec,Major,100,64.24,7644.56
CLM-001923,Ford,Changan Ford Chongqing,CN,zh,在Fog Lamp（SL-LMP-23665）上发现Foreign Material Contamination。由Changan Ford Chongqing确认。,SL Mexico (SLP),MX,Lamp Systems,안개등,Fog Lamp,SL-LMP-23665,2022-12-13,2022-12-31,2023-08-01,2023-08-10,2023-08-17,확정,이물혼입,Foreign Material Contamination,Major,200,52.39,12468.82
CLM-001924,Kia,Kia Georgia Plant,US,en,Surface & Plating Defect detected on Bumper Beam (SL-FEM-48931). Identified at Kia Georgia Plant.,SL Alabama,US,Front End Module,범퍼빔,Bumper Beam,SL-FEM-48931,2023-10-23,2023-11-03,2024-07-24,2024-08-05,2024-09-08,기각,표면·도금불량,Surface & Plating Defect,Minor,5,13.06,58.12
CLM-001925,Stellantis,Stellantis Toluca Assembly,MX,es,Se detectó Crack & Breakage en Power Window Switch (SL-ELE-67370). Identificado en Stellantis Toluca Assembly.,SL Mexico (SLP),MX,Electrification,파워윈도우스위치,Power Window Switch,SL-ELE-67370,2023-02-07,2023-02-23,2023-03-01,2023-03-16,2023-04-27,확정,크랙·파손,Crack & Breakage,Minor,12,36.22,478.1
CLM-001926,Stellantis,Stellantis Toledo Assembly,US,en,Assembly Defect detected on Bumper Beam (SL-FEM-93385). Identified at Stellantis Toledo Assembly.,SL Alabama,US,Front End Module,범퍼빔,Bumper Beam,SL-FEM-93385,2024-07-05,2024-07-09,2024-10-23,2024-10-25,,조사중,조립불량,Assembly Defect,Minor,5,31.21,143.57
CLM-001927,GM,GM Brazil Gravataí,BR,pt,Foreign Material Contamination detectado em Bonnet Latch (SL-FEM-81342). Identificado na GM Brazil Gravataí.,SL Brazil,BR,Front End Module,본넷래치,Bonnet Latch,SL-FEM-81342,2023-11-14,2023-11-28,2024-04-03,2024-04-10,2024-04-16,확정,이물혼입,Foreign Material Contamination,Minor,100,28.93,2430.12
CLM-001928,GM,GM Korea 부평공장,KR,ko,아웃사이드미러(SL-MIR-69904) 부품에서 기능불량 발생. GM Korea 부평공장에서 확인됨.,상해삼립,CN,Mirror Systems,아웃사이드미러,Outside Mirror,SL-MIR-69904,2024-04-03,2024-04-16,2024-07-27,2024-08-03,2024-08-14,확정,기능불량,Functional Failure,Minor,50,28.29,1669.11
CLM-001929,Hyundai,HMMA (Hyundai Motor Manufacturing Alabama),US,en,Other detected on Power Window Switch (SL-ELE-96514). Identified at HMMA (Hyundai Motor Manufacturing Alabama).,상해삼립,CN,Electrification,파워윈도우스위치,Power Window Switch,SL-ELE-96514,2024-05-19,2024-05-31,2025-01-23,2025-01-29,2025-02-22,보상완료,기타,Other,Minor,12,37.52,445.74
CLM-001930,Kia,기아 광주공장,KR,ko,본넷래치(SL-FEM-83812) 부품에서 소재불량 발생. Kia 기아 광주공장에서 확인됨.,SL 미러텍(시흥),KR,Front End Module,본넷래치,Bonnet Latch,SL-FEM-83812,2022-10-29,2022-11-04,2023-06-19,2023-06-24,2023-07-15,확정,소재불량,Material Defect,Minor,100,14.05,1362.85
CLM-001931,Hyundai,HMMA (Hyundai Motor Manufacturing Alabama),US,en,Material Defect detected on Daytime Running Lamp (SL-LMP-97652). Identified at HMMA (Hyundai Motor Manufacturing Alabama).,SL Tennessee,US,Lamp Systems,주간주행등,Daytime Running Lamp,SL-LMP-97652,2025-01-04,2025-01-23,2025-12-20,2025-12-23,,조사중,소재불량,Material Defect,Minor,20,67.26,1143.42
CLM-001932,Hyundai,현대자동차 아산공장,KR,ko,스태빌라이저링크(SL-CHS-48777) 부품에서 설계결함 발생. Hyundai 현대자동차 아산공장에서 확인됨.,SL 천안공장,KR,Chassis Systems,스태빌라이저링크,Stabilizer Link,SL-CHS-48777,2024-07-27,2024-07-31,2024-10-16,2024-10-29,2024-12-13,확정,설계결함,Design Flaw,Minor,50,32.81,1935.79
CLM-001933,Honda,Honda Suzuka Factory,JP,ja,Tail Lamp（SL-LMP-57497）にCrack & Breakageを検出。Honda Suzuka Factoryにて確認。,동풍삼립(우한),CN,Lamp Systems,후미등,Tail Lamp,SL-LMP-57497,2024-02-06,2024-02-11,2024-05-10,2024-05-23,2024-06-13,확정,크랙·파손,Crack & Breakage,Minor,1,72.89,64.87
CLM-001934,Hyundai,HMGMA (Hyundai Motor Group Metaplant America),US,en,Other detected on Tail Lamp (SL-LMP-21606). Identified at HMGMA (Hyundai Motor Group Metaplant America).,SL Alabama,US,Lamp Systems,후미등,Tail Lamp,SL-LMP-21606,2022-09-08,2022-09-16,2023-03-21,2023-03-27,2023-04-19,확정,기타,Other,Major,200,28.97,4693.14
CLM-001935,Subaru,Subaru Gunma Oizumi Plant,JP,ja,Side Repeater Mirror（SL-MIR-41020）にWiring & Electrical Defectを検出。Subaru Gunma Oizumi Plantにて確認。,SL 진량공장,KR,Mirror Systems,사이드리피터미러,Side Repeater Mirror,SL-MIR-41020,2023-05-17,2023-05-29,2023-11-12,2023-11-19,,접수,배선·전장불량,Wiring & Electrical Defect,Major,200,24.35,6233.6
CLM-001936,Hyundai,HMMA (Hyundai Motor Manufacturing Alabama),US,en,Dimensional Out-of-Spec detected on Stabilizer Link (SL-CHS-58088). Identified at HMMA (Hyundai Motor Manufacturing Alabama).,SL Alabama,US,Chassis Systems,스태빌라이저링크,Stabilizer Link,SL-CHS-58088,2025-07-12,2025-07-21,2025-08-26,2025-08-30,2025-10-11,기각,치수불량,Dimensional Out-of-Spec,Minor,3,41.45,125.59
CLM-001937,Kia,기아 광명공장,KR,ko,전조등(SL-LMP-29757) 부품에서 표면·도금불량 발생. Kia 기아 광명공장에서 확인됨.,SL 대구공장,KR,Lamp Systems,전조등,Head Lamp,SL-LMP-29757,2022-01-15,2022-01-23,2023-02-23,2023-03-05,,조사중,표면·도금불량,Surface & Plating Defect,Minor,100,30.43,2769.13
CLM-001938,Hyundai,Beijing Hyundai Motor (BHMC),CN,zh,在Side Repeater Mirror（SL-MIR-78897）上发现Other。由Beijing Hyundai Motor (BHMC)确认。,SL 대구공장,KR,Mirror Systems,사이드리피터미러,Side Repeater Mirror,SL-MIR-78897,2022-06-13,2022-07-03,2023-04-14,2023-04-25,2023-05-02,확정,기타,Other,Minor,20,53.87,1023.53
CLM-001939,Kia,기아 광명공장,KR,ko,액추에이터모터(SL-ELE-77257) 부품에서 표면·도금불량 발생. Kia 기아 광명공장에서 확인됨.,SL 미러텍(시흥),KR,Electrification,액추에이터모터,Actuator Motor,SL-ELE-77257,2023-09-28,2023-10-07,2023-11-12,2023-11-16,2023-12-24,확정,표면·도금불량,Surface & Plating Defect,Minor,2,29.9,52.62
CLM-001940,Ford,Changan Ford Chongqing,CN,zh,在Bumper Beam（SL-FEM-11487）上发现Material Defect。由Changan Ford Chongqing确认。,북경삼립,CN,Front End Module,범퍼빔,Bumper Beam,SL-FEM-11487,2023-03-13,2023-04-02,2024-03-21,2024-04-05,2024-05-17,확정,소재불량,Material Defect,Major,100,29.42,3059.68
CLM-001941,Hyundai,현대자동차 울산공장,KR,ko,후미등(SL-LMP-45708) 부품에서 기능불량 발생. Hyundai 현대자동차 울산공장에서 확인됨.,SL 대구공장,KR,Lamp Systems,후미등,Tail Lamp,SL-LMP-45708,2023-08-10,2023-08-24,2024-06-23,2024-06-30,,접수,기능불량,Functional Failure,Minor,2,41.65,88.3
CLM-001942,Ford,Ford-Werke Cologne,DE,de,Surface & Plating Defect bei Stabilizer Link (SL-CHS-30119) festgestellt. Erkannt bei Ford-Werke Cologne.,SL 천안공장,KR,Chassis Systems,스태빌라이저링크,Stabilizer Link,SL-CHS-30119,2023-12-20,2024-01-06,2025-01-03,2025-01-06,2025-02-02,확정,표면·도금불량,Surface & Plating Defect,Minor,2,25.01,61.02
CLM-001943,BMW,BMW Leipzig Plant,DE,de,Assembly Defect bei Bumper Beam (SL-FEM-34636) festgestellt. Erkannt bei BMW Leipzig Plant.,SL Poland,PL,Front End Module,범퍼빔,Bumper Beam,SL-FEM-34636,2024-01-07,2024-01-16,2025-02-15,2025-02-16,2025-03-20,확정,조립불량,Assembly Defect,Minor,1,17.32,19.05
CLM-001944,Kia,Kia India (Anantapur),IN,en,Material Defect detected on Bonnet Latch (SL-FEM-27947). Identified at Kia India (Anantapur).,호북삼립,CN,Front End Module,본넷래치,Bonnet Latch,SL-FEM-27947,2024-01-14,2024-01-31,2024-05-22,2024-05-23,,접수,소재불량,Material Defect,Major,500,16.59,10036.95
CLM-001945,Stellantis,Stellantis Toluca Assembly,MX,es,Se detectó Dimensional Out-of-Spec en Rear Combination Lamp (SL-LMP-65162). Identificado en Stellantis Toluca Assembly.,SL Mexico (SLP),MX,Lamp Systems,리어콤비램프,Rear Combination Lamp,SL-LMP-65162,2023-09-27,2023-10-05,2024-02-10,2024-02-14,2024-02-18,확정,치수불량,Dimensional Out-of-Spec,Minor,12,82.82,1182.67
CLM-001946,Kia,Kia India (Anantapur),IN,en,Foreign Material Contamination detected on Inside Mirror (SL-MIR-53916). Identified at Kia India (Anantapur).,SL Lumax (India),IN,Mirror Systems,룸미러,Inside Mirror,SL-MIR-53916,2022-03-03,2022-03-21,2023-01-11,2023-01-14,,조사중,이물혼입,Foreign Material Contamination,Major,100,61.92,5387.04
CLM-001947,Kia,기아 광주공장,KR,ko,로어암(SL-CHS-37731) 부품에서 표면·도금불량 발생. Kia 기아 광주공장에서 확인됨.,상해삼립,CN,Chassis Systems,로어암,Lower Control Arm,SL-CHS-37731,2022-10-16,2022-11-01,2023-08-23,2023-09-05,,접수,표면·도금불량,Surface & Plating Defect,Minor,8,29.14,205.15
CLM-001948,Ford,Changan Ford Chongqing,CN,zh,在Bonnet Latch（SL-FEM-61954）上发现Crack & Breakage。由Changan Ford Chongqing确认。,호북삼립,CN,Front End Module,본넷래치,Bonnet Latch,SL-FEM-61954,2023-11-06,2023-11-16,2024-01-30,2024-02-08,,접수,크랙·파손,Crack & Breakage,Minor,5,19.1,97.41
CLM-001949,GM,GM Fort Wayne Assembly,US,en,Assembly Defect detected on Horn (SL-FEM-22879). Identified at GM Fort Wayne Assembly.,SL Alabama,US,Front End Module,혼,Horn,SL-FEM-22879,2024-10-29,2024-11-16,2025-03-15,2025-03-28,,조사중,조립불량,Assembly Defect,Minor,20,14.16,291.7
CLM-001950,Kia,기아 광명공장,KR,ko,전조등(SL-LMP-44098) 부품에서 크랙·파손 발생. Kia 기아 광명공장에서 확인됨.,SL 천안공장,KR,Lamp Systems,전조등,Head Lamp,SL-LMP-44098,2024-04-03,2024-04-15,2025-01-03,2025-01-04,2025-01-14,확정,크랙·파손,Crack & Breakage,Minor,8,76.95,603.29
CLM-001951,Hyundai,현대자동차 울산공장,KR,ko,범퍼빔(SL-FEM-19527) 부품에서 치수불량 발생. Hyundai 현대자동차 울산공장에서 확인됨.,SL Tennessee,US,Front End Module,범퍼빔,Bumper Beam,SL-FEM-19527,2024-07-11,2024-07-26,2025-04-28,2025-04-30,,조사중,치수불량,Dimensional Out-of-Spec,Minor,1,31.21,38.7
CLM-001952,Hyundai,Beijing Hyundai Motor (BHMC),CN,zh,在Steering Knuckle（SL-CHS-54536）上发现Wiring & Electrical Defect。由Beijing Hyundai Motor (BHMC)确认。,북경삼립,CN,Chassis Systems,너클,Steering Knuckle,SL-CHS-54536,2023-12-10,2023-12-24,2024-07-06,2024-07-21,2024-08-18,확정,배선·전장불량,Wiring & Electrical Defect,Minor,5,24.53,144.73
CLM-001953,Subaru,Subaru of Indiana Automotive,US,en,Foreign Material Contamination detected on Tail Lamp (SL-LMP-48019). Identified at Subaru of Indiana Automotive.,SL Alabama,US,Lamp Systems,후미등,Tail Lamp,SL-LMP-48019,2023-08-10,2023-08-23,2024-07-12,2024-07-17,2024-08-25,보상완료,이물혼입,Foreign Material Contamination,Critical,500,51.67,26093.35
CLM-001954,Hyundai,현대자동차 울산공장,KR,ko,파워윈도우스위치(SL-ELE-94348) 부품에서 표면·도금불량 발생. Hyundai 현대자동차 울산공장에서 확인됨.,SL 안산공장,KR,Electrification,파워윈도우스위치,Power Window Switch,SL-ELE-94348,2023-07-05,2023-07-23,2023-10-09,2023-10-22,,조사중,표면·도금불량,Surface & Plating Defect,Minor,100,26.94,2936.46
CLM-001955,Honda,Honda Marysville Auto Plant,US,en,Functional Failure detected on Bonnet Latch (SL-FEM-80133). Identified at Honda Marysville Auto Plant.,SL Tennessee,US,Front End Module,본넷래치,Bonnet Latch,SL-FEM-80133,2024-02-16,2024-02-20,2025-01-22,2025-02-01,2025-03-16,확정,기능불량,Functional Failure,Minor,1,34.46,37.56
CLM-001956,Kia,Kia India (Anantapur),IN,en,Assembly Defect detected on Rear Combination Lamp (SL-LMP-24876). Identified at Kia India (Anantapur).,SL Lumax (India),IN,Lamp Systems,리어콤비램프,Rear Combination Lamp,SL-LMP-24876,2023-01-30,2023-02-15,2023-05-23,2023-06-05,2023-06-24,기각,조립불량,Assembly Defect,Minor,5,42.88,227.26
CLM-001957,Kia,기아 광주공장,KR,ko,전조등(SL-LMP-65046) 부품에서 소재불량 발생. Kia 기아 광주공장에서 확인됨.,SL 천안공장,KR,Lamp Systems,전조등,Head Lamp,SL-LMP-65046,2023-04-01,2023-04-14,2023-12-20,2024-01-01,2024-01-25,기각,소재불량,Material Defect,Minor,8,77.73,684.02
CLM-001958,Kia,기아 광주공장,KR,ko,센서모듈(SL-ELE-48493) 부품에서 치수불량 발생. Kia 기아 광주공장에서 확인됨.,SL 천안공장,KR,Electrification,센서모듈,Sensor Module,SL-ELE-48493,2023-08-10,2023-08-28,2023-10-11,2023-10-25,2023-11-19,기각,치수불량,Dimensional Out-of-Spec,Minor,3,31.36,82.79
CLM-001959,Hyundai,현대자동차 울산공장,KR,ko,본넷래치(SL-FEM-45507) 부품에서 설계결함 발생. Hyundai 현대자동차 울산공장에서 확인됨.,SL 미러텍(시흥),KR,Front End Module,본넷래치,Bonnet Latch,SL-FEM-45507,2024-01-13,2024-01-25,2024-09-18,2024-09-30,2024-11-09,보상완료,설계결함,Design Flaw,Minor,5,16.45,70.73
CLM-001960,Kia,기아 광명공장,KR,ko,스태빌라이저링크(SL-CHS-77421) 부품에서 조립불량 발생. Kia 기아 광명공장에서 확인됨.,SL 천안공장,KR,Chassis Systems,스태빌라이저링크,Stabilizer Link,SL-CHS-77421,2024-09-15,2024-09-20,2025-09-23,2025-10-04,2025-10-09,보상완료,조립불량,Assembly Defect,Minor,2,26.68,54.96
CLM-001961,KGM,KGM 평택공장,KR,ko,너클(SL-CHS-63088) 부품에서 크랙·파손 발생. KGM 평택공장에서 확인됨.,SL 미러텍(시흥),KR,Chassis Systems,너클,Steering Knuckle,SL-CHS-63088,2022-05-11,2022-05-21,2023-06-03,2023-06-04,2023-07-13,보상완료,크랙·파손,Crack & Breakage,Minor,100,21.3,2449.5
CLM-001962,Stellantis,Stellantis Toledo Assembly,US,en,Functional Failure detected on Lower Control Arm (SL-CHS-81017). Identified at Stellantis Toledo Assembly.,SL Alabama,US,Chassis Systems,로어암,Lower Control Arm,SL-CHS-81017,2023-03-18,2023-03-27,2024-02-18,2024-02-26,2024-04-03,확정,기능불량,Functional Failure,Minor,12,40.36,547.28
CLM-001963,GM,SAIC-GM Shanghai,CN,zh,在Inside Mirror（SL-MIR-52691）上发现Foreign Material Contamination。由SAIC-GM Shanghai确认。,북경삼립,CN,Mirror Systems,룸미러,Inside Mirror,SL-MIR-52691,2024-09-08,2024-09-25,2025-02-13,2025-02-25,2025-03-05,확정,이물혼입,Foreign Material Contamination,Major,100,48.02,5954.48
CLM-001964,Ford,Ford Kentucky Truck Plant,US,en,Material Defect detected on Rear Combination Lamp (SL-LMP-87924). Identified at Ford Kentucky Truck Plant.,SL Mexico (SLP),MX,Lamp Systems,리어콤비램프,Rear Combination Lamp,SL-LMP-87924,2024-06-11,2024-06-14,2024-07-22,2024-07-30,2024-08-09,기각,소재불량,Material Defect,Minor,20,32.75,622.25
CLM-001965,Kia,기아 광주공장,KR,ko,와이어링하네스(SL-ELE-17910) 부품에서 기능불량 발생. Kia 기아 광주공장에서 확인됨.,SL 진량공장,KR,Electrification,와이어링하네스,Wiring Harness,SL-ELE-17910,2025-01-08,2025-01-20,2025-07-25,2025-07-28,2025-08-19,기각,기능불량,Functional Failure,Minor,5,53.18,321.74
CLM-001966,BMW,BMW Spartanburg Plant,US,en,Functional Failure detected on Inside Mirror (SL-MIR-97700). Identified at BMW Spartanburg Plant.,SL 미러텍(시흥),KR,Mirror Systems,룸미러,Inside Mirror,SL-MIR-97700,2025-03-29,2025-04-18,2025-09-15,2025-09-26,2025-10-30,보상완료,기능불량,Functional Failure,Minor,1,22.83,24.66
CLM-001967,Honda,Honda Marysville Auto Plant,US,en,Other detected on Tail Lamp (SL-LMP-21343). Identified at Honda Marysville Auto Plant.,SL Alabama,US,Lamp Systems,후미등,Tail Lamp,SL-LMP-21343,2022-05-19,2022-05-27,2023-03-05,2023-03-18,2023-04-20,확정,기타,Other,Major,200,28.93,5786.0
CLM-001968,Kia,기아 화성공장,KR,ko,사이드리피터미러(SL-MIR-38181) 부품에서 배선·전장불량 발생. Kia 기아 화성공장에서 확인됨.,SL 안산공장,KR,Mirror Systems,사이드리피터미러,Side Repeater Mirror,SL-MIR-38181,2024-05-13,2024-05-18,2025-01-09,2025-01-16,2025-03-02,확정,배선·전장불량,Wiring & Electrical Defect,Minor,3,68.75,243.38
CLM-001969,Hyundai,현대자동차 울산공장,KR,ko,액추에이터모터(SL-ELE-68591) 부품에서 배선·전장불량 발생. Hyundai 현대자동차 울산공장에서 확인됨.,SL 진량공장,KR,Electrification,액추에이터모터,Actuator Motor,SL-ELE-68591,2022-11-13,2022-12-01,2023-04-06,2023-04-15,2023-05-21,보상완료,배선·전장불량,Wiring & Electrical Defect,Minor,20,51.36,1181.28
CLM-001970,GM,SAIC-GM Shanghai,CN,zh,在Rear Combination Lamp（SL-LMP-77482）上发现Functional Failure。由SAIC-GM Shanghai确认。,상해삼립,CN,Lamp Systems,리어콤비램프,Rear Combination Lamp,SL-LMP-77482,2023-11-18,2023-12-07,2024-04-25,2024-04-30,2024-05-30,확정,기능불량,Functional Failure,Minor,8,60.15,591.88
CLM-001971,Subaru,Subaru of Indiana Automotive,US,en,Functional Failure detected on Horn (SL-FEM-98237). Identified at Subaru of Indiana Automotive.,SL Tennessee,US,Front End Module,혼,Horn,SL-FEM-98237,2023-12-27,2024-01-11,2024-07-04,2024-07-10,2024-08-09,확정,기능불량,Functional Failure,Minor,20,17.73,333.32
CLM-001972,Ford,Ford Michigan Assembly,US,en,Design Flaw detected on Radiator Support (SL-FEM-85680). Identified at Ford Michigan Assembly.,SL Alabama,US,Front End Module,라디에이터서포트,Radiator Support,SL-FEM-85680,2024-12-11,2024-12-15,2024-12-17,2024-12-21,2025-01-01,확정,설계결함,Design Flaw,Minor,1,13.02,16.8
CLM-001973,Kia,기아 광명공장,KR,ko,혼(SL-FEM-55260) 부품에서 조립불량 발생. Kia 기아 광명공장에서 확인됨.,SL 미러텍(시흥),KR,Front End Module,혼,Horn,SL-FEM-55260,2023-05-24,2023-06-10,2023-12-18,2023-12-22,2024-02-02,확정,조립불량,Assembly Defect,Minor,50,28.34,1714.57
CLM-001974,Ford,Ford Kentucky Truck Plant,US,en,Functional Failure detected on Lower Control Arm (SL-CHS-66712). Identified at Ford Kentucky Truck Plant.,SL Alabama,US,Chassis Systems,로어암,Lower Control Arm,SL-CHS-66712,2025-05-21,2025-05-28,2025-11-20,2025-12-01,,접수,기능불량,Functional Failure,Minor,20,36.57,716.77
CLM-001975,Hyundai,Beijing Hyundai Motor (BHMC),CN,zh,在Lower Control Arm（SL-CHS-62355）上发现Dimensional Out-of-Spec。由Beijing Hyundai Motor (BHMC)确认。,북경삼립,CN,Chassis Systems,로어암,Lower Control Arm,SL-CHS-62355,2024-06-02,2024-06-11,2025-04-15,2025-04-19,,조사중,치수불량,Dimensional Out-of-Spec,Minor,5,19.16,89.09
CLM-001976,Hyundai,HMMA (Hyundai Motor Manufacturing Alabama),US,en,Surface & Plating Defect detected on Bonnet Latch (SL-FEM-38719). Identified at HMMA (Hyundai Motor Manufacturing Alabama).,SL Tennessee,US,Front End Module,본넷래치,Bonnet Latch,SL-FEM-38719,2024-10-26,2024-11-03,2025-10-15,2025-10-18,2025-11-27,확정,표면·도금불량,Surface & Plating Defect,Minor,2,8.95,21.48
CLM-001977,Ford,Ford Kentucky Truck Plant,US,en,Surface & Plating Defect detected on Inside Mirror (SL-MIR-14460). Identified at Ford Kentucky Truck Plant.,SL Tennessee,US,Mirror Systems,룸미러,Inside Mirror,SL-MIR-14460,2023-01-21,2023-02-07,2024-02-23,2024-02-24,2024-03-10,확정,표면·도금불량,Surface & Plating Defect,Minor,5,54.14,303.18
CLM-001978,GM,SAIC-GM Shanghai,CN,zh,在Bumper Beam（SL-FEM-26761）上发现Crack & Breakage。由SAIC-GM Shanghai确认。,동풍삼립(우한),CN,Front End Module,범퍼빔,Bumper Beam,SL-FEM-26761,2024-01-24,2024-02-11,2025-01-07,2025-01-22,2025-01-25,확정,크랙·파손,Crack & Breakage,Minor,50,13.92,591.6
CLM-001979,GM,GM Brazil Gravataí,BR,pt,Dimensional Out-of-Spec detectado em Radiator Support (SL-FEM-84890). Identificado na GM Brazil Gravataí.,SL Brazil,BR,Front End Module,라디에이터서포트,Radiator Support,SL-FEM-84890,2024-05-24,2024-05-27,2025-02-28,2025-03-15,2025-04-27,보상완료,치수불량,Dimensional Out-of-Spec,Minor,8,17.98,165.42
CLM-001980,Kia,기아 광명공장,KR,ko,와이어링하네스(SL-ELE-70760) 부품에서 기능불량 발생. Kia 기아 광명공장에서 확인됨.,SL 미러텍(시흥),KR,Electrification,와이어링하네스,Wiring Harness,SL-ELE-70760,2023-03-29,2023-04-10,2023-11-19,2023-11-20,2023-12-02,확정,기능불량,Functional Failure,Minor,5,39.15,254.48
CLM-001981,BMW,BMW Spartanburg Plant,US,en,Wiring & Electrical Defect detected on Wiring Harness (SL-ELE-93317). Identified at BMW Spartanburg Plant.,SL Tennessee,US,Electrification,와이어링하네스,Wiring Harness,SL-ELE-93317,2022-11-08,2022-11-25,2023-03-19,2023-03-29,2023-04-30,보상완료,배선·전장불량,Wiring & Electrical Defect,Minor,5,40.5,170.1
CLM-001982,Kia,기아 광명공장,KR,ko,혼(SL-FEM-57553) 부품에서 치수불량 발생. Kia 기아 광명공장에서 확인됨.,SL 성서공장,KR,Front End Module,혼,Horn,SL-FEM-57553,2022-06-28,2022-07-01,2023-06-15,2023-06-18,2023-07-16,확정,치수불량,Dimensional Out-of-Spec,Minor,20,31.68,741.31
CLM-001983,GM,GM Brazil Gravataí,BR,pt,Other detectado em Bonnet Latch (SL-FEM-49015). Identificado na GM Brazil Gravataí.,SL Brazil,BR,Front End Module,본넷래치,Bonnet Latch,SL-FEM-49015,2025-02-19,2025-03-09,2025-10-09,2025-10-11,2025-11-19,보상완료,기타,Other,Major,500,22.36,10285.6
CLM-001984,GM,GM Spring Hill Assembly,US,en,Design Flaw detected on Tail Lamp (SL-LMP-79171). Identified at GM Spring Hill Assembly.,SL 안산공장,KR,Lamp Systems,후미등,Tail Lamp,SL-LMP-79171,2024-08-01,2024-08-13,2024-11-16,2024-11-19,2024-12-16,보상완료,설계결함,Design Flaw,Minor,3,31.71,93.23
CLM-001985,Ford,Ford Michigan Assembly,US,en,Crack & Breakage detected on Lower Control Arm (SL-CHS-85072). Identified at Ford Michigan Assembly.,SL Mexico (SLP),MX,Chassis Systems,로어암,Lower Control Arm,SL-CHS-85072,2024-12-22,2025-01-02,2025-04-29,2025-05-09,2025-06-19,확정,크랙·파손,Crack & Breakage,Minor,1,18.64,20.13
CLM-001986,Kia,기아 광주공장,KR,ko,로어암(SL-CHS-19763) 부품에서 설계결함 발생. Kia 기아 광주공장에서 확인됨.,SL 미러텍(시흥),KR,Chassis Systems,로어암,Lower Control Arm,SL-CHS-19763,2025-07-02,2025-07-21,2025-08-20,2025-08-28,2025-09-03,확정,설계결함,Design Flaw,Minor,2,12.52,21.78
CLM-001987,Stellantis,Stellantis Sterling Heights Assembly,US,en,Design Flaw detected on Bonnet Latch (SL-FEM-99508). Identified at Stellantis Sterling Heights Assembly.,호북삼립,CN,Front End Module,본넷래치,Bonnet Latch,SL-FEM-99508,2023-05-29,2023-06-13,2023-12-10,2023-12-21,2024-01-06,보상완료,설계결함,Design Flaw,Minor,3,33.57,90.64
CLM-001988,Honda,Honda Suzuka Factory,JP,ja,Daytime Running Lamp（SL-LMP-97494）にOtherを検出。Honda Suzuka Factoryにて確認。,호북삼립,CN,Lamp Systems,주간주행등,Daytime Running Lamp,SL-LMP-97494,2025-03-03,2025-03-09,2025-03-12,2025-03-22,,조사중,기타,Other,Minor,1,44.65,47.33
CLM-001989,Kia,기아 화성공장,KR,ko,룸미러(SL-MIR-50572) 부품에서 표면·도금불량 발생. Kia 기아 화성공장에서 확인됨.,SL Tennessee,US,Mirror Systems,룸미러,Inside Mirror,SL-MIR-50572,2023-08-08,2023-08-25,2024-09-15,2024-09-28,2024-11-06,보상완료,표면·도금불량,Surface & Plating Defect,Critical,500,43.45,21290.5
CLM-001990,Kia,기아 광주공장,KR,ko,액추에이터모터(SL-ELE-88573) 부품에서 이물혼입 발생. Kia 기아 광주공장에서 확인됨.,SL 진량공장,KR,Electrification,액추에이터모터,Actuator Motor,SL-ELE-88573,2023-05-26,2023-06-01,2024-02-10,2024-02-25,2024-04-10,확정,이물혼입,Foreign Material Contamination,Critical,500,52.73,22410.25
CLM-001991,Kia,Kia Georgia Plant,US,en,Wiring & Electrical Defect detected on Radiator Support (SL-FEM-85320). Identified at Kia Georgia Plant.,북경삼립,CN,Front End Module,라디에이터서포트,Radiator Support,SL-FEM-85320,2024-04-10,2024-04-28,2024-09-06,2024-09-19,2024-10-06,확정,배선·전장불량,Wiring & Electrical Defect,Minor,50,28.74,1781.88
CLM-001992,Ford,Ford-Werke Cologne,DE,de,Functional Failure bei Radiator Support (SL-FEM-55189) festgestellt. Erkannt bei Ford-Werke Cologne.,SL Poland,PL,Front End Module,라디에이터서포트,Radiator Support,SL-FEM-55189,2022-09-09,2022-09-18,2023-06-29,2023-07-07,2023-07-29,확정,기능불량,Functional Failure,Minor,50,10.45,553.85
CLM-001993,Ford,Ford Michigan Assembly,US,en,Wiring & Electrical Defect detected on Inside Mirror (SL-MIR-56499). Identified at Ford Michigan Assembly.,북경삼립,CN,Mirror Systems,룸미러,Inside Mirror,SL-MIR-56499,2022-05-08,2022-05-23,2023-03-30,2023-04-08,2023-04-24,확정,배선·전장불량,Wiring & Electrical Defect,Minor,1,39.75,46.51
CLM-001994,Hyundai,현대자동차 아산공장,KR,ko,본넷래치(SL-FEM-44762) 부품에서 기타 발생. Hyundai 현대자동차 아산공장에서 확인됨.,SL 안산공장,KR,Front End Module,본넷래치,Bonnet Latch,SL-FEM-44762,2023-10-20,2023-10-30,2024-03-31,2024-04-06,2024-05-04,확정,기타,Other,Minor,12,12.77,131.79
CLM-001995,Stellantis,Stellantis Toluca Assembly,MX,es,Se detectó Dimensional Out-of-Spec en Power Window Switch (SL-ELE-18322). Identificado en Stellantis Toluca Assembly.,SL Mexico (SLP),MX,Electrification,파워윈도우스위치,Power Window Switch,SL-ELE-18322,2022-03-30,2022-04-19,2023-01-11,2023-01-12,2023-02-03,확정,치수불량,Dimensional Out-of-Spec,Major,200,23.08,4662.16
CLM-001996,Honda,Honda Marysville Auto Plant,US,en,Dimensional Out-of-Spec detected on Horn (SL-FEM-70234). Identified at Honda Marysville Auto Plant.,SL Alabama,US,Front End Module,혼,Horn,SL-FEM-70234,2024-05-13,2024-05-19,2025-05-31,2025-06-11,2025-06-19,기각,치수불량,Dimensional Out-of-Spec,Minor,2,13.03,22.41
CLM-001997,Kia,기아 광명공장,KR,ko,너클(SL-CHS-82253) 부품에서 기타 발생. Kia 기아 광명공장에서 확인됨.,호북삼립,CN,Chassis Systems,너클,Steering Knuckle,SL-CHS-82253,2024-03-30,2024-04-18,2025-04-17,2025-04-29,2025-05-06,보상완료,기타,Other,Major,500,13.47,8014.65
CLM-001998,Kia,기아 광주공장,KR,ko,룸미러(SL-MIR-27173) 부품에서 표면·도금불량 발생. Kia 기아 광주공장에서 확인됨.,SL 대구공장,KR,Mirror Systems,룸미러,Inside Mirror,SL-MIR-27173,2024-04-15,2024-04-30,2025-05-01,2025-05-02,,조사중,표면·도금불량,Surface & Plating Defect,Major,100,35.69,4175.73
CLM-001999,Ford,Ford Kentucky Truck Plant,US,en,Functional Failure detected on Side Repeater Mirror (SL-MIR-11515). Identified at Ford Kentucky Truck Plant.,SL Alabama,US,Mirror Systems,사이드리피터미러,Side Repeater Mirror,SL-MIR-11515,2023-07-15,2023-07-20,2023-08-05,2023-08-08,2023-09-02,보상완료,기능불량,Functional Failure,Minor,2,68.16,115.87
CLM-002000,Kia,기아 화성공장,KR,ko,스태빌라이저링크(SL-CHS-84475) 부품에서 조립불량 발생. Kia 기아 화성공장에서 확인됨.,SL 성서공장,KR,Chassis Systems,스태빌라이저링크,Stabilizer Link,SL-CHS-84475,2023-05-05,2023-05-20,2023-08-26,2023-09-06,2023-10-02,보상완료,조립불량,Assembly Defect,Minor,12,23.09,302.02
CLM-002001,BMW,BMW Munich Plant,DE,de,Assembly Defect bei Power Window Switch (SL-ELE-20680) festgestellt. Erkannt bei BMW Munich Plant.,SL Brazil,BR,Electrification,파워윈도우스위치,Power Window Switch,SL-ELE-20680,2025-02-26,2025-03-16,2025-10-24,2025-10-26,2025-12-02,확정,조립불량,Assembly Defect,Critical,500,24.0,15240.0
CLM-002002,BMW,BMW Munich Plant,DE,de,Material Defect bei Daytime Running Lamp (SL-LMP-23292) festgestellt. Erkannt bei BMW Munich Plant.,상해삼립,CN,Lamp Systems,주간주행등,Daytime Running Lamp,SL-LMP-23292,2025-03-26,2025-04-02,2025-05-15,2025-05-25,2025-06-05,확정,소재불량,Material Defect,Minor,5,43.16,211.48
CLM-002003,KGM,KGM 평택공장,KR,ko,후미등(SL-LMP-72652) 부품에서 치수불량 발생. KGM 평택공장에서 확인됨.,SL 진량공장,KR,Lamp Systems,후미등,Tail Lamp,SL-LMP-72652,2022-09-12,2022-09-30,2023-05-30,2023-06-05,2023-06-30,확정,치수불량,Dimensional Out-of-Spec,Minor,3,71.56,199.65
CLM-002004,Hyundai,HMGMA (Hyundai Motor Group Metaplant America),US,en,Material Defect detected on Side Repeater Mirror (SL-MIR-14302). Identified at HMGMA (Hyundai Motor Group Metaplant America).,SL Alabama,US,Mirror Systems,사이드리피터미러,Side Repeater Mirror,SL-MIR-14302,2024-02-29,2024-03-15,2024-04-15,2024-04-25,2024-05-21,보상완료,소재불량,Material Defect,Minor,20,35.9,818.52
CLM-002005,Hyundai,현대자동차 울산공장,KR,ko,리어콤비램프(SL-LMP-20730) 부품에서 표면·도금불량 발생. Hyundai 현대자동차 울산공장에서 확인됨.,SL 미러텍(시흥),KR,Lamp Systems,리어콤비램프,Rear Combination Lamp,SL-LMP-20730,2022-09-22,2022-09-29,2023-09-06,2023-09-20,2023-11-03,기각,표면·도금불량,Surface & Plating Defect,Critical,500,64.95,35722.5
CLM-002006,Kia,기아 화성공장,KR,ko,파워윈도우스위치(SL-ELE-86127) 부품에서 크랙·파손 발생. Kia 기아 화성공장에서 확인됨.,SL 성서공장,KR,Electrification,파워윈도우스위치,Power Window Switch,SL-ELE-86127,2023-08-19,2023-09-04,2023-10-05,2023-10-18,2023-10-28,확정,크랙·파손,Crack & Breakage,Major,500,25.34,12923.4
CLM-002007,BMW,BMW Leipzig Plant,DE,de,Material Defect bei Rear Combination Lamp (SL-LMP-63026) festgestellt. Erkannt bei BMW Leipzig Plant.,호북삼립,CN,Lamp Systems,리어콤비램프,Rear Combination Lamp,SL-LMP-63026,2022-10-30,2022-11-13,2023-04-10,2023-04-11,2023-04-19,확정,소재불량,Material Defect,Minor,3,74.04,270.99
CLM-002008,Stellantis,Stellantis Toledo Assembly,US,en,Wiring & Electrical Defect detected on Rear Combination Lamp (SL-LMP-11747). Identified at Stellantis Toledo Assembly.,SL Alabama,US,Lamp Systems,리어콤비램프,Rear Combination Lamp,SL-LMP-11747,2024-01-07,2024-01-23,2024-06-02,2024-06-16,,조사중,배선·전장불량,Wiring & Electrical Defect,Minor,2,69.97,146.94
CLM-002009,Hyundai,현대자동차 울산공장,KR,ko,너클(SL-CHS-83914) 부품에서 치수불량 발생. Hyundai 현대자동차 울산공장에서 확인됨.,SL Alabama,US,Chassis Systems,너클,Steering Knuckle,SL-CHS-83914,2024-06-04,2024-06-15,2024-10-28,2024-11-07,2024-11-11,보상완료,치수불량,Dimensional Out-of-Spec,Minor,1,31.49,38.1
CLM-002010,Ford,Ford Kentucky Truck Plant,US,en,Wiring & Electrical Defect detected on Steering Knuckle (SL-CHS-62215). Identified at Ford Kentucky Truck Plant.,SL Alabama,US,Chassis Systems,너클,Steering Knuckle,SL-CHS-62215,2024-07-14,2024-08-03,2025-06-04,2025-06-08,2025-07-21,기각,배선·전장불량,Wiring & Electrical Defect,Minor,12,30.86,303.66
CLM-002011,Kia,Kia India (Anantapur),IN,en,Functional Failure detected on Lower Control Arm (SL-CHS-97183). Identified at Kia India (Anantapur).,SL 안산공장,KR,Chassis Systems,로어암,Lower Control Arm,SL-CHS-97183,2022-08-23,2022-09-06,2023-02-02,2023-02-10,2023-03-26,보상완료,기능불량,Functional Failure,Minor,20,17.91,437.0
CLM-002012,BMW,BMW Spartanburg Plant,US,en,Design Flaw detected on Sensor Module (SL-ELE-35591). Identified at BMW Spartanburg Plant.,SL Tennessee,US,Electrification,센서모듈,Sensor Module,SL-ELE-35591,2023-01-27,2023-02-11,2023-04-02,2023-04-16,2023-05-20,보상완료,설계결함,Design Flaw,Major,100,54.12,5412.0
CLM-002013,GM,GM Spring Hill Assembly,US,en,Dimensional Out-of-Spec detected on Actuator Motor (SL-ELE-27662). Identified at GM Spring Hill Assembly.,SL Alabama,US,Electrification,액추에이터모터,Actuator Motor,SL-ELE-27662,2024-12-10,2024-12-27,2025-03-04,2025-03-11,,조사중,치수불량,Dimensional Out-of-Spec,Minor,20,16.17,375.14
CLM-002014,Kia,기아 화성공장,KR,ko,와이어링하네스(SL-ELE-45398) 부품에서 치수불량 발생. Kia 기아 화성공장에서 확인됨.,SL 옌타이,CN,Electrification,와이어링하네스,Wiring Harness,SL-ELE-45398,2024-06-06,2024-06-22,2025-03-30,2025-04-07,2025-04-17,기각,치수불량,Dimensional Out-of-Spec,Minor,12,27.03,395.72
CLM-002015,Ford,Ford-Werke Cologne,DE,de,Design Flaw bei Bonnet Latch (SL-FEM-37037) festgestellt. Erkannt bei Ford-Werke Cologne.,SL Poland,PL,Front End Module,본넷래치,Bonnet Latch,SL-FEM-37037,2022-06-17,2022-06-24,2023-06-27,2023-07-03,,조사중,설계결함,Design Flaw,Minor,5,17.19,83.37
CLM-002016,Ford,Ford Kentucky Truck Plant,US,en,Foreign Material Contamination detected on Power Window Switch (SL-ELE-18194). Identified at Ford Kentucky Truck Plant.,SL Alabama,US,Electrification,파워윈도우스위치,Power Window Switch,SL-ELE-18194,2025-04-07,2025-04-13,2025-07-15,2025-07-21,2025-07-27,보상완료,이물혼입,Foreign Material Contamination,Minor,3,10.37,30.49
CLM-002017,Ford,Ford Michigan Assembly,US,en,Surface & Plating Defect detected on Rear Combination Lamp (SL-LMP-45677). Identified at Ford Michigan Assembly.,SL Tennessee,US,Lamp Systems,리어콤비램프,Rear Combination Lamp,SL-LMP-45677,2024-06-29,2024-07-02,2025-01-30,2025-02-05,2025-03-19,기각,표면·도금불량,Surface & Plating Defect,Minor,8,68.15,501.58
CLM-002018,Hyundai,현대자동차 울산공장,KR,ko,센서모듈(SL-ELE-43835) 부품에서 소재불량 발생. Hyundai 현대자동차 울산공장에서 확인됨.,SL 대구공장,KR,Electrification,센서모듈,Sensor Module,SL-ELE-43835,2023-03-27,2023-04-02,2024-04-08,2024-04-21,2024-06-04,보상완료,소재불량,Material Defect,Minor,8,48.8,468.48
CLM-002019,GM,GM Fort Wayne Assembly,US,en,Material Defect detected on Radiator Support (SL-FEM-87560). Identified at GM Fort Wayne Assembly.,SL Tennessee,US,Front End Module,라디에이터서포트,Radiator Support,SL-FEM-87560,2022-11-06,2022-11-18,2023-11-06,2023-11-07,2023-11-16,보상완료,소재불량,Material Defect,Minor,20,33.13,576.46
CLM-002020,Hyundai,HMGMA (Hyundai Motor Group Metaplant America),US,en,Functional Failure detected on Head Lamp (SL-LMP-99268). Identified at HMGMA (Hyundai Motor Group Metaplant America).,SL Tennessee,US,Lamp Systems,전조등,Head Lamp,SL-LMP-99268,2024-11-25,2024-12-07,2025-02-23,2025-02-26,2025-03-23,보상완료,기능불량,Functional Failure,Major,100,75.2,8873.6
CLM-002021,GM,GM Korea 창원공장,KR,ko,라디에이터서포트(SL-FEM-46993) 부품에서 배선·전장불량 발생. GM Korea 창원공장에서 확인됨.,SL 성서공장,KR,Front End Module,라디에이터서포트,Radiator Support,SL-FEM-46993,2024-09-20,2024-10-06,2024-12-11,2024-12-15,2025-01-06,보상완료,배선·전장불량,Wiring & Electrical Defect,Minor,100,33.66,2928.42
CLM-002022,Ford,Changan Ford Chongqing,CN,zh,在Steering Knuckle（SL-CHS-48722）上发现Functional Failure。由Changan Ford Chongqing确认。,SL 성서공장,KR,Chassis Systems,너클,Steering Knuckle,SL-CHS-48722,2023-10-29,2023-11-11,2024-01-16,2024-01-20,2024-01-27,확정,기능불량,Functional Failure,Major,100,34.43,4062.74
CLM-002023,GM,GM Spring Hill Assembly,US,en,Crack & Breakage detected on Steering Knuckle (SL-CHS-40199). Identified at GM Spring Hill Assembly.,SL Alabama,US,Chassis Systems,너클,Steering Knuckle,SL-CHS-40199,2025-08-22,2025-09-10,2025-12-15,2025-12-23,,접수,크랙·파손,Crack & Breakage,Minor,50,25.09,1279.59
CLM-002024,Honda,Honda Marysville Auto Plant,US,en,Surface & Plating Defect detected on Stabilizer Link (SL-CHS-75608). Identified at Honda Marysville Auto Plant.,SL Alabama,US,Chassis Systems,스태빌라이저링크,Stabilizer Link,SL-CHS-75608,2025-05-16,2025-05-23,2025-07-03,2025-07-04,2025-07-27,기각,표면·도금불량,Surface & Plating Defect,Minor,2,34.57,83.66
CLM-002025,Ford,Changan Ford Chongqing,CN,zh,在Stabilizer Link（SL-CHS-27860）上发现Crack & Breakage。由Changan Ford Chongqing确认。,북경삼립,CN,Chassis Systems,스태빌라이저링크,Stabilizer Link,SL-CHS-27860,2025-01-09,2025-01-15,2025-03-22,2025-04-02,2025-05-05,기각,크랙·파손,Crack & Breakage,Minor,2,20.48,52.43
CLM-002026,Hyundai,현대자동차 울산공장,KR,ko,너클(SL-CHS-56592) 부품에서 크랙·파손 발생. Hyundai 현대자동차 울산공장에서 확인됨.,SL 진량공장,KR,Chassis Systems,너클,Steering Knuckle,SL-CHS-56592,2022-12-05,2022-12-20,2023-10-19,2023-11-03,2023-12-05,확정,크랙·파손,Crack & Breakage,Minor,8,42.74,311.15
CLM-002027,BMW,BMW Brilliance Shenyang,CN,zh,在Outside Mirror（SL-MIR-41855）上发现Functional Failure。由BMW Brilliance Shenyang确认。,동풍삼립(우한),CN,Mirror Systems,아웃사이드미러,Outside Mirror,SL-MIR-41855,2023-09-09,2023-09-26,2024-07-20,2024-07-23,2024-09-03,기각,기능불량,Functional Failure,Minor,1,24.61,29.04
CLM-002028,Ford,Ford-Werke Cologne,DE,de,Wiring & Electrical Defect bei Power Window Switch (SL-ELE-57749) festgestellt. Erkannt bei Ford-Werke Cologne.,SL 성서공장,KR,Electrification,파워윈도우스위치,Power Window Switch,SL-ELE-57749,2024-03-05,2024-03-21,2024-12-29,2025-01-09,,조사중,배선·전장불량,Wiring & Electrical Defect,Major,100,32.8,4001.6
CLM-002029,GM,GM Fort Wayne Assembly,US,en,Wiring & Electrical Defect detected on Stabilizer Link (SL-CHS-87432). Identified at GM Fort Wayne Assembly.,SL Tennessee,US,Chassis Systems,스태빌라이저링크,Stabilizer Link,SL-CHS-87432,2023-02-17,2023-02-28,2023-11-11,2023-11-15,2023-12-02,확정,배선·전장불량,Wiring & Electrical Defect,Minor,3,28.2,79.52
CLM-002030,Honda,Honda Marysville Auto Plant,US,en,Assembly Defect detected on Outside Mirror (SL-MIR-88916). Identified at Honda Marysville Auto Plant.,SL Tennessee,US,Mirror Systems,아웃사이드미러,Outside Mirror,SL-MIR-88916,2024-05-17,2024-06-06,2024-10-20,2024-10-21,2024-11-21,보상완료,조립불량,Assembly Defect,Minor,8,42.52,387.78
CLM-002031,KGM,KGM 평택공장,KR,ko,너클(SL-CHS-71813) 부품에서 치수불량 발생. KGM 평택공장에서 확인됨.,SL Mexico (SLP),MX,Chassis Systems,너클,Steering Knuckle,SL-CHS-71813,2025-06-01,2025-06-04,2025-10-13,2025-10-21,,접수,치수불량,Dimensional Out-of-Spec,Minor,20,25.57,664.82
CLM-002032,Ford,Changan Ford Chongqing,CN,zh,在Outside Mirror（SL-MIR-82040）上发现Design Flaw。由Changan Ford Chongqing确认。,상해삼립,CN,Mirror Systems,아웃사이드미러,Outside Mirror,SL-MIR-82040,2023-09-04,2023-09-12,2023-11-13,2023-11-26,2024-01-02,기각,설계결함,Design Flaw,Minor,2,49.05,123.61
CLM-002033,Stellantis,Stellantis Toluca Assembly,MX,es,Se detectó Surface & Plating Defect en Sensor Module (SL-ELE-67719). Identificado en Stellantis Toluca Assembly.,SL Mexico (SLP),MX,Electrification,센서모듈,Sensor Module,SL-ELE-67719,2023-02-13,2023-02-24,2023-10-01,2023-10-13,2023-11-23,보상완료,표면·도금불량,Surface & Plating Defect,Minor,5,48.27,301.69
CLM-002034,Ford,Ford-Werke Cologne,DE,de,Foreign Material Contamination bei Side Repeater Mirror (SL-MIR-14808) festgestellt. Erkannt bei Ford-Werke Cologne.,SL 성서공장,KR,Mirror Systems,사이드리피터미러,Side Repeater Mirror,SL-MIR-14808,2024-08-25,2024-09-09,2025-04-03,2025-04-04,2025-05-11,보상완료,이물혼입,Foreign Material Contamination,Minor,5,24.73,111.29
CLM-002035,BMW,BMW Spartanburg Plant,US,en,Material Defect detected on Actuator Motor (SL-ELE-24741). Identified at BMW Spartanburg Plant.,SL Alabama,US,Electrification,액추에이터모터,Actuator Motor,SL-ELE-24741,2024-12-18,2024-12-30,2025-12-02,2025-12-16,2025-12-31,확정,소재불량,Material Defect,Minor,3,53.51,142.87
CLM-002036,Hyundai,HMGMA (Hyundai Motor Group Metaplant America),US,en,Dimensional Out-of-Spec detected on Actuator Motor (SL-ELE-72107). Identified at HMGMA (Hyundai Motor Group Metaplant America).,SL Mexico (SLP),MX,Electrification,액추에이터모터,Actuator Motor,SL-ELE-72107,2022-08-14,2022-09-03,2023-02-08,2023-02-20,2023-03-09,기각,치수불량,Dimensional Out-of-Spec,Minor,8,38.17,323.68
CLM-002037,Hyundai,HMGMA (Hyundai Motor Group Metaplant America),US,en,Surface & Plating Defect detected on Stabilizer Link (SL-CHS-82415). Identified at HMGMA (Hyundai Motor Group Metaplant America).,상해삼립,CN,Chassis Systems,스태빌라이저링크,Stabilizer Link,SL-CHS-82415,2024-04-02,2024-04-13,2025-02-01,2025-02-04,,조사중,표면·도금불량,Surface & Plating Defect,Minor,50,30.94,1392.3
CLM-002038,Hyundai,HMGMA (Hyundai Motor Group Metaplant America),US,en,Functional Failure detected on Power Window Switch (SL-ELE-33234). Identified at HMGMA (Hyundai Motor Group Metaplant America).,SL Alabama,US,Electrification,파워윈도우스위치,Power Window Switch,SL-ELE-33234,2025-02-18,2025-03-07,2025-09-28,2025-10-05,2025-11-07,확정,기능불량,Functional Failure,Minor,12,35.56,418.19
CLM-002039,GM,GM Korea 부평공장,KR,ko,혼(SL-FEM-88068) 부품에서 조립불량 발생. GM Korea 부평공장에서 확인됨.,SL 진량공장,KR,Front End Module,혼,Horn,SL-FEM-88068,2022-07-20,2022-08-03,2023-05-30,2023-06-03,2023-07-11,보상완료,조립불량,Assembly Defect,Major,100,25.61,3073.2
CLM-002040,Hyundai,HMGMA (Hyundai Motor Group Metaplant America),US,en,Assembly Defect detected on Side Repeater Mirror (SL-MIR-89551). Identified at HMGMA (Hyundai Motor Group Metaplant America).,SL Tennessee,US,Mirror Systems,사이드리피터미러,Side Repeater Mirror,SL-MIR-89551,2022-01-26,2022-02-13,2023-01-27,2023-02-10,2023-03-08,확정,조립불량,Assembly Defect,Minor,1,24.7,20.75
CLM-002041,BMW,BMW Spartanburg Plant,US,en,Crack & Breakage detected on Lower Control Arm (SL-CHS-36058). Identified at BMW Spartanburg Plant.,SL Alabama,US,Chassis Systems,로어암,Lower Control Arm,SL-CHS-36058,2024-11-29,2024-12-17,2025-04-25,2025-05-05,2025-05-12,확정,크랙·파손,Crack & Breakage,Major,200,31.92,5362.56
CLM-002042,Honda,Honda Suzuka Factory,JP,ja,Bumper Beam（SL-FEM-50876）にDimensional Out-of-Specを検出。Honda Suzuka Factoryにて確認。,SL 안산공장,KR,Front End Module,범퍼빔,Bumper Beam,SL-FEM-50876,2022-12-21,2023-01-08,2023-07-03,2023-07-07,2023-07-11,확정,치수불량,Dimensional Out-of-Spec,Minor,50,24.55,1337.98
CLM-002043,GM,GM Korea 창원공장,KR,ko,파워윈도우스위치(SL-ELE-25488) 부품에서 표면·도금불량 발생. GM Korea 창원공장에서 확인됨.,SL 진량공장,KR,Electrification,파워윈도우스위치,Power Window Switch,SL-ELE-25488,2022-12-22,2022-12-31,2023-04-03,2023-04-11,2023-05-03,확정,표면·도금불량,Surface & Plating Defect,Major,500,17.81,8726.9
CLM-002044,Stellantis,Stellantis Toluca Assembly,MX,es,Se detectó Other en Stabilizer Link (SL-CHS-71469). Identificado en Stellantis Toluca Assembly.,SL Mexico (SLP),MX,Chassis Systems,스태빌라이저링크,Stabilizer Link,SL-CHS-71469,2022-08-11,2022-08-25,2023-08-01,2023-08-07,2023-09-07,보상완료,기타,Other,Minor,5,17.18,106.52
CLM-002045,GM,GM Korea 부평공장,KR,ko,액추에이터모터(SL-ELE-71150) 부품에서 조립불량 발생. GM Korea 부평공장에서 확인됨.,SL 안산공장,KR,Electrification,액추에이터모터,Actuator Motor,SL-ELE-71150,2025-06-27,2025-07-05,2025-10-19,2025-10-31,2025-11-29,보상완료,조립불량,Assembly Defect,Major,200,29.08,5641.52
CLM-002046,GM,GM Brazil Gravataí,BR,pt,Other detectado em Rear Combination Lamp (SL-LMP-54960). Identificado na GM Brazil Gravataí.,SL Brazil,BR,Lamp Systems,리어콤비램프,Rear Combination Lamp,SL-LMP-54960,2025-05-04,2025-05-18,2025-08-29,2025-09-07,2025-10-10,확정,기타,Other,Minor,8,78.9,801.62
CLM-002047,Honda,Honda Suzuka Factory,JP,ja,Inside Mirror（SL-MIR-36314）にForeign Material Contaminationを検出。Honda Suzuka Factoryにて確認。,SL 진량공장,KR,Mirror Systems,룸미러,Inside Mirror,SL-MIR-36314,2023-02-11,2023-02-26,2023-11-04,2023-11-18,2023-12-18,확정,이물혼입,Foreign Material Contamination,Major,200,39.69,9843.12
CLM-002048,Kia,기아 광주공장,KR,ko,센서모듈(SL-ELE-86463) 부품에서 표면·도금불량 발생. Kia 기아 광주공장에서 확인됨.,SL 천안공장,KR,Electrification,센서모듈,Sensor Module,SL-ELE-86463,2023-11-07,2023-11-12,2024-06-26,2024-07-02,2024-08-14,확정,표면·도금불량,Surface & Plating Defect,Minor,8,48.42,484.2
CLM-002049,Honda,Honda Marysville Auto Plant,US,en,Wiring & Electrical Defect detected on Lower Control Arm (SL-CHS-57781). Identified at Honda Marysville Auto Plant.,SL 성서공장,KR,Chassis Systems,로어암,Lower Control Arm,SL-CHS-57781,2023-09-07,2023-09-25,2024-05-09,2024-05-12,2024-05-15,기각,배선·전장불량,Wiring & Electrical Defect,Minor,8,34.41,322.08
CLM-002050,BMW,BMW Spartanburg Plant,US,en,Functional Failure detected on Lower Control Arm (SL-CHS-41067). Identified at BMW Spartanburg Plant.,북경삼립,CN,Chassis Systems,로어암,Lower Control Arm,SL-CHS-41067,2024-12-14,2024-12-25,2025-06-22,2025-07-01,2025-07-06,보상완료,기능불량,Functional Failure,Minor,100,12.24,1113.84
CLM-002051,Hyundai,Beijing Hyundai Motor (BHMC),CN,zh,在Outside Mirror（SL-MIR-89582）上发现Assembly Defect。由Beijing Hyundai Motor (BHMC)确认。,호북삼립,CN,Mirror Systems,아웃사이드미러,Outside Mirror,SL-MIR-89582,2023-04-15,2023-05-01,2023-09-05,2023-09-15,2023-10-21,확정,조립불량,Assembly Defect,Minor,8,60.57,392.49
CLM-002052,Kia,기아 광명공장,KR,ko,로어암(SL-CHS-60636) 부품에서 소재불량 발생. Kia 기아 광명공장에서 확인됨.,SL 진량공장,KR,Chassis Systems,로어암,Lower Control Arm,SL-CHS-60636,2023-12-12,2023-12-23,2024-03-23,2024-04-06,,접수,소재불량,Material Defect,Minor,1,38.47,47.7
CLM-002053,Kia,Kia India (Anantapur),IN,en,Dimensional Out-of-Spec detected on Outside Mirror (SL-MIR-48188). Identified at Kia India (Anantapur).,SL Lumax (India),IN,Mirror Systems,아웃사이드미러,Outside Mirror,SL-MIR-48188,2024-07-11,2024-07-22,2025-03-19,2025-03-30,2025-04-27,확정,치수불량,Dimensional Out-of-Spec,Minor,1,32.38,39.83
CLM-002054,Subaru,Subaru Gunma Oizumi Plant,JP,ja,Fog Lamp（SL-LMP-87940）にMaterial Defectを検出。Subaru Gunma Oizumi Plantにて確認。,SL 안산공장,KR,Lamp Systems,안개등,Fog Lamp,SL-LMP-87940,2023-09-18,2023-09-30,2023-10-28,2023-11-11,2023-11-17,보상완료,소재불량,Material Defect,Minor,1,36.64,38.11
CLM-002055,Hyundai,Beijing Hyundai Motor (BHMC),CN,zh,在Horn（SL-FEM-77862）上发现Surface & Plating Defect。由Beijing Hyundai Motor (BHMC)确认。,북경삼립,CN,Front End Module,혼,Horn,SL-FEM-77862,2023-08-05,2023-08-22,2024-06-21,2024-06-29,2024-08-01,확정,표면·도금불량,Surface & Plating Defect,Minor,100,13.3,1223.6
CLM-002056,Stellantis,Stellantis Sterling Heights Assembly,US,en,Assembly Defect detected on Steering Knuckle (SL-CHS-95891). Identified at Stellantis Sterling Heights Assembly.,SL Tennessee,US,Chassis Systems,너클,Steering Knuckle,SL-CHS-95891,2024-08-26,2024-09-13,2025-01-30,2025-02-08,2025-03-04,확정,조립불량,Assembly Defect,Minor,12,34.07,482.43
CLM-002057,Ford,Changan Ford Chongqing,CN,zh,在Radiator Support（SL-FEM-53793）上发现Wiring & Electrical Defect。由Changan Ford Chongqing确认。,북경삼립,CN,Front End Module,라디에이터서포트,Radiator Support,SL-FEM-53793,2024-04-25,2024-05-13,2025-06-05,2025-06-06,2025-07-19,확정,배선·전장불량,Wiring & Electrical Defect,Critical,500,33.44,21234.4
CLM-002058,BMW,BMW Munich Plant,DE,de,Other bei Tail Lamp (SL-LMP-84709) festgestellt. Erkannt bei BMW Munich Plant.,호북삼립,CN,Lamp Systems,후미등,Tail Lamp,SL-LMP-84709,2023-05-30,2023-06-08,2023-08-13,2023-08-21,2023-09-16,확정,기타,Other,Critical,500,63.24,40473.6
CLM-002059,Subaru,Subaru of Indiana Automotive,US,en,Functional Failure detected on Radiator Support (SL-FEM-75607). Identified at Subaru of Indiana Automotive.,SL Tennessee,US,Front End Module,라디에이터서포트,Radiator Support,SL-FEM-75607,2025-06-14,2025-06-27,2025-07-02,2025-07-17,2025-07-20,기각,기능불량,Functional Failure,Minor,200,9.79,1605.56
CLM-002060,Stellantis,Stellantis Sterling Heights Assembly,US,en,Surface & Plating Defect detected on Head Lamp (SL-LMP-66009). Identified at Stellantis Sterling Heights Assembly.,상해삼립,CN,Lamp Systems,전조등,Head Lamp,SL-LMP-66009,2024-05-23,2024-06-10,2024-07-01,2024-07-02,2024-08-07,보상완료,표면·도금불량,Surface & Plating Defect,Major,100,69.25,6578.75
CLM-002061,GM,GM Spring Hill Assembly,US,en,Crack & Breakage detected on Inside Mirror (SL-MIR-77835). Identified at GM Spring Hill Assembly.,SL Tennessee,US,Mirror Systems,룸미러,Inside Mirror,SL-MIR-77835,2024-04-18,2024-04-27,2024-12-20,2024-12-27,2025-01-20,보상완료,크랙·파손,Crack & Breakage,Major,500,20.36,9671.0
CLM-002062,Kia,기아 광명공장,KR,ko,후미등(SL-LMP-25425) 부품에서 크랙·파손 발생. Kia 기아 광명공장에서 확인됨.,SL 성서공장,KR,Lamp Systems,후미등,Tail Lamp,SL-LMP-25425,2024-09-14,2024-10-03,2025-07-14,2025-07-18,2025-08-14,보상완료,크랙·파손,Crack & Breakage,Minor,5,73.06,306.85
CLM-002063,GM,SAIC-GM Shanghai,CN,zh,在Lower Control Arm（SL-CHS-82197）上发现Assembly Defect。由SAIC-GM Shanghai确认。,동풍삼립(우한),CN,Chassis Systems,로어암,Lower Control Arm,SL-CHS-82197,2023-09-14,2023-09-23,2024-10-08,2024-10-09,2024-10-23,확정,조립불량,Assembly Defect,Minor,50,32.67,1617.16
CLM-002064,Hyundai,HMMA (Hyundai Motor Manufacturing Alabama),US,en,Other detected on Lower Control Arm (SL-CHS-37095). Identified at HMMA (Hyundai Motor Manufacturing Alabama).,SL Tennessee,US,Chassis Systems,로어암,Lower Control Arm,SL-CHS-37095,2022-12-27,2023-01-11,2023-03-19,2023-03-26,2023-03-30,확정,기타,Other,Minor,3,42.04,123.6
CLM-002065,KGM,KGM 평택공장,KR,ko,주간주행등(SL-LMP-88281) 부품에서 설계결함 발생. KGM 평택공장에서 확인됨.,SL 대구공장,KR,Lamp Systems,주간주행등,Daytime Running Lamp,SL-LMP-88281,2023-02-18,2023-03-01,2023-08-29,2023-09-11,2023-09-17,보상완료,설계결함,Design Flaw,Critical,500,55.09,34706.7
CLM-002066,Hyundai,현대자동차 아산공장,KR,ko,아웃사이드미러(SL-MIR-83194) 부품에서 소재불량 발생. Hyundai 현대자동차 아산공장에서 확인됨.,상해삼립,CN,Mirror Systems,아웃사이드미러,Outside Mirror,SL-MIR-83194,2024-10-24,2024-10-27,2024-10-30,2024-11-04,,조사중,소재불량,Material Defect,Critical,500,67.37,29305.95
CLM-002067,Hyundai,HMGMA (Hyundai Motor Group Metaplant America),US,en,Foreign Material Contamination detected on Fog Lamp (SL-LMP-79251). Identified at HMGMA (Hyundai Motor Group Metaplant America).,SL 성서공장,KR,Lamp Systems,안개등,Fog Lamp,SL-LMP-79251,2022-09-18,2022-09-22,2023-09-12,2023-09-22,2023-09-28,확정,이물혼입,Foreign Material Contamination,Minor,8,59.49,547.31
CLM-002068,Hyundai,Beijing Hyundai Motor (BHMC),CN,zh,在Bonnet Latch（SL-FEM-86927）上发现Foreign Material Contamination。由Beijing Hyundai Motor (BHMC)确认。,호북삼립,CN,Front End Module,본넷래치,Bonnet Latch,SL-FEM-86927,2024-11-16,2024-11-23,2025-12-12,2025-12-17,,조사중,이물혼입,Foreign Material Contamination,Major,500,26.36,12125.6
CLM-002069,Stellantis,Stellantis Sterling Heights Assembly,US,en,Crack & Breakage detected on Bonnet Latch (SL-FEM-98931). Identified at Stellantis Sterling Heights Assembly.,SL 미러텍(시흥),KR,Front End Module,본넷래치,Bonnet Latch,SL-FEM-98931,2022-12-05,2022-12-24,2024-01-20,2024-02-03,,조사중,크랙·파손,Crack & Breakage,Minor,3,23.85,88.01
CLM-002070,Hyundai,HMMA (Hyundai Motor Manufacturing Alabama),US,en,Other detected on Radiator Support (SL-FEM-79188). Identified at HMMA (Hyundai Motor Manufacturing Alabama).,SL Alabama,US,Front End Module,라디에이터서포트,Radiator Support,SL-FEM-79188,2025-01-03,2025-01-08,2025-12-13,2025-12-19,,조사중,기타,Other,Minor,1,14.58,18.52
CLM-002071,Hyundai,HMGMA (Hyundai Motor Group Metaplant America),US,en,Crack & Breakage detected on Steering Knuckle (SL-CHS-75772). Identified at HMGMA (Hyundai Motor Group Metaplant America).,동풍삼립(우한),CN,Chassis Systems,너클,Steering Knuckle,SL-CHS-75772,2024-12-24,2024-12-30,2025-07-17,2025-07-28,2025-07-31,보상완료,크랙·파손,Crack & Breakage,Major,100,30.3,3302.7
CLM-002072,Hyundai,HMMA (Hyundai Motor Manufacturing Alabama),US,en,Foreign Material Contamination detected on Wiring Harness (SL-ELE-95774). Identified at HMMA (Hyundai Motor Manufacturing Alabama).,SL Lumax (India),IN,Electrification,와이어링하네스,Wiring Harness,SL-ELE-95774,2023-12-25,2024-01-10,2024-06-06,2024-06-18,2024-07-06,확정,이물혼입,Foreign Material Contamination,Minor,1,29.96,36.85
CLM-002073,BMW,BMW Spartanburg Plant,US,en,Design Flaw detected on Steering Knuckle (SL-CHS-76624). Identified at BMW Spartanburg Plant.,SL Tennessee,US,Chassis Systems,너클,Steering Knuckle,SL-CHS-76624,2025-09-29,2025-10-03,2025-11-12,2025-11-21,2025-12-02,확정,설계결함,Design Flaw,Minor,50,26.48,1271.04
CLM-002074,GM,GM Fort Wayne Assembly,US,en,Design Flaw detected on Stabilizer Link (SL-CHS-33582). Identified at GM Fort Wayne Assembly.,SL Alabama,US,Chassis Systems,스태빌라이저링크,Stabilizer Link,SL-CHS-33582,2024-08-28,2024-09-03,2025-01-27,2025-01-30,2025-03-02,확정,설계결함,Design Flaw,Minor,8,36.31,351.48
CLM-002075,Kia,Kia India (Anantapur),IN,en,Dimensional Out-of-Spec detected on Bumper Beam (SL-FEM-47358). Identified at Kia India (Anantapur).,SL Lumax (India),IN,Front End Module,범퍼빔,Bumper Beam,SL-FEM-47358,2024-04-23,2024-05-05,2024-11-08,2024-11-17,2024-12-26,보상완료,치수불량,Dimensional Out-of-Spec,Minor,50,32.2,2028.6
CLM-002076,Stellantis,Stellantis Toledo Assembly,US,en,Foreign Material Contamination detected on Sensor Module (SL-ELE-65282). Identified at Stellantis Toledo Assembly.,SL Tennessee,US,Electrification,센서모듈,Sensor Module,SL-ELE-65282,2025-07-21,2025-07-28,2025-09-27,2025-10-03,2025-10-20,확정,이물혼입,Foreign Material Contamination,Minor,1,51.86,61.71
CLM-002077,GM,GM Spring Hill Assembly,US,en,Surface & Plating Defect detected on Lower Control Arm (SL-CHS-30298). Identified at GM Spring Hill Assembly.,SL Alabama,US,Chassis Systems,로어암,Lower Control Arm,SL-CHS-30298,2023-02-24,2023-03-03,2023-11-10,2023-11-21,2023-12-17,확정,표면·도금불량,Surface & Plating Defect,Minor,2,43.08,104.25
CLM-002078,Subaru,Subaru of Indiana Automotive,US,en,Foreign Material Contamination detected on Fog Lamp (SL-LMP-47082). Identified at Subaru of Indiana Automotive.,SL Tennessee,US,Lamp Systems,안개등,Fog Lamp,SL-LMP-47082,2024-07-07,2024-07-27,2025-01-16,2025-01-20,2025-02-14,보상완료,이물혼입,Foreign Material Contamination,Critical,200,87.62,21729.76
CLM-002079,Kia,Kia Georgia Plant,US,en,Dimensional Out-of-Spec detected on Bonnet Latch (SL-FEM-36678). Identified at Kia Georgia Plant.,SL 천안공장,KR,Front End Module,본넷래치,Bonnet Latch,SL-FEM-36678,2024-02-13,2024-03-02,2025-02-02,2025-02-14,2025-03-15,보상완료,치수불량,Dimensional Out-of-Spec,Minor,100,9.46,1144.66
CLM-002080,BMW,BMW Leipzig Plant,DE,de,Foreign Material Contamination bei Power Window Switch (SL-ELE-16660) festgestellt. Erkannt bei BMW Leipzig Plant.,SL Poland,PL,Electrification,파워윈도우스위치,Power Window Switch,SL-ELE-16660,2024-05-08,2024-05-13,2024-08-24,2024-09-01,,조사중,이물혼입,Foreign Material Contamination,Major,500,31.22,14985.6
CLM-002081,Hyundai,Beijing Hyundai Motor (BHMC),CN,zh,在Radiator Support（SL-FEM-16058）上发现Wiring & Electrical Defect。由Beijing Hyundai Motor (BHMC)确认。,SL 옌타이,CN,Front End Module,라디에이터서포트,Radiator Support,SL-FEM-16058,2024-03-20,2024-04-05,2024-05-11,2024-05-12,2024-06-17,확정,배선·전장불량,Wiring & Electrical Defect,Minor,100,17.46,1990.44
CLM-002082,KGM,KGM 평택공장,KR,ko,전조등(SL-LMP-24159) 부품에서 조립불량 발생. KGM 평택공장에서 확인됨.,SL 성서공장,KR,Lamp Systems,전조등,Head Lamp,SL-LMP-24159,2024-10-05,2024-10-13,2025-01-26,2025-01-27,2025-02-17,확정,조립불량,Assembly Defect,Minor,1,64.72,57.6
CLM-002083,BMW,BMW Munich Plant,DE,de,Wiring & Electrical Defect bei Inside Mirror (SL-MIR-86996) festgestellt. Erkannt bei BMW Munich Plant.,SL Brazil,BR,Mirror Systems,룸미러,Inside Mirror,SL-MIR-86996,2022-12-21,2022-12-24,2023-03-29,2023-04-09,2023-04-27,기각,배선·전장불량,Wiring & Electrical Defect,Major,100,51.81,5491.86
CLM-002084,Subaru,Subaru of Indiana Automotive,US,en,Surface & Plating Defect detected on Steering Knuckle (SL-CHS-78122). Identified at Subaru of Indiana Automotive.,SL Alabama,US,Chassis Systems,너클,Steering Knuckle,SL-CHS-78122,2022-06-16,2022-07-02,2023-07-23,2023-08-05,2023-09-02,확정,표면·도금불량,Surface & Plating Defect,Minor,8,41.06,394.18
CLM-002085,Ford,Ford Michigan Assembly,US,en,Dimensional Out-of-Spec detected on Lower Control Arm (SL-CHS-63052). Identified at Ford Michigan Assembly.,SL Tennessee,US,Chassis Systems,로어암,Lower Control Arm,SL-CHS-63052,2024-12-23,2025-01-10,2025-06-09,2025-06-14,,조사중,치수불량,Dimensional Out-of-Spec,Minor,8,21.07,136.53
CLM-002086,GM,SAIC-GM Shanghai,CN,zh,在Power Window Switch（SL-ELE-63276）上发现Wiring & Electrical Defect。由SAIC-GM Shanghai确认。,상해삼립,CN,Electrification,파워윈도우스위치,Power Window Switch,SL-ELE-63276,2023-09-08,2023-09-21,2024-05-05,2024-05-14,,조사중,배선·전장불량,Wiring & Electrical Defect,Minor,50,29.96,1842.54
CLM-002087,Kia,Kia India (Anantapur),IN,en,Surface & Plating Defect detected on Fog Lamp (SL-LMP-43717). Identified at Kia India (Anantapur).,SL Lumax (India),IN,Lamp Systems,안개등,Fog Lamp,SL-LMP-43717,2024-04-09,2024-04-18,2025-02-25,2025-03-10,2025-04-03,확정,표면·도금불량,Surface & Plating Defect,Minor,2,77.67,150.68
CLM-002088,GM,GM Spring Hill Assembly,US,en,Dimensional Out-of-Spec detected on Tail Lamp (SL-LMP-92130). Identified at GM Spring Hill Assembly.,SL Alabama,US,Lamp Systems,후미등,Tail Lamp,SL-LMP-92130,2024-04-18,2024-04-21,2025-02-14,2025-02-28,2025-04-08,확정,치수불량,Dimensional Out-of-Spec,Minor,8,74.77,651.99
CLM-002089,Kia,Kia India (Anantapur),IN,en,Design Flaw detected on Side Repeater Mirror (SL-MIR-29122). Identified at Kia India (Anantapur).,SL Lumax (India),IN,Mirror Systems,사이드리피터미러,Side Repeater Mirror,SL-MIR-29122,2023-05-30,2023-06-06,2024-05-12,2024-05-17,2024-06-20,확정,설계결함,Design Flaw,Minor,3,65.17,177.91
CLM-002090,Hyundai,HMGMA (Hyundai Motor Group Metaplant America),US,en,Wiring & Electrical Defect detected on Daytime Running Lamp (SL-LMP-98537). Identified at HMGMA (Hyundai Motor Group Metaplant America).,북경삼립,CN,Lamp Systems,주간주행등,Daytime Running Lamp,SL-LMP-98537,2023-01-08,2023-01-27,2023-05-12,2023-05-19,2023-06-10,확정,배선·전장불량,Wiring & Electrical Defect,Minor,12,57.23,631.82
CLM-002091,Subaru,Subaru Gunma Oizumi Plant,JP,ja,Stabilizer Link（SL-CHS-68897）にDimensional Out-of-Specを検出。Subaru Gunma Oizumi Plantにて確認。,SL 미러텍(시흥),KR,Chassis Systems,스태빌라이저링크,Stabilizer Link,SL-CHS-68897,2024-04-14,2024-04-28,2025-03-28,2025-04-11,2025-05-16,보상완료,치수불량,Dimensional Out-of-Spec,Minor,100,34.34,2850.22
CLM-002092,Kia,기아 화성공장,KR,ko,라디에이터서포트(SL-FEM-95414) 부품에서 표면·도금불량 발생. Kia 기아 화성공장에서 확인됨.,SL 성서공장,KR,Front End Module,라디에이터서포트,Radiator Support,SL-FEM-95414,2024-12-25,2025-01-05,2025-05-19,2025-05-29,2025-06-27,확정,표면·도금불량,Surface & Plating Defect,Minor,3,20.61,60.59
CLM-002093,Hyundai,HMGMA (Hyundai Motor Group Metaplant America),US,en,Crack & Breakage detected on Outside Mirror (SL-MIR-18054). Identified at HMGMA (Hyundai Motor Group Metaplant America).,SL Alabama,US,Mirror Systems,아웃사이드미러,Outside Mirror,SL-MIR-18054,2024-05-29,2024-06-03,2024-08-20,2024-08-31,2024-10-01,확정,크랙·파손,Crack & Breakage,Major,50,55.77,3429.86
CLM-002094,Hyundai,현대자동차 아산공장,KR,ko,센서모듈(SL-ELE-97906) 부품에서 표면·도금불량 발생. Hyundai 현대자동차 아산공장에서 확인됨.,SL 성서공장,KR,Electrification,센서모듈,Sensor Module,SL-ELE-97906,2022-08-07,2022-08-23,2023-02-14,2023-02-20,2023-03-10,기각,표면·도금불량,Surface & Plating Defect,Minor,12,49.56,636.35
CLM-002095,Hyundai,현대자동차 울산공장,KR,ko,사이드리피터미러(SL-MIR-83748) 부품에서 설계결함 발생. Hyundai 현대자동차 울산공장에서 확인됨.,SL 대구공장,KR,Mirror Systems,사이드리피터미러,Side Repeater Mirror,SL-MIR-83748,2025-02-04,2025-02-20,2025-10-22,2025-10-29,2025-11-14,기각,설계결함,Design Flaw,Major,50,53.58,3080.85
CLM-002096,Hyundai,HMMA (Hyundai Motor Manufacturing Alabama),US,en,Assembly Defect detected on Daytime Running Lamp (SL-LMP-15315). Identified at HMMA (Hyundai Motor Manufacturing Alabama).,SL Tennessee,US,Lamp Systems,주간주행등,Daytime Running Lamp,SL-LMP-15315,2024-12-15,2024-12-20,2025-11-01,2025-11-13,2025-11-18,보상완료,조립불량,Assembly Defect,Minor,12,34.82,459.62
CLM-002097,GM,GM Spring Hill Assembly,US,en,Design Flaw detected on Stabilizer Link (SL-CHS-88459). Identified at GM Spring Hill Assembly.,SL Alabama,US,Chassis Systems,스태빌라이저링크,Stabilizer Link,SL-CHS-88459,2022-08-18,2022-08-25,2023-02-12,2023-02-20,,접수,설계결함,Design Flaw,Minor,12,32.34,391.96
CLM-002098,Subaru,Subaru Gunma Oizumi Plant,JP,ja,Lower Control Arm（SL-CHS-92249）にMaterial Defectを検出。Subaru Gunma Oizumi Plantにて確認。,북경삼립,CN,Chassis Systems,로어암,Lower Control Arm,SL-CHS-92249,2025-01-01,2025-01-15,2025-09-18,2025-09-20,2025-10-20,확정,소재불량,Material Defect,Minor,1,31.65,27.85
CLM-002099,Honda,Honda Marysville Auto Plant,US,en,Assembly Defect detected on Lower Control Arm (SL-CHS-70280). Identified at Honda Marysville Auto Plant.,SL Alabama,US,Chassis Systems,로어암,Lower Control Arm,SL-CHS-70280,2023-03-05,2023-03-22,2023-08-14,2023-08-18,2023-08-30,보상완료,조립불량,Assembly Defect,Minor,8,20.11,176.97
CLM-002100,GM,GM Korea 창원공장,KR,ko,라디에이터서포트(SL-FEM-63901) 부품에서 소재불량 발생. GM Korea 창원공장에서 확인됨.,SL 미러텍(시흥),KR,Front End Module,라디에이터서포트,Radiator Support,SL-FEM-63901,2024-05-26,2024-05-30,2024-12-20,2024-12-23,2025-01-20,확정,소재불량,Material Defect,Minor,20,34.14,662.32
CLM-002101,Hyundai,현대자동차 아산공장,KR,ko,로어암(SL-CHS-65179) 부품에서 기능불량 발생. Hyundai 현대자동차 아산공장에서 확인됨.,SL 안산공장,KR,Chassis Systems,로어암,Lower Control Arm,SL-CHS-65179,2025-05-09,2025-05-13,2025-07-24,2025-08-04,2025-09-16,확정,기능불량,Functional Failure,Minor,1,16.75,19.43
CLM-002102,Hyundai,현대자동차 울산공장,KR,ko,라디에이터서포트(SL-FEM-15461) 부품에서 소재불량 발생. Hyundai 현대자동차 울산공장에서 확인됨.,상해삼립,CN,Front End Module,라디에이터서포트,Radiator Support,SL-FEM-15461,2024-07-26,2024-07-29,2025-05-22,2025-05-28,2025-06-04,확정,소재불량,Material Defect,Minor,3,10.25,32.59
CLM-002103,Stellantis,Stellantis Sterling Heights Assembly,US,en,Assembly Defect detected on Outside Mirror (SL-MIR-57838). Identified at Stellantis Sterling Heights Assembly.,SL Tennessee,US,Mirror Systems,아웃사이드미러,Outside Mirror,SL-MIR-57838,2023-03-21,2023-03-31,2024-01-20,2024-02-02,2024-02-19,기각,조립불량,Assembly Defect,Critical,500,63.25,29727.5
CLM-002104,Kia,Kia India (Anantapur),IN,en,Material Defect detected on Horn (SL-FEM-72007). Identified at Kia India (Anantapur).,SL 안산공장,KR,Front End Module,혼,Horn,SL-FEM-72007,2022-08-29,2022-09-10,2023-04-25,2023-04-29,,조사중,소재불량,Material Defect,Minor,100,14.13,1229.31
CLM-002105,Hyundai,HMMA (Hyundai Motor Manufacturing Alabama),US,en,Material Defect detected on Rear Combination Lamp (SL-LMP-13217). Identified at HMMA (Hyundai Motor Manufacturing Alabama).,SL Alabama,US,Lamp Systems,리어콤비램프,Rear Combination Lamp,SL-LMP-13217,2022-10-11,2022-10-15,2023-10-20,2023-10-25,,조사중,소재불량,Material Defect,Minor,12,71.16,913.69
CLM-002106,Hyundai,HMMA (Hyundai Motor Manufacturing Alabama),US,en,Foreign Material Contamination detected on Steering Knuckle (SL-CHS-57844). Identified at HMMA (Hyundai Motor Manufacturing Alabama).,SL Tennessee,US,Chassis Systems,너클,Steering Knuckle,SL-CHS-57844,2024-01-12,2024-01-28,2024-05-22,2024-05-26,2024-05-29,보상완료,이물혼입,Foreign Material Contamination,Minor,50,35.39,1734.11
CLM-002107,Kia,Kia Georgia Plant,US,en,Functional Failure detected on Rear Combination Lamp (SL-LMP-80812). Identified at Kia Georgia Plant.,SL 대구공장,KR,Lamp Systems,리어콤비램프,Rear Combination Lamp,SL-LMP-80812,2024-05-15,2024-05-30,2024-07-31,2024-08-13,2024-08-30,보상완료,기능불량,Functional Failure,Minor,50,27.15,1520.4
CLM-002108,Hyundai,HMGMA (Hyundai Motor Group Metaplant America),US,en,Surface & Plating Defect detected on Head Lamp (SL-LMP-34108). Identified at HMGMA (Hyundai Motor Group Metaplant America).,SL Alabama,US,Lamp Systems,전조등,Head Lamp,SL-LMP-34108,2023-11-26,2023-12-04,2024-11-29,2024-12-08,2024-12-25,보상완료,표면·도금불량,Surface & Plating Defect,Critical,500,78.28,45793.8
CLM-002109,Hyundai,Beijing Hyundai Motor (BHMC),CN,zh,在Radiator Support（SL-FEM-59148）上发现Other。由Beijing Hyundai Motor (BHMC)确认。,상해삼립,CN,Front End Module,라디에이터서포트,Radiator Support,SL-FEM-59148,2022-09-10,2022-09-16,2023-03-17,2023-03-25,2023-04-12,보상완료,기타,Other,Minor,5,8.82,50.71
CLM-002110,KGM,KGM 평택공장,KR,ko,본넷래치(SL-FEM-42420) 부품에서 기능불량 발생. KGM 평택공장에서 확인됨.,SL 안산공장,KR,Front End Module,본넷래치,Bonnet Latch,SL-FEM-42420,2022-09-14,2022-09-23,2023-05-31,2023-06-15,2023-07-29,확정,기능불량,Functional Failure,Minor,1,22.02,25.54
CLM-002111,Kia,기아 광주공장,KR,ko,너클(SL-CHS-29561) 부품에서 조립불량 발생. Kia 기아 광주공장에서 확인됨.,SL 미러텍(시흥),KR,Chassis Systems,너클,Steering Knuckle,SL-CHS-29561,2024-01-18,2024-01-27,2024-11-15,2024-11-30,2025-01-01,보상완료,조립불량,Assembly Defect,Critical,500,28.42,18046.7
CLM-002112,Kia,기아 광주공장,KR,ko,아웃사이드미러(SL-MIR-71469) 부품에서 기능불량 발생. Kia 기아 광주공장에서 확인됨.,SL 천안공장,KR,Mirror Systems,아웃사이드미러,Outside Mirror,SL-MIR-71469,2024-03-07,2024-03-14,2024-10-18,2024-10-29,2024-11-12,보상완료,기능불량,Functional Failure,Minor,2,49.05,118.7
CLM-002113,Kia,기아 광명공장,KR,ko,전조등(SL-LMP-83546) 부품에서 기타 발생. Kia 기아 광명공장에서 확인됨.,호북삼립,CN,Lamp Systems,전조등,Head Lamp,SL-LMP-83546,2024-09-19,2024-09-22,2025-06-12,2025-06-24,,조사중,기타,Other,Minor,5,53.34,213.36
CLM-002114,BMW,BMW Spartanburg Plant,US,en,Functional Failure detected on Actuator Motor (SL-ELE-95679). Identified at BMW Spartanburg Plant.,SL 진량공장,KR,Electrification,액추에이터모터,Actuator Motor,SL-ELE-95679,2025-07-16,2025-07-20,2025-08-15,2025-08-29,2025-09-09,확정,기능불량,Functional Failure,Minor,20,40.0,848.0
CLM-002115,Kia,Kia India (Anantapur),IN,en,Material Defect detected on Head Lamp (SL-LMP-46376). Identified at Kia India (Anantapur).,SL Lumax (India),IN,Lamp Systems,전조등,Head Lamp,SL-LMP-46376,2025-05-16,2025-05-31,2025-08-08,2025-08-17,,조사중,소재불량,Material Defect,Minor,2,61.61,124.45
CLM-002116,BMW,BMW Brilliance Shenyang,CN,zh,在Bonnet Latch（SL-FEM-93327）上发现Material Defect。由BMW Brilliance Shenyang确认。,상해삼립,CN,Front End Module,본넷래치,Bonnet Latch,SL-FEM-93327,2023-11-29,2023-12-13,2024-10-13,2024-10-20,2024-11-28,기각,소재불량,Material Defect,Major,200,30.07,5232.18
CLM-002117,Kia,기아 화성공장,KR,ko,본넷래치(SL-FEM-84571) 부품에서 이물혼입 발생. Kia 기아 화성공장에서 확인됨.,상해삼립,CN,Front End Module,본넷래치,Bonnet Latch,SL-FEM-84571,2025-02-16,2025-03-07,2025-07-30,2025-08-12,2025-08-26,기각,이물혼입,Foreign Material Contamination,Minor,1,9.32,9.13
CLM-002118,GM,GM Brazil Gravataí,BR,pt,Functional Failure detectado em Inside Mirror (SL-MIR-80954). Identificado na GM Brazil Gravataí.,SL Brazil,BR,Mirror Systems,룸미러,Inside Mirror,SL-MIR-80954,2022-11-19,2022-11-26,2023-09-05,2023-09-17,,조사중,기능불량,Functional Failure,Minor,8,45.48,462.08
CLM-002119,Kia,Kia Georgia Plant,US,en,Material Defect detected on Sensor Module (SL-ELE-38332). Identified at Kia Georgia Plant.,SL Alabama,US,Electrification,센서모듈,Sensor Module,SL-ELE-38332,2023-10-03,2023-10-18,2024-04-26,2024-05-06,2024-06-08,확정,소재불량,Material Defect,Minor,3,25.78,92.03
CLM-002120,Stellantis,Stellantis Toluca Assembly,MX,es,Se detectó Dimensional Out-of-Spec en Bumper Beam (SL-FEM-29490). Identificado en Stellantis Toluca Assembly.,SL Mexico (SLP),MX,Front End Module,범퍼빔,Bumper Beam,SL-FEM-29490,2024-06-07,2024-06-13,2025-02-20,2025-03-02,,조사중,치수불량,Dimensional Out-of-Spec,Major,200,23.53,4282.46
CLM-002121,Kia,기아 화성공장,KR,ko,파워윈도우스위치(SL-ELE-82982) 부품에서 배선·전장불량 발생. Kia 기아 화성공장에서 확인됨.,SL 대구공장,KR,Electrification,파워윈도우스위치,Power Window Switch,SL-ELE-82982,2024-02-14,2024-02-27,2024-03-19,2024-03-30,2024-04-10,확정,배선·전장불량,Wiring & Electrical Defect,Minor,50,26.83,1234.18
CLM-002122,Stellantis,Stellantis Toledo Assembly,US,en,Material Defect detected on Side Repeater Mirror (SL-MIR-98543). Identified at Stellantis Toledo Assembly.,SL Tennessee,US,Mirror Systems,사이드리피터미러,Side Repeater Mirror,SL-MIR-98543,2023-05-29,2023-06-18,2024-07-20,2024-07-28,2024-09-01,확정,소재불량,Material Defect,Minor,2,29.31,51.59
CLM-002123,BMW,BMW Munich Plant,DE,de,Functional Failure bei Bonnet Latch (SL-FEM-84787) festgestellt. Erkannt bei BMW Munich Plant.,SL 진량공장,KR,Front End Module,본넷래치,Bonnet Latch,SL-FEM-84787,2023-09-23,2023-09-30,2023-12-05,2023-12-15,2024-01-15,확정,기능불량,Functional Failure,Minor,100,19.65,2456.25
CLM-002124,Hyundai,현대자동차 아산공장,KR,ko,혼(SL-FEM-94432) 부품에서 기능불량 발생. Hyundai 현대자동차 아산공장에서 확인됨.,SL 미러텍(시흥),KR,Front End Module,혼,Horn,SL-FEM-94432,2022-10-31,2022-11-13,2023-04-24,2023-05-02,2023-06-05,기각,기능불량,Functional Failure,Minor,200,10.13,1924.7
CLM-002125,Hyundai,현대자동차 아산공장,KR,ko,로어암(SL-CHS-55841) 부품에서 이물혼입 발생. Hyundai 현대자동차 아산공장에서 확인됨.,SL 안산공장,KR,Chassis Systems,로어암,Lower Control Arm,SL-CHS-55841,2023-09-02,2023-09-07,2024-05-22,2024-05-24,2024-06-27,기각,이물혼입,Foreign Material Contamination,Minor,1,40.28,35.04
CLM-002126,KGM,KGM 평택공장,KR,ko,후미등(SL-LMP-59877) 부품에서 크랙·파손 발생. KGM 평택공장에서 확인됨.,SL 성서공장,KR,Lamp Systems,후미등,Tail Lamp,SL-LMP-59877,2024-06-03,2024-06-17,2025-02-03,2025-02-10,2025-03-24,확정,크랙·파손,Crack & Breakage,Minor,5,37.97,161.37
CLM-002127,GM,GM Fort Wayne Assembly,US,en,Crack & Breakage detected on Sensor Module (SL-ELE-52534). Identified at GM Fort Wayne Assembly.,SL Lumax (India),IN,Electrification,센서모듈,Sensor Module,SL-ELE-52534,2022-07-02,2022-07-13,2023-02-03,2023-02-07,2023-03-19,보상완료,크랙·파손,Crack & Breakage,Minor,8,46.08,305.97
CLM-002128,Ford,Ford Kentucky Truck Plant,US,en,Material Defect detected on Stabilizer Link (SL-CHS-35290). Identified at Ford Kentucky Truck Plant.,SL Alabama,US,Chassis Systems,스태빌라이저링크,Stabilizer Link,SL-CHS-35290,2024-07-18,2024-07-25,2024-12-15,2024-12-17,2024-12-20,보상완료,소재불량,Material Defect,Major,100,38.39,4030.95
CLM-002129,Honda,Honda Suzuka Factory,JP,ja,Side Repeater Mirror（SL-MIR-86837）にWiring & Electrical Defectを検出。Honda Suzuka Factoryにて確認。,SL 옌타이,CN,Mirror Systems,사이드리피터미러,Side Repeater Mirror,SL-MIR-86837,2023-10-23,2023-11-09,2024-05-17,2024-05-23,2024-06-14,확정,배선·전장불량,Wiring & Electrical Defect,Major,500,23.88,10029.6
CLM-002130,Ford,Ford Kentucky Truck Plant,US,en,Crack & Breakage detected on Horn (SL-FEM-61854). Identified at Ford Kentucky Truck Plant.,SL 옌타이,CN,Front End Module,혼,Horn,SL-FEM-61854,2022-05-19,2022-05-24,2023-04-19,2023-05-03,2023-06-01,보상완료,크랙·파손,Crack & Breakage,Major,500,12.36,5500.2
CLM-002131,Stellantis,Stellantis Sterling Heights Assembly,US,en,Other detected on Bonnet Latch (SL-FEM-10425). Identified at Stellantis Sterling Heights Assembly.,SL 옌타이,CN,Front End Module,본넷래치,Bonnet Latch,SL-FEM-10425,2023-10-18,2023-10-28,2023-12-31,2024-01-06,2024-02-02,기각,기타,Other,Minor,3,11.89,32.82
CLM-002132,Kia,Kia Georgia Plant,US,en,Other detected on Bonnet Latch (SL-FEM-97347). Identified at Kia Georgia Plant.,SL 안산공장,KR,Front End Module,본넷래치,Bonnet Latch,SL-FEM-97347,2024-04-20,2024-05-01,2024-08-27,2024-09-03,2024-09-09,확정,기타,Other,Minor,12,30.5,340.38
CLM-002133,Ford,Ford Kentucky Truck Plant,US,en,Crack & Breakage detected on Daytime Running Lamp (SL-LMP-85771). Identified at Ford Kentucky Truck Plant.,SL Tennessee,US,Lamp Systems,주간주행등,Daytime Running Lamp,SL-LMP-85771,2024-10-23,2024-11-07,2025-01-02,2025-01-06,2025-01-13,확정,크랙·파손,Crack & Breakage,Critical,500,74.57,31319.4
CLM-002134,Hyundai,현대자동차 아산공장,KR,ko,너클(SL-CHS-18830) 부품에서 크랙·파손 발생. Hyundai 현대자동차 아산공장에서 확인됨.,SL 천안공장,KR,Chassis Systems,너클,Steering Knuckle,SL-CHS-18830,2024-05-31,2024-06-04,2025-02-23,2025-03-10,2025-04-09,기각,크랙·파손,Crack & Breakage,Critical,500,39.39,20876.7
CLM-002135,Subaru,Subaru Gunma Oizumi Plant,JP,ja,Inside Mirror（SL-MIR-61388）にMaterial Defectを検出。Subaru Gunma Oizumi Plantにて確認。,SL 옌타이,CN,Mirror Systems,룸미러,Inside Mirror,SL-MIR-61388,2023-12-25,2023-12-28,2025-01-06,2025-01-09,2025-02-19,확정,소재불량,Material Defect,Minor,12,65.24,900.31
CLM-002136,Honda,Honda Marysville Auto Plant,US,en,Other detected on Bonnet Latch (SL-FEM-84163). Identified at Honda Marysville Auto Plant.,SL Alabama,US,Front End Module,본넷래치,Bonnet Latch,SL-FEM-84163,2022-04-23,2022-05-06,2023-05-02,2023-05-05,2023-05-27,기각,기타,Other,Minor,3,12.59,45.7
CLM-002137,Honda,Honda Marysville Auto Plant,US,en,Wiring & Electrical Defect detected on Actuator Motor (SL-ELE-48036). Identified at Honda Marysville Auto Plant.,SL Alabama,US,Electrification,액추에이터모터,Actuator Motor,SL-ELE-48036,2023-03-18,2023-03-21,2023-08-14,2023-08-27,,조사중,배선·전장불량,Wiring & Electrical Defect,Minor,12,41.2,494.4
CLM-002138,GM,GM Korea 창원공장,KR,ko,혼(SL-FEM-30163) 부품에서 기능불량 발생. GM Korea 창원공장에서 확인됨.,SL 대구공장,KR,Front End Module,혼,Horn,SL-FEM-30163,2022-11-03,2022-11-11,2023-01-12,2023-01-26,2023-02-04,기각,기능불량,Functional Failure,Minor,8,32.03,225.49
CLM-002139,BMW,BMW Spartanburg Plant,US,en,Wiring & Electrical Defect detected on Power Window Switch (SL-ELE-62854). Identified at BMW Spartanburg Plant.,SL Brazil,BR,Electrification,파워윈도우스위치,Power Window Switch,SL-ELE-62854,2024-02-18,2024-03-01,2025-01-15,2025-01-24,,조사중,배선·전장불량,Wiring & Electrical Defect,Minor,3,30.85,117.54
CLM-002140,BMW,BMW Munich Plant,DE,de,Foreign Material Contamination bei Stabilizer Link (SL-CHS-23340) festgestellt. Erkannt bei BMW Munich Plant.,SL 미러텍(시흥),KR,Chassis Systems,스태빌라이저링크,Stabilizer Link,SL-CHS-23340,2024-11-12,2024-11-23,2025-05-02,2025-05-14,2025-05-24,기각,이물혼입,Foreign Material Contamination,Minor,5,38.26,221.91
CLM-002141,GM,GM Korea 부평공장,KR,ko,아웃사이드미러(SL-MIR-77814) 부품에서 설계결함 발생. GM Korea 부평공장에서 확인됨.,SL 천안공장,KR,Mirror Systems,아웃사이드미러,Outside Mirror,SL-MIR-77814,2024-07-18,2024-07-27,2024-10-06,2024-10-08,2024-11-14,확정,설계결함,Design Flaw,Minor,5,34.49,184.52
CLM-002142,Subaru,Subaru of Indiana Automotive,US,en,Assembly Defect detected on Steering Knuckle (SL-CHS-32826). Identified at Subaru of Indiana Automotive.,SL 성서공장,KR,Chassis Systems,너클,Steering Knuckle,SL-CHS-32826,2024-07-08,2024-07-13,2025-03-15,2025-03-26,2025-04-08,확정,조립불량,Assembly Defect,Minor,3,22.33,85.08
CLM-002143,KGM,KGM 평택공장,KR,ko,주간주행등(SL-LMP-72139) 부품에서 표면·도금불량 발생. KGM 평택공장에서 확인됨.,SL 천안공장,KR,Lamp Systems,주간주행등,Daytime Running Lamp,SL-LMP-72139,2025-01-30,2025-02-11,2025-02-27,2025-03-12,,조사중,표면·도금불량,Surface & Plating Defect,Critical,500,89.54,56857.9
CLM-002144,BMW,BMW Brilliance Shenyang,CN,zh,在Horn（SL-FEM-16790）上发现Foreign Material Contamination。由BMW Brilliance Shenyang确认。,상해삼립,CN,Front End Module,혼,Horn,SL-FEM-16790,2025-02-04,2025-02-11,2025-10-19,2025-10-21,,조사중,이물혼입,Foreign Material Contamination,Minor,3,29.42,107.68
CLM-002145,Hyundai,현대자동차 아산공장,KR,ko,로어암(SL-CHS-12447) 부품에서 이물혼입 발생. Hyundai 현대자동차 아산공장에서 확인됨.,SL 대구공장,KR,Chassis Systems,로어암,Lower Control Arm,SL-CHS-12447,2025-07-11,2025-07-23,2025-10-06,2025-10-19,2025-10-30,확정,이물혼입,Foreign Material Contamination,Minor,8,18.03,139.91
CLM-002146,Honda,Honda Suzuka Factory,JP,ja,Wiring Harness（SL-ELE-73621）にSurface & Plating Defectを検出。Honda Suzuka Factoryにて確認。,SL Tennessee,US,Electrification,와이어링하네스,Wiring Harness,SL-ELE-73621,2024-05-08,2024-05-18,2025-06-08,2025-06-18,2025-07-02,확정,표면·도금불량,Surface & Plating Defect,Major,100,39.59,4750.8
CLM-002147,Hyundai,Beijing Hyundai Motor (BHMC),CN,zh,在Inside Mirror（SL-MIR-81995）上发现Crack & Breakage。由Beijing Hyundai Motor (BHMC)确认。,SL 옌타이,CN,Mirror Systems,룸미러,Inside Mirror,SL-MIR-81995,2024-08-28,2024-08-31,2025-05-23,2025-05-31,2025-06-05,보상완료,크랙·파손,Crack & Breakage,Minor,3,52.54,145.01
CLM-002148,Honda,Honda Suzuka Factory,JP,ja,Rear Combination Lamp（SL-LMP-90503）にOtherを検出。Honda Suzuka Factoryにて確認。,SL Alabama,US,Lamp Systems,리어콤비램프,Rear Combination Lamp,SL-LMP-90503,2024-03-21,2024-03-31,2025-01-22,2025-01-24,2025-02-23,보상완료,기타,Other,Major,200,37.16,6242.88
CLM-002149,Hyundai,현대자동차 아산공장,KR,ko,안개등(SL-LMP-10896) 부품에서 배선·전장불량 발생. Hyundai 현대자동차 아산공장에서 확인됨.,SL 미러텍(시흥),KR,Lamp Systems,안개등,Fog Lamp,SL-LMP-10896,2024-09-14,2024-09-17,2025-08-19,2025-08-27,2025-08-30,확정,배선·전장불량,Wiring & Electrical Defect,Major,100,84.72,10590.0
CLM-002150,GM,GM Brazil Gravataí,BR,pt,Wiring & Electrical Defect detectado em Steering Knuckle (SL-CHS-59530). Identificado na GM Brazil Gravataí.,SL Brazil,BR,Chassis Systems,너클,Steering Knuckle,SL-CHS-59530,2025-03-14,2025-03-30,2025-10-30,2025-11-02,2025-11-20,보상완료,배선·전장불량,Wiring & Electrical Defect,Minor,1,38.79,48.88
CLM-002151,Kia,Kia India (Anantapur),IN,en,Foreign Material Contamination detected on Sensor Module (SL-ELE-57054). Identified at Kia India (Anantapur).,북경삼립,CN,Electrification,센서모듈,Sensor Module,SL-ELE-57054,2023-06-27,2023-07-05,2024-07-23,2024-07-26,2024-09-04,보상완료,이물혼입,Foreign Material Contamination,Minor,12,14.54,211.12
CLM-002152,Stellantis,Stellantis Toluca Assembly,MX,es,Se detectó Assembly Defect en Steering Knuckle (SL-CHS-22617). Identificado en Stellantis Toluca Assembly.,SL Mexico (SLP),MX,Chassis Systems,너클,Steering Knuckle,SL-CHS-22617,2024-12-26,2025-01-09,2025-04-26,2025-04-28,2025-05-07,보상완료,조립불량,Assembly Defect,Major,200,25.55,4854.5
CLM-002153,Hyundai,현대자동차 아산공장,KR,ko,룸미러(SL-MIR-56593) 부품에서 표면·도금불량 발생. Hyundai 현대자동차 아산공장에서 확인됨.,SL Brazil,BR,Mirror Systems,룸미러,Inside Mirror,SL-MIR-56593,2022-07-30,2022-08-02,2023-01-21,2023-01-26,,조사중,표면·도금불량,Surface & Plating Defect,Major,50,64.15,4009.38
CLM-002154,Hyundai,HMMA (Hyundai Motor Manufacturing Alabama),US,en,Material Defect detected on Tail Lamp (SL-LMP-98923). Identified at HMMA (Hyundai Motor Manufacturing Alabama).,SL Alabama,US,Lamp Systems,후미등,Tail Lamp,SL-LMP-98923,2023-08-11,2023-08-31,2023-12-20,2023-12-22,,조사중,소재불량,Material Defect,Minor,50,29.1,1746.0
CLM-002155,GM,SAIC-GM Shanghai,CN,zh,在Stabilizer Link（SL-CHS-68080）上发现Foreign Material Contamination。由SAIC-GM Shanghai确认。,동풍삼립(우한),CN,Chassis Systems,스태빌라이저링크,Stabilizer Link,SL-CHS-68080,2024-07-31,2024-08-06,2024-10-17,2024-10-19,2024-11-19,보상완료,이물혼입,Foreign Material Contamination,Major,200,25.96,6126.56
CLM-002156,GM,GM Korea 창원공장,KR,ko,아웃사이드미러(SL-MIR-23782) 부품에서 조립불량 발생. GM Korea 창원공장에서 확인됨.,SL 성서공장,KR,Mirror Systems,아웃사이드미러,Outside Mirror,SL-MIR-23782,2022-04-16,2022-05-05,2023-02-03,2023-02-10,2023-02-28,확정,조립불량,Assembly Defect,Minor,20,56.6,1098.04
CLM-002157,KGM,KGM 평택공장,KR,ko,사이드리피터미러(SL-MIR-22520) 부품에서 배선·전장불량 발생. KGM 평택공장에서 확인됨.,SL 진량공장,KR,Mirror Systems,사이드리피터미러,Side Repeater Mirror,SL-MIR-22520,2025-10-20,2025-10-30,2025-11-09,2025-11-21,,조사중,배선·전장불량,Wiring & Electrical Defect,Minor,12,55.76,762.8
CLM-002158,Honda,Honda Marysville Auto Plant,US,en,Material Defect detected on Fog Lamp (SL-LMP-13111). Identified at Honda Marysville Auto Plant.,SL Alabama,US,Lamp Systems,안개등,Fog Lamp,SL-LMP-13111,2022-11-06,2022-11-10,2023-06-28,2023-07-01,2023-07-31,확정,소재불량,Material Defect,Minor,20,66.24,1377.79
CLM-002159,GM,GM Brazil Gravataí,BR,pt,Crack & Breakage detectado em Power Window Switch (SL-ELE-11408). Identificado na GM Brazil Gravataí.,SL Brazil,BR,Electrification,파워윈도우스위치,Power Window Switch,SL-ELE-11408,2023-03-23,2023-03-30,2024-03-05,2024-03-06,2024-04-19,확정,크랙·파손,Crack & Breakage,Major,500,32.3,14696.5
CLM-002160,Hyundai,HMMA (Hyundai Motor Manufacturing Alabama),US,en,Crack & Breakage detected on Lower Control Arm (SL-CHS-15896). Identified at HMMA (Hyundai Motor Manufacturing Alabama).,SL Alabama,US,Chassis Systems,로어암,Lower Control Arm,SL-CHS-15896,2022-08-30,2022-09-14,2023-02-12,2023-02-13,,조사중,크랙·파손,Crack & Breakage,Minor,2,18.58,34.19
CLM-002161,Kia,Kia Georgia Plant,US,en,Functional Failure detected on Bonnet Latch (SL-FEM-99736). Identified at Kia Georgia Plant.,SL Tennessee,US,Front End Module,본넷래치,Bonnet Latch,SL-FEM-99736,2022-09-26,2022-10-06,2023-09-19,2023-09-29,2023-10-29,보상완료,기능불량,Functional Failure,Minor,3,25.74,80.31
CLM-002162,Stellantis,Stellantis Toledo Assembly,US,en,Surface & Plating Defect detected on Power Window Switch (SL-ELE-74370). Identified at Stellantis Toledo Assembly.,SL Poland,PL,Electrification,파워윈도우스위치,Power Window Switch,SL-ELE-74370,2024-08-29,2024-09-15,2025-05-17,2025-06-01,2025-06-08,확정,표면·도금불량,Surface & Plating Defect,Major,100,31.62,3573.06
CLM-002163,Hyundai,현대자동차 아산공장,KR,ko,와이어링하네스(SL-ELE-90573) 부품에서 표면·도금불량 발생. Hyundai 현대자동차 아산공장에서 확인됨.,SL 성서공장,KR,Electrification,와이어링하네스,Wiring Harness,SL-ELE-90573,2024-08-19,2024-08-27,2025-07-23,2025-07-24,2025-08-26,확정,표면·도금불량,Surface & Plating Defect,Minor,1,22.37,19.24
CLM-002164,Kia,기아 광주공장,KR,ko,액추에이터모터(SL-ELE-94567) 부품에서 배선·전장불량 발생. Kia 기아 광주공장에서 확인됨.,SL Brazil,BR,Electrification,액추에이터모터,Actuator Motor,SL-ELE-94567,2024-07-07,2024-07-17,2025-07-23,2025-07-28,,조사중,배선·전장불량,Wiring & Electrical Defect,Major,500,11.38,7283.2
CLM-002165,GM,GM Fort Wayne Assembly,US,en,Other detected on Side Repeater Mirror (SL-MIR-93057). Identified at GM Fort Wayne Assembly.,SL 대구공장,KR,Mirror Systems,사이드리피터미러,Side Repeater Mirror,SL-MIR-93057,2023-01-23,2023-02-10,2023-08-08,2023-08-21,2023-09-14,확정,기타,Other,Minor,5,65.36,277.78
CLM-002166,KGM,KGM 평택공장,KR,ko,아웃사이드미러(SL-MIR-57408) 부품에서 기능불량 발생. KGM 평택공장에서 확인됨.,SL 미러텍(시흥),KR,Mirror Systems,아웃사이드미러,Outside Mirror,SL-MIR-57408,2024-02-10,2024-02-19,2024-07-25,2024-08-07,2024-08-21,확정,기능불량,Functional Failure,Minor,2,53.71,103.12
CLM-002167,Hyundai,HMGMA (Hyundai Motor Group Metaplant America),US,en,Foreign Material Contamination detected on Bumper Beam (SL-FEM-28385). Identified at HMGMA (Hyundai Motor Group Metaplant America).,SL Alabama,US,Front End Module,범퍼빔,Bumper Beam,SL-FEM-28385,2022-03-22,2022-04-08,2023-04-22,2023-05-03,,조사중,이물혼입,Foreign Material Contamination,Minor,5,20.38,115.15
CLM-002168,Hyundai,HMMA (Hyundai Motor Manufacturing Alabama),US,en,Other detected on Side Repeater Mirror (SL-MIR-51891). Identified at HMMA (Hyundai Motor Manufacturing Alabama).,SL Alabama,US,Mirror Systems,사이드리피터미러,Side Repeater Mirror,SL-MIR-51891,2024-02-02,2024-02-06,2024-06-30,2024-07-08,2024-08-13,보상완료,기타,Other,Critical,500,40.66,20939.9
CLM-002169,KGM,KGM 평택공장,KR,ko,전조등(SL-LMP-69707) 부품에서 크랙·파손 발생. KGM 평택공장에서 확인됨.,SL 진량공장,KR,Lamp Systems,전조등,Head Lamp,SL-LMP-69707,2022-10-28,2022-10-31,2023-10-14,2023-10-29,2023-12-10,확정,크랙·파손,Crack & Breakage,Major,50,74.39,3087.18
CLM-002170,Hyundai,현대자동차 아산공장,KR,ko,혼(SL-FEM-97643) 부품에서 조립불량 발생. Hyundai 현대자동차 아산공장에서 확인됨.,SL 미러텍(시흥),KR,Front End Module,혼,Horn,SL-FEM-97643,2024-12-29,2025-01-01,2025-10-04,2025-10-19,2025-10-28,보상완료,조립불량,Assembly Defect,Minor,8,22.9,183.2
CLM-002171,Hyundai,HMGMA (Hyundai Motor Group Metaplant America),US,en,Dimensional Out-of-Spec detected on Bonnet Latch (SL-FEM-48318). Identified at HMGMA (Hyundai Motor Group Metaplant America).,SL Tennessee,US,Front End Module,본넷래치,Bonnet Latch,SL-FEM-48318,2023-12-23,2023-12-27,2024-09-07,2024-09-19,2024-10-27,확정,치수불량,Dimensional Out-of-Spec,Minor,50,10.22,613.2
CLM-002172,KGM,KGM 평택공장,KR,ko,아웃사이드미러(SL-MIR-52768) 부품에서 표면·도금불량 발생. KGM 평택공장에서 확인됨.,SL 대구공장,KR,Mirror Systems,아웃사이드미러,Outside Mirror,SL-MIR-52768,2024-06-30,2024-07-04,2025-08-06,2025-08-18,2025-09-08,확정,표면·도금불량,Surface & Plating Defect,Minor,1,43.18,37.57
CLM-002173,Stellantis,Stellantis Toluca Assembly,MX,es,Se detectó Functional Failure en Actuator Motor (SL-ELE-38021). Identificado en Stellantis Toluca Assembly.,SL Mexico (SLP),MX,Electrification,액추에이터모터,Actuator Motor,SL-ELE-38021,2022-12-04,2022-12-14,2023-04-27,2023-05-06,2023-06-07,보상완료,기능불량,Functional Failure,Major,200,36.77,8604.18
CLM-002174,Subaru,Subaru of Indiana Automotive,US,en,Surface & Plating Defect detected on Bumper Beam (SL-FEM-47029). Identified at Subaru of Indiana Automotive.,SL Alabama,US,Front End Module,범퍼빔,Bumper Beam,SL-FEM-47029,2025-10-08,2025-10-14,2025-12-16,2025-12-31,,조사중,표면·도금불량,Surface & Plating Defect,Minor,1,10.52,10.63
CLM-002175,KGM,KGM 평택공장,KR,ko,스태빌라이저링크(SL-CHS-59670) 부품에서 기능불량 발생. KGM 평택공장에서 확인됨.,SL 안산공장,KR,Chassis Systems,스태빌라이저링크,Stabilizer Link,SL-CHS-59670,2024-11-23,2024-12-12,2025-01-31,2025-02-13,,조사중,기능불량,Functional Failure,Minor,12,31.62,474.3
CLM-002176,GM,GM Korea 부평공장,KR,ko,로어암(SL-CHS-30258) 부품에서 이물혼입 발생. GM Korea 부평공장에서 확인됨.,SL 천안공장,KR,Chassis Systems,로어암,Lower Control Arm,SL-CHS-30258,2024-05-26,2024-06-13,2024-12-26,2024-12-31,,접수,이물혼입,Foreign Material Contamination,Minor,5,24.54,117.79
CLM-002177,Honda,Honda Marysville Auto Plant,US,en,Dimensional Out-of-Spec detected on Lower Control Arm (SL-CHS-93491). Identified at Honda Marysville Auto Plant.,SL Alabama,US,Chassis Systems,로어암,Lower Control Arm,SL-CHS-93491,2023-03-16,2023-03-19,2023-05-17,2023-05-28,,조사중,치수불량,Dimensional Out-of-Spec,Minor,1,28.13,25.88
CLM-002178,Kia,Kia India (Anantapur),IN,en,Surface & Plating Defect detected on Outside Mirror (SL-MIR-19881). Identified at Kia India (Anantapur).,SL Lumax (India),IN,Mirror Systems,아웃사이드미러,Outside Mirror,SL-MIR-19881,2024-05-04,2024-05-12,2024-09-25,2024-10-06,2024-11-06,보상완료,표면·도금불량,Surface & Plating Defect,Minor,12,60.82,788.23
CLM-002179,BMW,BMW Spartanburg Plant,US,en,Material Defect detected on Daytime Running Lamp (SL-LMP-24243). Identified at BMW Spartanburg Plant.,SL 천안공장,KR,Lamp Systems,주간주행등,Daytime Running Lamp,SL-LMP-24243,2023-10-13,2023-10-25,2024-10-02,2024-10-07,2024-11-05,기각,소재불량,Material Defect,Major,100,42.89,5189.69
CLM-002180,Kia,Kia Georgia Plant,US,en,Crack & Breakage detected on Wiring Harness (SL-ELE-62622). Identified at Kia Georgia Plant.,동풍삼립(우한),CN,Electrification,와이어링하네스,Wiring Harness,SL-ELE-62622,2025-10-02,2025-10-16,2025-12-21,2025-12-22,,접수,크랙·파손,Crack & Breakage,Major,200,36.12,8885.52
CLM-002181,Kia,기아 화성공장,KR,ko,룸미러(SL-MIR-82765) 부품에서 표면·도금불량 발생. Kia 기아 화성공장에서 확인됨.,SL 대구공장,KR,Mirror Systems,룸미러,Inside Mirror,SL-MIR-82765,2024-03-20,2024-03-30,2025-01-28,2025-02-11,2025-02-17,확정,표면·도금불량,Surface & Plating Defect,Critical,500,56.84,31546.2
CLM-002182,Honda,Honda Marysville Auto Plant,US,en,Functional Failure detected on Daytime Running Lamp (SL-LMP-51438). Identified at Honda Marysville Auto Plant.,SL Alabama,US,Lamp Systems,주간주행등,Daytime Running Lamp,SL-LMP-51438,2022-07-04,2022-07-23,2023-04-04,2023-04-06,2023-05-19,확정,기능불량,Functional Failure,Minor,5,48.45,288.28
CLM-002183,Stellantis,Stellantis Toledo Assembly,US,en,Surface & Plating Defect detected on Radiator Support (SL-FEM-73232). Identified at Stellantis Toledo Assembly.,SL Alabama,US,Front End Module,라디에이터서포트,Radiator Support,SL-FEM-73232,2023-12-27,2024-01-07,2024-06-02,2024-06-12,2024-07-22,확정,표면·도금불량,Surface & Plating Defect,Minor,1,16.27,15.29
CLM-002184,Hyundai,HMGMA (Hyundai Motor Group Metaplant America),US,en,Functional Failure detected on Stabilizer Link (SL-CHS-66936). Identified at HMGMA (Hyundai Motor Group Metaplant America).,SL Alabama,US,Chassis Systems,스태빌라이저링크,Stabilizer Link,SL-CHS-66936,2022-08-14,2022-08-31,2023-09-15,2023-09-21,2023-10-07,보상완료,기능불량,Functional Failure,Minor,50,31.59,1879.61
CLM-002185,Stellantis,Stellantis Toluca Assembly,MX,es,Se detectó Functional Failure en Rear Combination Lamp (SL-LMP-23195). Identificado en Stellantis Toluca Assembly.,SL Mexico (SLP),MX,Lamp Systems,리어콤비램프,Rear Combination Lamp,SL-LMP-23195,2023-08-09,2023-08-12,2023-10-14,2023-10-29,2023-11-02,보상완료,기능불량,Functional Failure,Minor,3,80.88,225.66
CLM-002186,KGM,KGM 평택공장,KR,ko,범퍼빔(SL-FEM-85170) 부품에서 기타 발생. KGM 평택공장에서 확인됨.,SL 진량공장,KR,Front End Module,범퍼빔,Bumper Beam,SL-FEM-85170,2024-01-07,2024-01-18,2024-03-31,2024-04-08,,조사중,기타,Other,Minor,3,18.72,48.86
CLM-002187,BMW,BMW Leipzig Plant,DE,de,Assembly Defect bei Outside Mirror (SL-MIR-99867) festgestellt. Erkannt bei BMW Leipzig Plant.,SL 옌타이,CN,Mirror Systems,아웃사이드미러,Outside Mirror,SL-MIR-99867,2024-02-11,2024-02-15,2025-03-18,2025-03-22,,조사중,조립불량,Assembly Defect,Critical,500,61.26,35837.1
CLM-002188,KGM,KGM 평택공장,KR,ko,룸미러(SL-MIR-82982) 부품에서 기능불량 발생. KGM 평택공장에서 확인됨.,SL 안산공장,KR,Mirror Systems,룸미러,Inside Mirror,SL-MIR-82982,2024-10-04,2024-10-14,2025-01-02,2025-01-09,,조사중,기능불량,Functional Failure,Major,200,65.52,14152.32
CLM-002189,Ford,Ford-Werke Cologne,DE,de,Functional Failure bei Sensor Module (SL-ELE-91681) festgestellt. Erkannt bei Ford-Werke Cologne.,SL 옌타이,CN,Electrification,센서모듈,Sensor Module,SL-ELE-91681,2024-04-17,2024-05-06,2024-12-26,2025-01-10,,조사중,기능불량,Functional Failure,Minor,5,42.65,223.91
CLM-002190,Honda,Honda Marysville Auto Plant,US,en,Dimensional Out-of-Spec detected on Outside Mirror (SL-MIR-99492). Identified at Honda Marysville Auto Plant.,SL Tennessee,US,Mirror Systems,아웃사이드미러,Outside Mirror,SL-MIR-99492,2024-07-06,2024-07-14,2024-07-27,2024-07-31,2024-08-16,확정,치수불량,Dimensional Out-of-Spec,Critical,500,65.71,34169.2
CLM-002191,Hyundai,HMGMA (Hyundai Motor Group Metaplant America),US,en,Material Defect detected on Fog Lamp (SL-LMP-15299). Identified at HMGMA (Hyundai Motor Group Metaplant America).,북경삼립,CN,Lamp Systems,안개등,Fog Lamp,SL-LMP-15299,2023-07-01,2023-07-16,2024-07-23,2024-07-29,2024-08-07,기각,소재불량,Material Defect,Minor,3,60.91,168.11
CLM-002192,Hyundai,현대자동차 울산공장,KR,ko,후미등(SL-LMP-27204) 부품에서 크랙·파손 발생. Hyundai 현대자동차 울산공장에서 확인됨.,상해삼립,CN,Lamp Systems,후미등,Tail Lamp,SL-LMP-27204,2024-12-14,2024-12-22,2025-12-25,2025-12-26,,접수,크랙·파손,Crack & Breakage,Critical,500,66.37,36171.65
CLM-002193,Hyundai,Beijing Hyundai Motor (BHMC),CN,zh,在Radiator Support（SL-FEM-74273）上发现Crack & Breakage。由Beijing Hyundai Motor (BHMC)确认。,SL 성서공장,KR,Front End Module,라디에이터서포트,Radiator Support,SL-FEM-74273,2025-04-18,2025-04-26,2025-09-13,2025-09-17,2025-10-10,기각,크랙·파손,Crack & Breakage,Minor,5,32.59,148.28
CLM-002194,BMW,BMW Brilliance Shenyang,CN,zh,在Wiring Harness（SL-ELE-89680）上发现Material Defect。由BMW Brilliance Shenyang确认。,상해삼립,CN,Electrification,와이어링하네스,Wiring Harness,SL-ELE-89680,2024-03-29,2024-04-06,2025-05-06,2025-05-08,2025-06-02,보상완료,소재불량,Material Defect,Minor,1,10.54,10.43
CLM-002195,GM,GM Korea 창원공장,KR,ko,스태빌라이저링크(SL-CHS-78409) 부품에서 표면·도금불량 발생. GM Korea 창원공장에서 확인됨.,SL 미러텍(시흥),KR,Chassis Systems,스태빌라이저링크,Stabilizer Link,SL-CHS-78409,2024-04-27,2024-05-12,2025-02-28,2025-03-13,2025-04-06,보상완료,표면·도금불량,Surface & Plating Defect,Minor,50,14.25,890.62
CLM-002196,GM,GM Korea 부평공장,KR,ko,아웃사이드미러(SL-MIR-83441) 부품에서 기타 발생. GM Korea 부평공장에서 확인됨.,상해삼립,CN,Mirror Systems,아웃사이드미러,Outside Mirror,SL-MIR-83441,2023-12-11,2023-12-31,2024-02-03,2024-02-11,2024-03-27,확정,기타,Other,Minor,12,22.59,300.9
CLM-002197,Stellantis,Stellantis Sterling Heights Assembly,US,en,Assembly Defect detected on Side Repeater Mirror (SL-MIR-72434). Identified at Stellantis Sterling Heights Assembly.,SL Tennessee,US,Mirror Systems,사이드리피터미러,Side Repeater Mirror,SL-MIR-72434,2023-09-06,2023-09-11,2024-01-30,2024-02-11,2024-03-06,확정,조립불량,Assembly Defect,Minor,3,54.22,167.54
CLM-002198,Honda,Honda Suzuka Factory,JP,ja,Inside Mirror（SL-MIR-81317）にWiring & Electrical Defectを検出。Honda Suzuka Factoryにて確認。,호북삼립,CN,Mirror Systems,룸미러,Inside Mirror,SL-MIR-81317,2023-02-02,2023-02-06,2023-02-07,2023-02-15,2023-02-19,확정,배선·전장불량,Wiring & Electrical Defect,Critical,500,51.41,21592.2
CLM-002199,Hyundai,현대자동차 울산공장,KR,ko,아웃사이드미러(SL-MIR-88146) 부품에서 표면·도금불량 발생. Hyundai 현대자동차 울산공장에서 확인됨.,SL 안산공장,KR,Mirror Systems,아웃사이드미러,Outside Mirror,SL-MIR-88146,2023-12-21,2024-01-06,2024-10-24,2024-11-06,,조사중,표면·도금불량,Surface & Plating Defect,Minor,5,23.77,114.1
CLM-002200,BMW,BMW Brilliance Shenyang,CN,zh,在Horn（SL-FEM-68389）上发现Wiring & Electrical Defect。由BMW Brilliance Shenyang确认。,SL 천안공장,KR,Front End Module,혼,Horn,SL-FEM-68389,2022-11-12,2022-11-20,2023-03-02,2023-03-06,,접수,배선·전장불량,Wiring & Electrical Defect,Minor,100,22.54,2704.8
